instancia,iteracao,formiga,melhor_custo,custo_atual,tempo_decorrido
Tai256c,0,0,54347826,54347826,0.432
Tai256c,0,1,54057642,54057642,0.826
Tai256c,0,2,52988870,52988870,1.156
Tai256c,0,3,52641478,52641478,1.526
Tai256c,0,4,52641478,53802996,1.97
Tai256c,0,5,51672258,51672258,2.283
Tai256c,0,6,51672258,53154952,2.651
Tai256c,0,7,51672258,53534674,2.998
Tai256c,0,-1,51672258,51672258,3.006
Tai256c,1,0,51672258,52139290,3.341
Tai256c,1,1,51672258,55497636,3.691
Tai256c,1,2,51672258,54343588,4.023
Tai256c,1,3,51672258,52165858,4.386
Tai256c,1,4,51672258,53161894,4.75
Tai256c,1,5,51672258,52451352,5.124
Tai256c,1,6,51188572,51188572,5.484
Tai256c,1,7,51188572,53727580,5.854
Tai256c,1,-1,51188572,51188572,5.859
Tai256c,2,0,51188572,54817984,6.208
Tai256c,2,1,51188572,54021208,6.554
Tai256c,2,2,51188572,53286606,6.881
Tai256c,2,3,51188572,51846236,7.241
Tai256c,2,4,51188572,52948336,7.609
Tai256c,2,5,51188572,54000826,7.959
Tai256c,2,6,51188572,51786908,8.326
Tai256c,2,7,51188572,53507890,8.672
Tai256c,2,-1,51188572,51786908,8.677
Tai256c,3,0,51188572,53860846,9.044
Tai256c,3,1,51188572,53643600,9.407
Tai256c,3,2,51188572,53697472,9.756
Tai256c,3,3,51188572,55004414,10.106
Tai256c,3,4,51188572,51806628,10.429
Tai256c,3,5,51188572,54509474,10.798
Tai256c,3,6,51188572,53091346,11.14
Tai256c,3,7,51188572,52934140,11.502
Tai256c,3,-1,51188572,51806628,11.51
Tai256c,4,0,51188572,53561872,11.851
Tai256c,4,1,51188572,53358126,12.218
Tai256c,4,2,51188572,53932412,12.576
Tai256c,4,3,51188572,52693200,12.94
Tai256c,4,4,51188572,55216348,13.32
Tai256c,4,5,51188572,53965182,13.687
Tai256c,4,6,51188572,52357610,14.041
Tai256c,4,7,51188572,53211552,14.405
Tai256c,4,-1,51188572,52357610,14.41
Tai256c,5,0,51188572,53553034,14.772
Tai256c,5,1,51188572,51619276,15.134
Tai256c,5,2,51188572,54377706,15.468
Tai256c,5,3,51188572,53069932,15.797
Tai256c,5,4,51188572,53323756,16.15
Tai256c,5,5,51099590,51099590,16.504
Tai256c,5,6,51099590,53071262,16.863
Tai256c,5,7,51099590,51840586,17.246
Tai256c,5,-1,51099590,51099590,17.255
Tai256c,6,0,51099590,53740830,17.627
Tai256c,6,1,51099590,53581502,17.959
Tai256c,6,2,51099590,53915392,18.336
Tai256c,6,3,51099590,52907256,18.694
Tai256c,6,4,51099590,52608246,19.034
Tai256c,6,5,51099590,53089900,19.385
Tai256c,6,6,51099590,52563122,19.738
Tai256c,6,7,51099590,53352440,20.077
Tai256c,6,-1,51099590,52563122,20.083
Tai256c,7,0,51099590,55686164,20.42
Tai256c,7,1,51099590,51927272,20.802
Tai256c,7,2,51099590,53322702,21.166
Tai256c,7,3,51099590,54843878,21.542
Tai256c,7,4,51099590,52056226,21.899
Tai256c,7,5,51099590,55525414,22.268
Tai256c,7,6,51099590,52781178,22.626
Tai256c,7,7,51099590,54102162,22.996
Tai256c,7,-1,51099590,51927272,23.003
Tai256c,8,0,51099590,52664850,23.362
Tai256c,8,1,51099590,52153886,23.726
Tai256c,8,2,51099590,51682682,24.085
Tai256c,8,3,51099590,54815484,24.442
Tai256c,8,4,51099590,53247984,24.777
Tai256c,8,5,51099590,53530954,25.114
Tai256c,8,6,51099590,52851164,25.462
Tai256c,8,7,51099590,53645534,25.836
Tai256c,8,-1,51099590,51682682,25.841
Tai256c,9,0,51099590,53388866,26.218
Tai256c,9,1,51099590,53446474,26.59
Tai256c,9,2,51099590,53040132,26.968
Tai256c,9,3,51099590,53563788,27.317
Tai256c,9,4,51099590,52104616,27.703
Tai256c,9,5,51099590,51852092,28.069
Tai256c,9,6,51099590,53258186,28.442
Tai256c,9,7,51099590,53015692,28.802
Tai256c,9,-1,51099590,51852092,28.81
Tai256c,10,0,51099590,53370114,29.131
Tai256c,10,1,51099590,53303758,29.481
Tai256c,10,2,51099590,52004246,29.843
Tai256c,10,3,51099590,52368474,30.176
Tai256c,10,4,51099590,53901310,30.549
Tai256c,10,5,51099590,56435644,30.915
Tai256c,10,6,51099590,53219450,31.247
Tai256c,10,7,51099590,54474936,31.621
Tai256c,10,-1,51099590,52004246,31.628
Tai256c,11,0,51099590,53941792,31.995
Tai256c,11,1,51099590,53246188,32.371
Tai256c,11,2,51099590,54282952,32.726
Tai256c,11,3,51099590,51244852,33.094
Tai256c,11,4,51099590,51599164,33.468
Tai256c,11,5,51099590,53221758,33.836
Tai256c,11,6,51099590,52401578,34.201
Tai256c,11,7,51099590,52989860,34.556
Tai256c,11,-1,51099590,51244852,34.563
Tai256c,12,0,51099590,54737356,34.918
Tai256c,12,1,51099590,53904874,35.283
Tai256c,12,2,51099590,51860670,35.615
Tai256c,12,3,51099590,54660536,35.977
Tai256c,12,4,51099590,53701692,36.349
Tai256c,12,5,51099590,53512404,36.687
Tai256c,12,6,51099590,53595066,37.055
Tai256c,12,7,51099590,52659642,37.415
Tai256c,12,-1,51099590,51860670,37.421
Tai256c,13,0,51099590,53772356,37.791
Tai256c,13,1,51099590,52374330,38.165
Tai256c,13,2,51099590,52136786,38.523
Tai256c,13,3,51099590,51972588,38.903
Tai256c,13,4,51099590,52683536,39.266
Tai256c,13,5,51099590,53849336,39.653
Tai256c,13,6,51099590,53120080,39.985
Tai256c,13,7,51099590,53262642,40.352
Tai256c,13,-1,51099590,51972588,40.36
Tai256c,14,0,51099590,54331758,40.709
Tai256c,14,1,51099590,52759228,41.079
Tai256c,14,2,51099590,55638160,41.44
Tai256c,14,3,51099590,53038084,41.789
Tai256c,14,4,51099590,54218726,42.137
Tai256c,14,5,51099590,52730190,42.519
Tai256c,14,6,51099590,51287274,42.879
Tai256c,14,7,51099590,53328392,43.252
Tai256c,14,-1,51099590,51287274,43.26
Tai256c,15,0,51099590,52363162,43.616
Tai256c,15,1,51099590,53825682,43.99
Tai256c,15,2,51099590,53156460,44.358
Tai256c,15,3,51099590,53468592,44.713
Tai256c,15,4,51099590,55371006,45.048
Tai256c,15,5,51099590,52242250,45.555
Tai256c,15,6,51099590,53029234,45.889
Tai256c,15,7,51099590,54549628,46.24
Tai256c,15,-1,51099590,52242250,46.246
Tai256c,16,0,51099590,52233956,46.595
Tai256c,16,1,51099590,55408650,46.955
Tai256c,16,2,51099590,51828176,47.317
Tai256c,16,3,51099590,55763688,47.678
Tai256c,16,4,51099590,54028324,48.032
Tai256c,16,5,51099590,53714544,48.368
Tai256c,16,6,51099590,52380258,48.716
Tai256c,16,7,51099590,52233766,49.101
Tai256c,16,-1,51099590,51828176,49.11
Tai256c,17,0,51099590,52190942,49.471
Tai256c,17,1,51099590,52339642,49.83
Tai256c,17,2,51099590,51579140,50.194
Tai256c,17,3,51099590,54734768,50.554
Tai256c,17,4,51099590,52367648,50.887
Tai256c,17,5,51099590,52492322,51.264
Tai256c,17,6,51099590,52001058,51.62
Tai256c,17,7,51099590,53626948,51.978
Tai256c,17,-1,51099590,51579140,51.983
Tai256c,18,0,51099590,52372012,52.347
Tai256c,18,1,51099590,51616460,52.717
Tai256c,18,2,51099590,53405362,53.088
Tai256c,18,3,51099590,53715076,53.459
Tai256c,18,4,51099590,53454994,53.815
Tai256c,18,5,51099590,53797804,54.191
Tai256c,18,6,51099590,53003048,54.546
Tai256c,18,7,51099590,51789484,54.897
Tai256c,18,-1,51099590,51616460,54.904
Tai256c,19,0,51099590,51969138,55.261
Tai256c,19,1,51099590,55112704,55.606
Tai256c,19,2,51099590,51914730,55.958
Tai256c,19,3,51099590,52206238,56.31
Tai256c,19,4,51099590,53813182,56.66
Tai256c,19,5,51099590,52485260,56.984
Tai256c,19,6,51099590,53831314,57.36
Tai256c,19,7,51099590,55109510,57.733
Tai256c,19,-1,51099590,51914730,57.738
Tai256c,20,0,51099590,51927302,58.101
Tai256c,20,1,51099590,53045380,58.472
Tai256c,20,2,51099590,52946562,58.824
Tai256c,20,3,51099590,52313374,59.172
Tai256c,20,4,51099590,54433410,59.519
Tai256c,20,5,51099590,52982122,59.875
Tai256c,20,6,51099590,51933404,60.219
Tai256c,20,7,51099590,55439206,60.579
Tai256c,20,-1,51099590,51927302,60.585
Tai256c,21,0,51099590,51756388,60.938
Tai256c,21,1,51099590,52600490,61.291
Tai256c,21,2,51099590,53659410,61.667
Tai256c,21,3,51099590,52836330,62.01
Tai256c,21,4,51099590,52754296,62.371
Tai256c,21,5,51099590,53955778,62.695
Tai256c,21,6,51099590,52959578,63.039
Tai256c,21,7,51099590,52353906,63.403
Tai256c,21,-1,51099590,51756388,63.408
Tai256c,22,0,51099590,54351702,63.769
Tai256c,22,1,51099590,52265398,64.093
Tai256c,22,2,51099590,52391942,64.429
Tai256c,22,3,50551398,50551398,64.783
Tai256c,22,4,50551398,53370174,65.134
Tai256c,22,5,50551398,53883424,65.508
Tai256c,22,6,50551398,55029718,65.888
Tai256c,22,7,50551398,53818918,66.241
Tai256c,22,-1,50551398,50551398,66.249
Tai256c,23,0,50551398,51843734,66.592
Tai256c,23,1,50551398,52797126,66.921
Tai256c,23,2,50551398,52037544,67.249
Tai256c,23,3,50551398,53888928,67.616
Tai256c,23,4,50551398,51367212,67.956
Tai256c,23,5,50551398,53766834,68.321
Tai256c,23,6,50551398,53350606,68.658
Tai256c,23,7,50551398,51871584,68.998
Tai256c,23,-1,50551398,51367212,69.005
Tai256c,24,0,50551398,54481992,69.346
Tai256c,24,1,50551398,52938148,69.727
Tai256c,24,2,50551398,53737962,70.109
Tai256c,24,3,50551398,54079102,70.478
Tai256c,24,4,50551398,52746838,70.846
Tai256c,24,5,50551398,55721372,71.216
Tai256c,24,6,50551398,54189896,71.526
Tai256c,24,7,50551398,54841874,71.881
Tai256c,24,-1,50551398,52746838,71.888
Tai256c,25,0,50551398,52906456,72.226
Tai256c,25,1,50551398,55558240,72.574
Tai256c,25,2,50551398,55348678,72.94
Tai256c,25,3,50551398,54368268,73.282
Tai256c,25,4,50551398,54891098,73.642
Tai256c,25,5,50551398,54322486,73.957
Tai256c,25,6,50551398,52646728,74.298
Tai256c,25,7,50551398,53604464,74.65
Tai256c,25,-1,50551398,52646728,74.658
Tai256c,26,0,50551398,52467328,74.996
Tai256c,26,1,50551398,53884390,75.333
Tai256c,26,2,50551398,53488758,75.688
Tai256c,26,3,50551398,53734614,75.999
Tai256c,26,4,50551398,52956762,76.34
Tai256c,26,5,50551398,53604086,76.71
Tai256c,26,6,50551398,54713182,77.084
Tai256c,26,7,50551398,51653642,77.435
Tai256c,26,-1,50551398,51653642,77.442
Tai256c,27,0,50551398,54074454,77.79
Tai256c,27,1,50551398,53567792,78.163
Tai256c,27,2,50384214,50384214,78.498
Tai256c,27,3,50384214,54380290,78.859
Tai256c,27,4,50384214,52792980,79.169
Tai256c,27,5,50384214,53363160,79.544
Tai256c,27,6,50384214,53139016,79.924
Tai256c,27,7,50384214,51616928,80.263
Tai256c,27,-1,50384214,50384214,80.266
Tai256c,28,0,50384214,52311438,80.62
Tai256c,28,1,50384214,51536348,80.98
Tai256c,28,2,50384214,54246448,81.345
Tai256c,28,3,50384214,53093936,81.706
Tai256c,28,4,50384214,53277210,82.053
Tai256c,28,5,50384214,52730214,82.402
Tai256c,28,6,50384214,52344370,82.78
Tai256c,28,7,50384214,53899994,83.156
Tai256c,28,-1,50384214,51536348,83.163
Tai256c,29,0,50384214,53105958,83.586
Tai256c,29,1,50384214,52114514,83.935
Tai256c,29,2,50384214,52761948,84.242
Tai256c,29,3,50384214,53185102,84.615
Tai256c,29,4,50384214,53750794,84.94
Tai256c,29,5,50384214,54223562,85.259
Tai256c,29,6,50384214,53061934,85.631
Tai256c,29,7,50384214,55175036,86.002
Tai256c,29,-1,50384214,52114514,86.01
Tai256c,30,0,50384214,55638690,86.361
Tai256c,30,1,50384214,54617174,86.736
Tai256c,30,2,50384214,53746610,87.163
Tai256c,30,3,50384214,53535612,87.594
Tai256c,30,4,50384214,54186330,88.087
Tai256c,30,5,50384214,55158954,88.373
Tai256c,30,6,50384214,52372404,88.702
Tai256c,30,7,50384214,53201288,89.041
Tai256c,30,-1,50384214,52372404,89.048
Tai256c,31,0,50384214,53737336,89.376
Tai256c,31,1,50384214,52079638,89.74
Tai256c,31,2,50384214,52416862,90.106
Tai256c,31,3,50384214,52838526,90.464
Tai256c,31,4,50384214,53892756,90.817
Tai256c,31,5,50384214,51745118,91.226
Tai256c,31,6,50384214,53698502,91.594
Tai256c,31,7,50384214,54703196,91.945
Tai256c,31,-1,50384214,51745118,91.953
Tai256c,32,0,50384214,52225364,92.251
Tai256c,32,1,50384214,53850674,92.594
Tai256c,32,2,50384214,52089740,92.947
Tai256c,32,3,50384214,53164040,93.296
Tai256c,32,4,50384214,54910194,93.655
Tai256c,32,5,50384214,53320002,94.001
Tai256c,32,6,50384214,54294370,94.362
Tai256c,32,7,50384214,52936612,94.718
Tai256c,32,-1,50384214,52089740,94.727
Tai256c,33,0,50384214,53607552,95.077
Tai256c,33,1,50384214,51536294,95.43
Tai256c,33,2,50384214,51596200,95.762
Tai256c,33,3,50384214,52658552,96.115
Tai256c,33,4,50384214,54516306,96.447
Tai256c,33,5,50384214,55410332,96.788
Tai256c,33,6,50384214,53605768,97.16
Tai256c,33,7,50384214,52380014,97.491
Tai256c,33,-1,50384214,51536294,97.498
Tai256c,34,0,50384214,52779552,97.826
Tai256c,34,1,50384214,56358846,98.168
Tai256c,34,2,50384214,53657508,98.512
Tai256c,34,3,50384214,52581602,98.832
Tai256c,34,4,50384214,52665718,99.136
Tai256c,34,5,50384214,53370180,99.496
Tai256c,34,6,50384214,52892822,99.875
Tai256c,34,7,50384214,51718626,100.206
Tai256c,34,-1,50384214,51718626,100.214
Tai256c,35,0,50384214,53286338,100.57
Tai256c,35,1,50384214,52463488,100.929
Tai256c,35,2,50384214,51407744,101.273
Tai256c,35,3,50384214,54890380,101.607
Tai256c,35,4,50384214,53624610,101.948
Tai256c,35,5,50384214,54905830,102.29
Tai256c,35,6,50384214,51643520,102.651
Tai256c,35,7,50384214,50884894,102.968
Tai256c,35,-1,50384214,50884894,102.975
Tai256c,36,0,50384214,53241318,103.337
Tai256c,36,1,50384214,53119184,103.675
Tai256c,36,2,50384214,53825918,104.031
Tai256c,36,3,50384214,53816404,104.391
Tai256c,36,4,50384214,54612374,104.768
Tai256c,36,5,50384214,53241722,105.126
Tai256c,36,6,50384214,54729152,105.466
Tai256c,36,7,50384214,54525934,105.845
Tai256c,36,-1,50384214,53119184,105.849
Tai256c,37,0,50384214,54123016,106.199
Tai256c,37,1,50384214,52568610,106.556
Tai256c,37,2,50384214,53548558,106.919
Tai256c,37,3,50384214,54728604,107.307
Tai256c,37,4,50384214,52193388,107.676
Tai256c,37,5,50384214,53511382,108.038
Tai256c,37,6,50384214,54093152,108.414
Tai256c,37,7,50384214,52224606,108.779
Tai256c,37,-1,50384214,52193388,108.786
Tai256c,38,0,50384214,52002860,109.161
Tai256c,38,1,50384214,55777862,109.507
Tai256c,38,2,50384214,52687690,109.876
Tai256c,38,3,50384214,51960064,110.154
Tai256c,38,4,50384214,51865754,110.491
Tai256c,38,5,50384214,54035158,110.81
Tai256c,38,6,50384214,54180358,111.16
Tai256c,38,7,50384214,51959512,111.523
Tai256c,38,-1,50384214,51865754,111.531
Tai256c,39,0,50384214,54158636,111.907
Tai256c,39,1,50384214,51784300,112.238
Tai256c,39,2,50384214,55087180,112.591
Tai256c,39,3,50384214,53451560,112.94
Tai256c,39,4,50384214,52637058,113.298
Tai256c,39,5,50384214,53046634,113.648
Tai256c,39,6,50384214,53191086,114.024
Tai256c,39,7,50384214,52000786,114.397
Tai256c,39,-1,50384214,51784300,114.402
Tai256c,40,0,50384214,54180898,114.754
Tai256c,40,1,50384214,53560128,115.141
Tai256c,40,2,50384214,54802404,115.476
Tai256c,40,3,50384214,53172724,115.81
Tai256c,40,4,50384214,52751266,116.163
Tai256c,40,5,50384214,53995776,116.528
Tai256c,40,6,50384214,54298594,116.888
Tai256c,40,7,50384214,52937966,117.235
Tai256c,40,-1,50384214,52751266,117.24
Tai256c,41,0,50384214,55009970,117.608
Tai256c,41,1,50384214,53095830,117.971
Tai256c,41,2,50384214,52978436,118.336
Tai256c,41,3,50384214,53050350,118.695
Tai256c,41,4,50384214,53586052,119.055
Tai256c,41,5,50384214,53414210,119.411
Tai256c,41,6,50384214,53641234,119.768
Tai256c,41,7,50384214,53297958,120.12
Tai256c,41,-1,50384214,52978436,120.126
Tai256c,42,0,50384214,52989090,120.479
Tai256c,42,1,50384214,54129510,120.842
Tai256c,42,2,50384214,56170630,121.206
Tai256c,42,3,50384214,52257588,121.556
Tai256c,42,4,50384214,54589928,121.885
Tai256c,42,5,50384214,53530142,122.24
Tai256c,42,6,50384214,53676604,122.59
Tai256c,42,7,50384214,52990156,122.97
Tai256c,42,-1,50384214,52257588,122.978
Tai256c,43,0,50384214,53355274,123.339
Tai256c,43,1,50384214,51921014,123.701
Tai256c,43,2,50384214,54671784,124.075
Tai256c,43,3,50384214,55121294,124.416
Tai256c,43,4,50384214,54827748,124.762
Tai256c,43,5,50384214,54003782,125.127
Tai256c,43,6,50384214,52657778,125.482
Tai256c,43,7,50384214,53553958,125.858
Tai256c,43,-1,50384214,51921014,125.866
Tai256c,44,0,50384214,53757244,126.236
Tai256c,44,1,50384214,54245874,126.611
Tai256c,44,2,50384214,55541090,126.974
Tai256c,44,3,50384214,53276180,127.279
Tai256c,44,4,50384214,52680416,127.567
Tai256c,44,5,50384214,54382816,127.945
Tai256c,44,6,50384214,54255096,128.311
Tai256c,44,7,50384214,53445452,128.689
Tai256c,44,-1,50384214,52680416,128.697
Tai256c,45,0,50384214,54861184,129.076
Tai256c,45,1,50384214,52522856,129.432
Tai256c,45,2,50384214,52595306,129.805
Tai256c,45,3,50384214,54304828,130.173
Tai256c,45,4,50384214,53680736,130.552
Tai256c,45,5,50384214,54838272,130.924
Tai256c,45,6,50384214,51607636,131.306
Tai256c,45,7,50384214,52101850,131.658
Tai256c,45,-1,50384214,51607636,131.665
Tai256c,46,0,50384214,53466632,131.961
Tai256c,46,1,50384214,52299886,132.336
Tai256c,46,2,50384214,52659588,132.706
Tai256c,46,3,50384214,52951500,133.085
Tai256c,46,4,50384214,54551114,133.453
Tai256c,46,5,50384214,52166490,133.792
Tai256c,46,6,50384214,56721276,134.135
Tai256c,46,7,50384214,53006970,134.496
Tai256c,46,-1,50384214,52166490,134.503
Tai256c,47,0,50384214,55176332,134.854
Tai256c,47,1,50384214,52249750,135.21
Tai256c,47,2,50384214,54668444,135.579
Tai256c,47,3,50384214,53662158,135.938
Tai256c,47,4,50384214,52574112,136.302
Tai256c,47,5,50384214,54388496,136.743
Tai256c,47,6,50384214,53271096,137.118
Tai256c,47,7,50384214,53034678,137.491
Tai256c,47,-1,50384214,52249750,137.497
Tai256c,48,0,50384214,53043852,137.866
Tai256c,48,1,50384214,52370748,138.216
Tai256c,48,2,50384214,53112386,138.545
Tai256c,48,3,50384214,51908064,138.91
Tai256c,48,4,50384214,52230626,139.28
Tai256c,48,5,50384214,52558220,139.628
Tai256c,48,6,50384214,53147128,139.962
Tai256c,48,7,50384214,53307578,140.321
Tai256c,48,-1,50384214,51908064,140.328
Tai256c,49,0,50384214,53623672,140.683
Tai256c,49,1,50384214,52953732,141.036
Tai256c,49,2,50384214,53636292,141.405
Tai256c,49,3,50384214,53247228,141.76
Tai256c,49,4,50384214,53537378,142.125
Tai256c,49,5,50384214,52847922,142.467
Tai256c,49,6,50384214,56390574,142.843
Tai256c,49,7,50384214,52347260,143.191
Tai256c,49,-1,50384214,52347260,143.199
Tai256c,50,0,50384214,53223028,143.559
Tai256c,50,1,50384214,55612750,143.93
Tai256c,50,2,50384214,52564940,144.298
Tai256c,50,3,50384214,52032812,144.669
Tai256c,50,4,50384214,53895822,145.014
Tai256c,50,5,50384214,54325378,145.365
Tai256c,50,6,50384214,54401970,145.742
Tai256c,50,7,50384214,54661114,146.085
Tai256c,50,-1,50384214,52032812,146.093
Tai256c,51,0,50384214,55195036,146.467
Tai256c,51,1,50384214,53025714,146.828
Tai256c,51,2,50384214,54403484,147.186
Tai256c,51,3,50384214,54007018,147.554
Tai256c,51,4,50384214,51645160,147.931
Tai256c,51,5,50384214,53380214,148.292
Tai256c,51,6,50384214,54357234,148.632
Tai256c,51,7,50384214,52658022,148.986
Tai256c,51,-1,50384214,51645160,148.995
Tai256c,52,0,50384214,54214122,149.345
Tai256c,52,1,50384214,51841056,149.709
Tai256c,52,2,50384214,54582656,150.048
Tai256c,52,3,50384214,54327778,150.422
Tai256c,52,4,50384214,52723902,150.782
Tai256c,52,5,50384214,53457700,151.152
Tai256c,52,6,50384214,51966334,151.503
Tai256c,52,7,50384214,53522026,151.835
Tai256c,52,-1,50384214,51841056,151.841
Tai256c,53,0,50384214,51431416,152.2
Tai256c,53,1,50384214,53260050,152.575
Tai256c,53,2,50384214,57002962,152.93
Tai256c,53,3,50384214,54509572,153.309
Tai256c,53,4,50384214,54848546,153.678
Tai256c,53,5,50384214,52832390,154.043
Tai256c,53,6,50384214,51395926,154.414
Tai256c,53,7,50384214,52260224,154.781
Tai256c,53,-1,50384214,51395926,154.786
Tai256c,54,0,50384214,52548250,155.167
Tai256c,54,1,50384214,54340684,155.529
Tai256c,54,2,50384214,52092440,155.88
Tai256c,54,3,50384214,52365588,156.249
Tai256c,54,4,50384214,51986504,156.619
Tai256c,54,5,50384214,53572384,156.999
Tai256c,54,6,50384214,54710778,157.364
Tai256c,54,7,50384214,54186902,157.751
Tai256c,54,-1,50384214,51986504,157.756
Tai256c,55,0,50384214,52556762,158.129
Tai256c,55,1,50384214,53899220,158.478
Tai256c,55,2,50384214,52835014,158.866
Tai256c,55,3,50384214,55055214,159.216
Tai256c,55,4,50384214,56464294,159.581
Tai256c,55,5,50384214,52764866,159.943
Tai256c,55,6,50384214,52670934,160.309
Tai256c,55,7,50384214,51332370,160.679
Tai256c,55,-1,50384214,51332370,160.686
Tai256c,56,0,50384214,54663614,161.045
Tai256c,56,1,50384214,52051316,161.418
Tai256c,56,2,50384214,54747138,161.773
Tai256c,56,3,50384214,54168388,162.14
Tai256c,56,4,50384214,53141092,162.477
Tai256c,56,5,50384214,53414550,162.85
Tai256c,56,6,50384214,51895448,163.238
Tai256c,56,7,50384214,52325520,163.59
Tai256c,56,-1,50384214,51895448,163.599
Tai256c,57,0,50384214,53131048,163.965
Tai256c,57,1,50384214,52248970,164.325
Tai256c,57,2,50384214,52960884,164.71
Tai256c,57,3,50384214,53729402,165.059
Tai256c,57,4,50384214,52491186,165.411
Tai256c,57,5,50384214,51708740,165.776
Tai256c,57,6,50384214,53533280,166.14
Tai256c,57,7,50384214,54394756,166.484
Tai256c,57,-1,50384214,51708740,166.489
Tai256c,58,0,50384214,53776814,166.859
Tai256c,58,1,50384214,54362892,167.234
Tai256c,58,2,50384214,51651272,167.605
Tai256c,58,3,50384214,54904896,167.982
Tai256c,58,4,50384214,54865102,168.349
Tai256c,58,5,50384214,54159314,168.727
Tai256c,58,6,50384214,52812148,169.086
Tai256c,58,7,50384214,52916202,169.459
Tai256c,58,-1,50384214,51651272,169.465
Tai256c,59,0,50384214,55446510,169.826
Tai256c,59,1,50384214,54150360,170.193
Tai256c,59,2,50384214,53686998,170.548
Tai256c,59,3,50384214,54018002,170.9
Tai256c,59,4,50384214,54584808,171.236
Tai256c,59,5,50384214,52029374,171.604
Tai256c,59,6,50384214,53789852,171.964
Tai256c,59,7,50384214,52869054,172.321
Tai256c,59,-1,50384214,52029374,172.328
Tai256c,60,0,50384214,53743964,172.692
Tai256c,60,1,50384214,53881328,173.025
Tai256c,60,2,50384214,53940520,173.348
Tai256c,60,3,50384214,54141044,173.685
Tai256c,60,4,50384214,52564974,174.001
Tai256c,60,5,50384214,52910056,174.377
Tai256c,60,6,50384214,52755718,174.693
Tai256c,60,7,50384214,53468112,175.029
Tai256c,60,-1,50384214,52564974,175.033
Tai256c,61,0,50384214,53673538,175.356
Tai256c,61,1,50384214,52892842,175.66
Tai256c,61,2,50384214,53584122,176.012
Tai256c,61,3,50384214,54443804,176.362
Tai256c,61,4,50384214,53739898,176.801
Tai256c,61,5,50384214,53973892,177.109
Tai256c,61,6,50384214,56914184,177.446
Tai256c,61,7,50384214,55557672,177.76
Tai256c,61,-1,50384214,52892842,177.767
Tai256c,62,0,50384214,53101724,178.037
Tai256c,62,1,50384214,54373542,178.393
Tai256c,62,2,50384214,53120446,178.7
Tai256c,62,3,50384214,52949502,179.031
Tai256c,62,4,50384214,51998174,179.409
Tai256c,62,5,50384214,53924674,179.702
Tai256c,62,6,50384214,53189158,180.022
Tai256c,62,7,50384214,53230894,180.458
Tai256c,62,-1,50384214,51998174,180.467
Tai256c,63,0,50384214,53524176,180.868
Tai256c,63,1,50384214,52637514,181.188
Tai256c,63,2,50384214,52169680,181.498
Tai256c,63,3,50384214,52800290,181.828
Tai256c,63,4,50384214,54444744,182.197
Tai256c,63,5,50384214,52354580,182.537
Tai256c,63,6,50384214,53073278,182.912
Tai256c,63,7,50384214,52491424,183.249
Tai256c,63,-1,50384214,52169680,183.254
Tai256c,64,0,50384214,54428110,183.562
Tai256c,64,1,50384214,55687924,183.941
Tai256c,64,2,50384214,54576192,184.297
Tai256c,64,3,50384214,53785128,184.61
Tai256c,64,4,50384214,52422930,184.914
Tai256c,64,5,50384214,55043454,185.204
Tai256c,64,6,50384214,55769490,185.548
Tai256c,64,7,50384214,51334516,185.84
Tai256c,64,-1,50384214,51334516,185.847
Tai256c,65,0,50384214,53112332,186.118
Tai256c,65,1,50384214,52497282,186.493
Tai256c,65,2,50384214,54379046,186.849
Tai256c,65,3,50384214,53520660,187.211
Tai256c,65,4,50384214,53982632,187.528
Tai256c,65,5,50384214,51720308,187.836
Tai256c,65,6,50384214,55386008,188.138
Tai256c,65,7,50384214,52750316,188.454
Tai256c,65,-1,50384214,51720308,188.462
Tai256c,66,0,50384214,54100626,188.756
Tai256c,66,1,50384214,53240172,189.08
Tai256c,66,2,50384214,52157502,189.447
Tai256c,66,3,50384214,54010366,189.806
Tai256c,66,4,50384214,53191306,190.172
Tai256c,66,5,50384214,51784218,190.539
Tai256c,66,6,50384214,51675238,190.891
Tai256c,66,7,50384214,53887512,191.216
Tai256c,66,-1,50384214,51675238,191.223
Tai256c,67,0,50384214,54283710,191.586
Tai256c,67,1,50384214,53658760,191.958
Tai256c,67,2,50384214,52357120,192.241
Tai256c,67,3,50384214,54764082,192.529
Tai256c,67,4,50384214,51873102,192.819
Tai256c,67,5,50384214,53018386,193.086
Tai256c,67,6,50384214,53660766,193.464
Tai256c,67,7,50384214,53679428,193.804
Tai256c,67,-1,50384214,51873102,193.811
Tai256c,68,0,50384214,54090080,194.15
Tai256c,68,1,50384214,54201994,194.538
Tai256c,68,2,50384214,52560680,194.901
Tai256c,68,3,50384214,52670990,195.295
Tai256c,68,4,50384214,52440282,195.661
Tai256c,68,5,50384214,52169494,195.983
Tai256c,68,6,50384214,54489016,196.275
Tai256c,68,7,50384214,53014848,196.611
Tai256c,68,-1,50384214,52169494,196.618
Tai256c,69,0,50384214,54084492,196.953
Tai256c,69,1,50384214,51759828,197.249
Tai256c,69,2,50384214,53201096,197.554
Tai256c,69,3,50384214,52963112,197.883
Tai256c,69,4,50384214,51826702,198.215
Tai256c,69,5,50384214,53556596,198.485
Tai256c,69,6,50384214,54976884,198.799
Tai256c,69,7,50384214,53976002,199.084
Tai256c,69,-1,50384214,51759828,199.091
Tai256c,70,0,50384214,51567302,199.36
Tai256c,70,1,50384214,52417622,199.648
Tai256c,70,2,50384214,54679118,199.98
Tai256c,70,3,50384214,54204084,200.308
Tai256c,70,4,50384214,53728758,200.624
Tai256c,70,5,50384214,53983050,200.944
Tai256c,70,6,50384214,52904578,201.268
Tai256c,70,7,50384214,53514180,201.604
Tai256c,70,-1,50384214,51567302,201.61
Tai256c,71,0,50384214,52149564,201.924
Tai256c,71,1,50384214,54795992,202.23
Tai256c,71,2,50384214,54068370,202.529
Tai256c,71,3,50384214,54266898,202.838
Tai256c,71,4,50384214,52468490,203.113
Tai256c,71,5,50384214,53069562,203.398
Tai256c,71,6,50384214,54068326,203.721
Tai256c,71,7,50384214,54833152,204.046
Tai256c,71,-1,50384214,52149564,204.05
Tai256c,72,0,50384214,55937404,204.42
Tai256c,72,1,50384214,53637196,204.771
Tai256c,72,2,50384214,54302830,205.102
Tai256c,72,3,50384214,52316350,205.451
Tai256c,72,4,50384214,54047772,205.802
Tai256c,72,5,50384214,53870910,206.166
Tai256c,72,6,50384214,52647594,206.545
Tai256c,72,7,50384214,55327856,206.901
Tai256c,72,-1,50384214,52316350,206.906
Tai256c,73,0,50384214,53777064,207.24
Tai256c,73,1,50384214,52515114,207.549
Tai256c,73,2,50384214,53097164,207.894
Tai256c,73,3,50384214,54498612,208.255
Tai256c,73,4,50384214,51517256,208.585
Tai256c,73,5,50384214,52802572,208.939
Tai256c,73,6,50384214,52221412,209.301
Tai256c,73,7,50384214,52769914,209.665
Tai256c,73,-1,50384214,51517256,209.673
Tai256c,74,0,50384214,51379672,210.023
Tai256c,74,1,50384214,53176658,210.386
Tai256c,74,2,50384214,52611426,210.759
Tai256c,74,3,50384214,54202012,211.105
Tai256c,74,4,50384214,52316080,211.457
Tai256c,74,5,50384214,54123182,211.813
Tai256c,74,6,50384214,51426058,212.145
Tai256c,74,7,50384214,55303674,212.487
Tai256c,74,-1,50384214,51379672,212.494
Tai256c,75,0,50384214,53796824,212.836
Tai256c,75,1,50384214,53115392,213.202
Tai256c,75,2,50384214,52974974,213.546
Tai256c,75,3,50384214,53461860,213.898
Tai256c,75,4,50384214,54324270,214.252
Tai256c,75,5,50384214,53805614,214.574
Tai256c,75,6,50384214,52151340,214.911
Tai256c,75,7,50384214,53643020,215.263
Tai256c,75,-1,50384214,52151340,215.27
Tai256c,76,0,50384214,52234968,215.632
Tai256c,76,1,50384214,52726238,215.929
Tai256c,76,2,50384214,54623380,216.264
Tai256c,76,3,50384214,53574122,216.62
Tai256c,76,4,50384214,56675172,216.949
Tai256c,76,5,50384214,54899748,217.3
Tai256c,76,6,50384214,54215376,217.666
Tai256c,76,7,50384214,52885196,218.109
Tai256c,76,-1,50384214,52234968,218.121
Tai256c,77,0,50384214,54504500,218.503
Tai256c,77,1,50384214,53992954,218.829
Tai256c,77,2,50384214,52103638,219.167
Tai256c,77,3,50384214,53186380,219.508
Tai256c,77,4,50384214,52872850,219.851
Tai256c,77,5,50384214,52024720,220.205
Tai256c,77,6,50384214,54320236,220.582
Tai256c,77,7,50384214,52519102,220.922
Tai256c,77,-1,50384214,52024720,220.93
Tai256c,78,0,50384214,52361898,221.271
Tai256c,78,1,50384214,51161456,221.574
Tai256c,78,2,50384214,52838624,221.878
Tai256c,78,3,50384214,52446094,222.195
Tai256c,78,4,50384214,53381996,222.545
Tai256c,78,5,50384214,53360506,222.911
Tai256c,78,6,50384214,52190850,223.245
Tai256c,78,7,50384214,52653206,223.589
Tai256c,78,-1,50384214,51161456,223.596
Tai256c,79,0,50384214,51641192,223.967
Tai256c,79,1,50384214,52589250,224.301
Tai256c,79,2,50384214,53896166,224.613
Tai256c,79,3,50384214,51334602,224.983
Tai256c,79,4,50384214,52747694,225.347
Tai256c,79,5,50384214,54873402,225.685
Tai256c,79,6,50384214,52897984,226.048
Tai256c,79,7,50384214,52595178,226.403
Tai256c,79,-1,50384214,51334602,226.409
Tai256c,80,0,50384214,55357864,226.765
Tai256c,80,1,50384214,52913234,227.128
Tai256c,80,2,50384214,53786048,227.487
Tai256c,80,3,50384214,54223136,227.83
Tai256c,80,4,50384214,54171044,228.206
Tai256c,80,5,50384214,53234844,228.579
Tai256c,80,6,50384214,52311952,228.952
Tai256c,80,7,50384214,53324410,229.326
Tai256c,80,-1,50384214,52311952,229.332
Tai256c,81,0,50384214,52759508,229.696
Tai256c,81,1,50384214,52251218,230.042
Tai256c,81,2,50384214,55104164,230.398
Tai256c,81,3,50384214,54808012,230.75
Tai256c,81,4,50384214,52043558,231.114
Tai256c,81,5,50384214,53507344,231.474
Tai256c,81,6,50384214,54419466,231.834
Tai256c,81,7,50384214,55282430,232.164
Tai256c,81,-1,50384214,52043558,232.17
Tai256c,82,0,50384214,55014504,232.53
Tai256c,82,1,50384214,52506004,232.891
Tai256c,82,2,50384214,53103362,233.235
Tai256c,82,3,50384214,51953702,233.564
Tai256c,82,4,50384214,51952878,233.942
Tai256c,82,5,50384214,52115582,234.302
Tai256c,82,6,50384214,54134584,234.661
Tai256c,82,7,50384214,52976068,234.988
Tai256c,82,-1,50384214,51952878,234.994
Tai256c,83,0,50384214,51684642,235.349
Tai256c,83,1,50384214,53984200,235.683
Tai256c,83,2,50384214,52266216,235.998
Tai256c,83,3,50384214,52900204,236.319
Tai256c,83,4,50384214,53867484,236.669
Tai256c,83,5,50384214,51834690,236.995
Tai256c,83,6,50384214,51745746,237.289
Tai256c,83,7,50384214,53224530,237.632
Tai256c,83,-1,50384214,51684642,237.64
Tai256c,84,0,50384214,56047016,237.981
Tai256c,84,1,50384214,53093728,238.3
Tai256c,84,2,50384214,51892052,238.611
Tai256c,84,3,50384214,54325768,238.909
Tai256c,84,4,50384214,54265334,239.236
Tai256c,84,5,50384214,53473190,239.573
Tai256c,84,6,50384214,55117296,239.897
Tai256c,84,7,50384214,52922758,240.217
Tai256c,84,-1,50384214,51892052,240.223
Tai256c,85,0,50384214,52991024,240.534
Tai256c,85,1,50384214,53704272,240.864
Tai256c,85,2,50384214,54782578,241.222
Tai256c,85,3,50384214,54740910,241.554
Tai256c,85,4,50384214,55664394,241.881
Tai256c,85,5,50384214,55116994,242.213
Tai256c,85,6,50384214,54503114,242.498
Tai256c,85,7,50384214,55507508,242.822
Tai256c,85,-1,50384214,52991024,242.83
Tai256c,86,0,50384214,52146682,243.17
Tai256c,86,1,50384214,54341386,243.504
Tai256c,86,2,50384214,53724052,243.854
Tai256c,86,3,50384214,53318108,244.148
Tai256c,86,4,50384214,53586022,244.498
Tai256c,86,5,50384214,50563014,244.832
Tai256c,86,6,50384214,53205090,245.165
Tai256c,86,7,50384214,53424058,245.483
Tai256c,86,-1,50384214,50563014,245.491
Tai256c,87,0,50384214,52933152,245.832
Tai256c,87,1,50384214,54927796,246.146
Tai256c,87,2,50384214,54018958,246.496
Tai256c,87,3,50384214,52699300,246.821
Tai256c,87,4,50384214,52567074,247.141
Tai256c,87,5,50384214,53114598,247.421
Tai256c,87,6,50384214,52131388,247.75
Tai256c,87,7,50384214,52750506,248.086
Tai256c,87,-1,50384214,52131388,248.092
Tai256c,88,0,50384214,52065326,248.398
Tai256c,88,1,50384214,53000010,248.699
Tai256c,88,2,50384214,54203910,249.03
Tai256c,88,3,50384214,54514844,249.349
Tai256c,88,4,50384214,53743950,249.692
Tai256c,88,5,50384214,55223072,249.998
Tai256c,88,6,50384214,51760418,250.332
Tai256c,88,7,50384214,54906650,250.658
Tai256c,88,-1,50384214,51760418,250.667
Tai256c,89,0,50384214,52535544,251.013
Tai256c,89,1,50384214,52292502,251.353
Tai256c,89,2,50384214,52188018,251.686
Tai256c,89,3,50384214,54131840,251.989
Tai256c,89,4,50384214,53453472,252.298
Tai256c,89,5,50384214,52090654,252.648
Tai256c,89,6,50384214,53306332,252.977
Tai256c,89,7,50384214,52787308,253.29
Tai256c,89,-1,50384214,52090654,253.298
Tai256c,90,0,50384214,53280824,253.617
Tai256c,90,1,50384214,52156568,253.892
Tai256c,90,2,50384214,54802170,254.231
Tai256c,90,3,50384214,53484506,254.589
Tai256c,90,4,50384214,53775738,254.909
Tai256c,90,5,50384214,52352280,255.228
Tai256c,90,6,50384214,52341516,255.568
Tai256c,90,7,50384214,52537634,255.926
Tai256c,90,-1,50384214,52156568,255.932
Tai256c,91,0,50384214,52866028,256.271
Tai256c,91,1,50384214,53080630,256.618
Tai256c,91,2,50384214,53690722,256.979
Tai256c,91,3,50384214,53142236,257.342
Tai256c,91,4,50384214,53246888,257.694
Tai256c,91,5,50384214,54488692,258.036
Tai256c,91,6,50384214,51337084,258.358
Tai256c,91,7,50384214,52197184,258.702
Tai256c,91,-1,50384214,51337084,258.707
Tai256c,92,0,50384214,53912244,259.03
Tai256c,92,1,50384214,54140024,259.406
Tai256c,92,2,50384214,52726564,259.798
Tai256c,92,3,50384214,53293000,260.17
Tai256c,92,4,50384214,52148638,260.596
Tai256c,92,5,50384214,52259354,260.958
Tai256c,92,6,50384214,51355584,261.315
Tai256c,92,7,50384214,53732696,261.687
Tai256c,92,-1,50384214,51355584,261.69
Tai256c,93,0,50384214,55180452,262.036
Tai256c,93,1,50384214,52683454,262.404
Tai256c,93,2,50384214,52872324,262.743
Tai256c,93,3,50384214,53338582,263.04
Tai256c,93,4,50384214,54047870,263.386
Tai256c,93,5,50384214,53281740,263.719
Tai256c,93,6,50384214,52937892,264.013
Tai256c,93,7,50384214,52451990,264.292
Tai256c,93,-1,50384214,52451990,264.299
Tai256c,94,0,50384214,53062428,264.641
Tai256c,94,1,50384214,54981224,264.989
Tai256c,94,2,50384214,54570722,265.303
Tai256c,94,3,50384214,54278400,265.651
Tai256c,94,4,50384214,53048340,265.986
Tai256c,94,5,50384214,52343338,266.352
Tai256c,94,6,50384214,53349436,266.713
Tai256c,94,7,50384214,53885018,267.042
Tai256c,94,-1,50384214,52343338,267.048
Tai256c,95,0,50384214,52752340,267.386
Tai256c,95,1,50384214,51959172,267.675
Tai256c,95,2,50384214,52287568,267.967
Tai256c,95,3,50384214,52041264,268.237
Tai256c,95,4,50384214,55726600,268.567
Tai256c,95,5,50384214,54759428,268.907
Tai256c,95,6,50384214,54473658,269.222
Tai256c,95,7,50384214,52705406,269.574
Tai256c,95,-1,50384214,51959172,269.585
Tai256c,96,0,50384214,53795488,269.91
Tai256c,96,1,50384214,52032210,270.22
Tai256c,96,2,50384214,52885924,270.543
Tai256c,96,3,50384214,52816212,270.891
Tai256c,96,4,50384214,54696266,271.232
Tai256c,96,5,50384214,52532014,271.58
Tai256c,96,6,50384214,54038078,271.941
Tai256c,96,7,50384214,56535878,272.296
Tai256c,96,-1,50384214,52032210,272.303
Tai256c,97,0,50384214,52089242,272.637
Tai256c,97,1,50384214,53870440,272.999
Tai256c,97,2,50384214,52367408,273.332
Tai256c,97,3,50384214,53617200,273.674
Tai256c,97,4,50384214,53528374,273.996
Tai256c,97,5,50384214,52398468,274.364
Tai256c,97,6,50384214,55092250,274.7
Tai256c,97,7,50384214,53591092,275.001
Tai256c,97,-1,50384214,52089242,275.006
Tai256c,98,0,50384214,53422824,275.337
Tai256c,98,1,50384214,53792682,275.648
Tai256c,98,2,50384214,52352214,275.99
Tai256c,98,3,50384214,53724254,276.309
Tai256c,98,4,50384214,54960764,276.65
Tai256c,98,5,50384214,54715072,277.004
Tai256c,98,6,50384214,55056906,277.353
Tai256c,98,7,50384214,54131766,277.718
Tai256c,98,-1,50384214,52352214,277.723
Tai256c,99,0,50384214,52095572,278.068
Tai256c,99,1,50384214,52405686,278.416
Tai256c,99,2,50384214,52615022,278.756
Tai256c,99,3,50384214,54156916,279.119
Tai256c,99,4,50384214,52218802,279.476
Tai256c,99,5,50384214,53371982,279.821
Tai256c,99,6,50384214,53408450,280.153
Tai256c,99,7,50384214,53197514,280.528
Tai256c,99,-1,50384214,52095572,280.535
Tai256c,100,0,50384214,52103296,280.907
Tai256c,100,1,50384214,52529110,281.271
Tai256c,100,2,50384214,52558960,281.607
Tai256c,100,3,50384214,52789076,281.936
Tai256c,100,4,50384214,53635306,282.261
Tai256c,100,5,50384214,53589476,282.612
Tai256c,100,6,50384214,55168042,282.961
Tai256c,100,7,50384214,53898452,283.301
Tai256c,100,-1,50384214,52103296,283.308
Tai256c,101,0,50384214,54046894,283.655
Tai256c,101,1,50384214,53625284,284.012
Tai256c,101,2,50384214,52029506,284.386
Tai256c,101,3,50384214,54263586,284.721
Tai256c,101,4,50384214,54056668,285.038
Tai256c,101,5,50384214,53246816,285.404
Tai256c,101,6,50384214,52672628,285.768
Tai256c,101,7,50384214,56168432,286.14
Tai256c,101,-1,50384214,52029506,286.149
Tai256c,102,0,50384214,53406988,286.526
Tai256c,102,1,50384214,53316380,286.899
Tai256c,102,2,50384214,53274732,287.235
Tai256c,102,3,50384214,53855748,287.595
Tai256c,102,4,50384214,52999576,287.978
Tai256c,102,5,50384214,52415814,288.364
Tai256c,102,6,50384214,51661774,288.715
Tai256c,102,7,50384214,53956328,289.083
Tai256c,102,-1,50384214,51661774,289.092
Tai256c,103,0,50384214,53965886,289.458
Tai256c,103,1,50384214,53766172,289.766
Tai256c,103,2,50384214,52026334,290.069
Tai256c,103,3,50384214,53297002,290.421
Tai256c,103,4,50384214,53049816,290.781
Tai256c,103,5,50384214,54362486,291.12
Tai256c,103,6,50384214,54070040,291.493
Tai256c,103,7,50384214,54313520,291.89
Tai256c,103,-1,50384214,52026334,291.905
Tai256c,104,0,50384214,52929080,292.328
Tai256c,104,1,50384214,52687216,292.659
Tai256c,104,2,50384214,52968758,293.014
Tai256c,104,3,50384214,52550142,293.359
Tai256c,104,4,50384214,53672714,293.751
Tai256c,104,5,50384214,53802592,294.068
Tai256c,104,6,50384214,52645184,294.403
Tai256c,104,7,50384214,54284278,294.729
Tai256c,104,-1,50384214,52550142,294.737
Tai256c,105,0,50384214,52823198,295.062
Tai256c,105,1,50384214,54985502,295.379
Tai256c,105,2,50384214,53148404,295.698
Tai256c,105,3,50384214,52855268,296.022
Tai256c,105,4,50384214,53176338,296.368
Tai256c,105,5,50384214,53698236,296.695
Tai256c,105,6,50384214,53034288,297.0
Tai256c,105,7,50384214,53103774,297.315
Tai256c,105,-1,50384214,52823198,297.322
Tai256c,106,0,50384214,54585080,297.62
Tai256c,106,1,50384214,53653736,297.966
Tai256c,106,2,50384214,54176898,298.285
Tai256c,106,3,50384214,51563204,298.585
Tai256c,106,4,50384214,52626542,298.945
Tai256c,106,5,50384214,54747078,299.267
Tai256c,106,6,50384214,51687522,299.584
Tai256c,106,7,50384214,51969492,299.902
Tai256c,106,-1,50384214,51563204,300.194
Tai256c,107,0,50384214,53664714,300.535
Tai256c,107,1,50008224,50008224,300.844
Tai256c,107,2,50008224,52747588,301.184
Tai256c,107,3,50008224,53304766,301.538
Tai256c,107,4,50008224,52512466,301.912
Tai256c,107,5,50008224,53998690,302.251
Tai256c,107,6,50008224,51520092,302.629
Tai256c,107,7,50008224,52709042,303.018
Tai256c,107,-1,50008224,50008224,303.025
Tai256c,108,0,50008224,52183084,303.409
Tai256c,108,1,50008224,54155804,303.768
Tai256c,108,2,50008224,52741110,304.106
Tai256c,108,3,50008224,51928942,304.433
Tai256c,108,4,50008224,52607864,304.802
Tai256c,108,5,50008224,53250364,305.133
Tai256c,108,6,50008224,53811134,305.472
Tai256c,108,7,50008224,53168078,305.77
Tai256c,108,-1,50008224,51928942,305.776
Tai256c,109,0,50008224,54447370,306.104
Tai256c,109,1,50008224,54836062,306.441
Tai256c,109,2,50008224,53089048,307.207
Tai256c,109,3,50008224,52933150,307.59
Tai256c,109,4,50008224,53441616,307.953
Tai256c,109,5,50008224,55214950,308.331
Tai256c,109,6,50008224,51661754,308.697
Tai256c,109,7,50008224,53705076,309.07
Tai256c,109,-1,50008224,51661754,309.078
Tai256c,110,0,50008224,53546712,309.438
Tai256c,110,1,50008224,54084470,309.79
Tai256c,110,2,50008224,52057396,310.147
Tai256c,110,3,50008224,53383354,310.507
Tai256c,110,4,50008224,53984942,310.845
Tai256c,110,5,50008224,52765616,311.181
Tai256c,110,6,50008224,53087156,311.536
Tai256c,110,7,50008224,54307512,311.908
Tai256c,110,-1,50008224,52057396,311.914
Tai256c,111,0,50008224,55240004,312.232
Tai256c,111,1,50008224,52549608,312.59
Tai256c,111,2,50008224,52940814,312.937
Tai256c,111,3,50008224,53261358,313.284
Tai256c,111,4,50008224,51959052,313.657
Tai256c,111,5,50008224,54899348,314.029
Tai256c,111,6,50008224,52744298,314.424
Tai256c,111,7,50008224,53646606,314.758
Tai256c,111,-1,50008224,51959052,314.762
Tai256c,112,0,50008224,52985222,315.135
Tai256c,112,1,50008224,54171552,315.488
Tai256c,112,2,50008224,54010992,315.842
Tai256c,112,3,50008224,54030858,316.203
Tai256c,112,4,50008224,52589264,316.541
Tai256c,112,5,50008224,54398336,316.887
Tai256c,112,6,50008224,53474600,317.253
Tai256c,112,7,50008224,52723860,317.623
Tai256c,112,-1,50008224,52589264,317.629
Tai256c,113,0,50008224,55291476,317.995
Tai256c,113,1,50008224,51255722,318.35
Tai256c,113,2,50008224,52269836,318.718
Tai256c,113,3,50008224,54683974,319.095
Tai256c,113,4,50008224,53686176,319.445
Tai256c,113,5,50008224,55163884,319.805
Tai256c,113,6,50008224,53474382,320.151
Tai256c,113,7,50008224,53467110,320.525
Tai256c,113,-1,50008224,51255722,320.534
Tai256c,114,0,50008224,53406248,320.909
Tai256c,114,1,50008224,53644940,321.262
Tai256c,114,2,50008224,53050314,321.574
Tai256c,114,3,50008224,52953452,321.909
Tai256c,114,4,50008224,52812110,322.284
Tai256c,114,5,50008224,53284974,322.659
Tai256c,114,6,50008224,54299052,323.002
Tai256c,114,7,50008224,52539508,323.349
Tai256c,114,-1,50008224,52539508,323.355
Tai256c,115,0,50008224,54970756,323.693
Tai256c,115,1,50008224,53468616,324.048
Tai256c,115,2,50008224,52176510,324.358
Tai256c,115,3,50008224,53659514,324.715
Tai256c,115,4,50008224,52294692,325.063
Tai256c,115,5,50008224,53418024,325.425
Tai256c,115,6,50008224,54823840,325.754
Tai256c,115,7,50008224,53582918,326.084
Tai256c,115,-1,50008224,52176510,326.091
Tai256c,116,0,50008224,52391794,326.451
Tai256c,116,1,50008224,53216966,326.769
Tai256c,116,2,50008224,55247600,327.113
Tai256c,116,3,50008224,53631152,327.445
Tai256c,116,4,50008224,52859098,327.801
Tai256c,116,5,50008224,54467464,328.136
Tai256c,116,6,50008224,53431176,328.484
Tai256c,116,7,50008224,52957464,328.812
Tai256c,116,-1,50008224,52391794,328.819
Tai256c,117,0,50008224,52746144,329.131
Tai256c,117,1,50008224,53724518,329.483
Tai256c,117,2,50008224,51257722,329.807
Tai256c,117,3,50008224,54366982,330.124
Tai256c,117,4,50008224,53204348,330.477
Tai256c,117,5,50008224,52745856,330.819
Tai256c,117,6,50008224,54232044,331.163
Tai256c,117,7,50008224,52877234,331.522
Tai256c,117,-1,50008224,51257722,331.53
Tai256c,118,0,50008224,54430422,331.868
Tai256c,118,1,50008224,51832154,332.183
Tai256c,118,2,50008224,52638354,332.536
Tai256c,118,3,50008224,51752430,332.885
Tai256c,118,4,50008224,52677736,333.207
Tai256c,118,5,50008224,54336132,333.513
Tai256c,118,6,50008224,51949804,333.881
Tai256c,118,7,50008224,52936750,334.24
Tai256c,118,-1,50008224,51752430,334.245
Tai256c,119,0,50008224,53213138,334.563
Tai256c,119,1,50008224,54662628,334.948
Tai256c,119,2,50008224,52447514,335.339
Tai256c,119,3,50008224,54242996,335.702
Tai256c,119,4,50008224,54846698,336.064
Tai256c,119,5,50008224,51629716,336.419
Tai256c,119,6,50008224,55295238,336.781
Tai256c,119,7,50008224,52733828,337.264
Tai256c,119,-1,50008224,51629716,337.269
Tai256c,120,0,50008224,54060752,337.622
Tai256c,120,1,50008224,51889634,337.982
Tai256c,120,2,50008224,53368746,338.325
Tai256c,120,3,50008224,54805616,338.686
Tai256c,120,4,50008224,52997006,339.068
Tai256c,120,5,50008224,52680970,339.409
Tai256c,120,6,50008224,53571636,339.777
Tai256c,120,7,50008224,53237106,340.123
Tai256c,120,-1,50008224,51889634,340.129
Tai256c,121,0,50008224,51857830,340.477
Tai256c,121,1,50008224,53539698,340.829
Tai256c,121,2,50008224,52164318,341.195
Tai256c,121,3,50008224,51769742,341.543
Tai256c,121,4,50008224,51507438,341.881
Tai256c,121,5,50008224,52290020,342.226
Tai256c,121,6,50008224,54073520,342.558
Tai256c,121,7,50008224,54183812,342.923
Tai256c,121,-1,50008224,51507438,342.93
Tai256c,122,0,50008224,53156904,343.287
Tai256c,122,1,50008224,54149066,343.64
Tai256c,122,2,50008224,53635638,344.018
Tai256c,122,3,50008224,53935020,344.366
Tai256c,122,4,50008224,55617272,344.722
Tai256c,122,5,50008224,52290766,345.086
Tai256c,122,6,50008224,54393098,345.467
Tai256c,122,7,50008224,52749460,345.846
Tai256c,122,-1,50008224,52290766,345.853
Tai256c,123,0,50008224,52247448,346.212
Tai256c,123,1,50008224,54016984,346.549
Tai256c,123,2,50008224,54431890,346.891
Tai256c,123,3,50008224,52105376,347.181
Tai256c,123,4,50008224,52702992,347.548
Tai256c,123,5,50008224,52161332,347.889
Tai256c,123,6,50008224,54556358,348.204
Tai256c,123,7,50008224,55097240,348.557
Tai256c,123,-1,50008224,52105376,348.565
Tai256c,124,0,50008224,54567230,348.941
Tai256c,124,1,50008224,54766934,349.287
Tai256c,124,2,50008224,52630972,349.633
Tai256c,124,3,50008224,53784892,349.968
Tai256c,124,4,50008224,51797348,350.335
Tai256c,124,5,50008224,51683288,350.679
Tai256c,124,6,50008224,55493168,351.055
Tai256c,124,7,50008224,52769340,351.422
Tai256c,124,-1,50008224,51683288,351.429
Tai256c,125,0,50008224,53710840,351.777
Tai256c,125,1,50008224,53983064,352.117
Tai256c,125,2,50008224,53529904,352.478
Tai256c,125,3,50008224,52079362,352.82
Tai256c,125,4,50008224,52686688,353.18
Tai256c,125,5,50008224,56313090,353.536
Tai256c,125,6,50008224,53024228,353.906
Tai256c,125,7,50008224,51441260,354.25
Tai256c,125,-1,50008224,51441260,354.257
Tai256c,126,0,50008224,53186458,354.624
Tai256c,126,1,50008224,55545700,354.992
Tai256c,126,2,50008224,51131624,355.364
Tai256c,126,3,50008224,53827636,355.743
Tai256c,126,4,50008224,52231092,356.086
Tai256c,126,5,50008224,53669292,356.431
Tai256c,126,6,50008224,53145300,356.786
Tai256c,126,7,50008224,52119940,357.146
Tai256c,126,-1,50008224,51131624,357.152
Tai256c,127,0,50008224,53187690,357.5
Tai256c,127,1,50008224,52119230,357.873
Tai256c,127,2,50008224,52140032,358.247
Tai256c,127,3,50008224,54083752,358.611
Tai256c,127,4,50008224,52255330,358.907
Tai256c,127,5,50008224,52777148,359.314
Tai256c,127,6,50008224,53442980,359.589
Tai256c,127,7,50008224,53111918,359.899
Tai256c,127,-1,50008224,52119230,359.906
Tai256c,128,0,50008224,52207862,360.247
Tai256c,128,1,50008224,52737966,360.589
Tai256c,128,2,50008224,53366856,360.93
Tai256c,128,3,50008224,53900992,361.285
Tai256c,128,4,50008224,53456866,361.623
Tai256c,128,5,50008224,53327698,361.966
Tai256c,128,6,50008224,53881484,362.318
Tai256c,128,7,50008224,53813586,362.675
Tai256c,128,-1,50008224,52207862,362.683
Tai256c,129,0,50008224,51412144,363.046
Tai256c,129,1,50008224,53675048,363.368
Tai256c,129,2,50008224,54590370,363.717
Tai256c,129,3,50008224,53430134,364.031
Tai256c,129,4,50008224,53513858,364.361
Tai256c,129,5,50008224,50921128,364.719
Tai256c,129,6,50008224,54161428,365.028
Tai256c,129,7,50008224,53605244,365.327
Tai256c,129,-1,50008224,50921128,365.333
Tai256c,130,0,50008224,51688400,365.614
Tai256c,130,1,50008224,54462078,366.037
Tai256c,130,2,50008224,54154340,366.375
Tai256c,130,3,50008224,52689094,366.721
Tai256c,130,4,50008224,54090210,367.079
Tai256c,130,5,50008224,52833066,367.415
Tai256c,130,6,50008224,51455778,367.781
Tai256c,130,7,50008224,54421654,368.121
Tai256c,130,-1,50008224,51455778,368.126
Tai256c,131,0,50008224,52349272,368.432
Tai256c,131,1,50008224,51883088,368.755
Tai256c,131,2,50008224,55264752,369.067
Tai256c,131,3,50008224,53370018,369.656
Tai256c,131,4,50008224,54029510,369.917
Tai256c,131,5,50008224,52724788,370.36
Tai256c,131,6,50008224,55082386,370.748
Tai256c,131,7,50008224,52747164,371.11
Tai256c,131,-1,50008224,51883088,371.126
Tai256c,132,0,50008224,54462122,371.638
Tai256c,132,1,50008224,51738038,372.055
Tai256c,132,2,50008224,52428598,372.87
Tai256c,132,3,50008224,53208440,373.215
Tai256c,132,4,50008224,54608286,373.601
Tai256c,132,5,50008224,52561040,373.973
Tai256c,132,6,50008224,53576958,374.815
Tai256c,132,7,50008224,55348938,375.958
Tai256c,132,-1,50008224,51738038,375.965
Tai256c,133,0,50008224,53140452,376.355
Tai256c,133,1,50008224,53377762,376.721
Tai256c,133,2,50008224,52773650,377.104
Tai256c,133,3,50008224,53398518,377.512
Tai256c,133,4,50008224,53097850,377.859
Tai256c,133,5,50008224,54037990,378.182
Tai256c,133,6,50008224,51673484,378.565
Tai256c,133,7,50008224,52687002,378.877
Tai256c,133,-1,50008224,51673484,378.884
Tai256c,134,0,50008224,55103366,379.235
Tai256c,134,1,50008224,51545718,379.577
Tai256c,134,2,50008224,52524614,380.044
Tai256c,134,3,50008224,54654518,380.32
Tai256c,134,4,50008224,53570104,380.651
Tai256c,134,5,50008224,54962218,380.951
Tai256c,134,6,50008224,53619898,381.248
Tai256c,134,7,50008224,55061060,381.528
Tai256c,134,-1,50008224,51545718,381.535
Tai256c,135,0,50008224,53245346,381.855
Tai256c,135,1,50008224,54224902,382.161
Tai256c,135,2,50008224,53967038,382.497
Tai256c,135,3,50008224,53768770,382.837
Tai256c,135,4,50008224,53093986,383.154
Tai256c,135,5,50008224,53360426,383.504
Tai256c,135,6,50008224,53047662,383.851
Tai256c,135,7,50008224,53004212,384.164
Tai256c,135,-1,50008224,53004212,384.17
Tai256c,136,0,50008224,53984458,384.535
Tai256c,136,1,50008224,52035160,384.855
Tai256c,136,2,50008224,52833342,385.156
Tai256c,136,3,50008224,52058822,385.609
Tai256c,136,4,50008224,54586582,386.011
Tai256c,136,5,50008224,55810772,386.325
Tai256c,136,6,50008224,51627860,386.575
Tai256c,136,7,50008224,53663784,386.894
Tai256c,136,-1,50008224,51627860,386.9
Tai256c,137,0,50008224,53208598,387.193
Tai256c,137,1,50008224,52077104,387.498
Tai256c,137,2,50008224,51973994,387.853
Tai256c,137,3,50008224,52367794,388.211
Tai256c,137,4,50008224,55193892,388.538
Tai256c,137,5,50008224,51199698,388.864
Tai256c,137,6,50008224,54289220,389.144
Tai256c,137,7,50008224,54584318,389.464
Tai256c,137,-1,50008224,51199698,389.471
Tai256c,138,0,50008224,52706680,389.846
Tai256c,138,1,50008224,52252896,390.184
Tai256c,138,2,50008224,52831368,390.511
Tai256c,138,3,50008224,53299946,390.84
Tai256c,138,4,50008224,56294016,391.176
Tai256c,138,5,50008224,51808974,391.516
Tai256c,138,6,50008224,55629134,391.791
Tai256c,138,7,50008224,52435730,392.084
Tai256c,138,-1,50008224,51808974,392.09
Tai256c,139,0,50008224,54587692,392.359
Tai256c,139,1,50008224,52798934,392.647
Tai256c,139,2,50008224,53903120,392.94
Tai256c,139,3,50008224,53050382,393.221
Tai256c,139,4,50008224,53951004,393.515
Tai256c,139,5,50008224,54903006,393.821
Tai256c,139,6,50008224,52480196,394.094
Tai256c,139,7,50008224,52258852,394.348
Tai256c,139,-1,50008224,52258852,394.358
Tai256c,140,0,50008224,53552972,394.655
Tai256c,140,1,50008224,52562966,394.969
Tai256c,140,2,50008224,53895038,395.225
Tai256c,140,3,50008224,53241880,395.539
Tai256c,140,4,50008224,55450884,395.847
Tai256c,140,5,50008224,52467802,396.165
Tai256c,140,6,50008224,53542806,396.471
Tai256c,140,7,50008224,51760720,396.795
Tai256c,140,-1,50008224,51760720,396.803
Tai256c,141,0,50008224,52829536,397.12
Tai256c,141,1,50008224,52404090,397.402
Tai256c,141,2,50008224,50696306,397.763
Tai256c,141,3,50008224,50981532,398.044
Tai256c,141,4,50008224,53144744,398.358
Tai256c,141,5,50008224,52680164,398.659
Tai256c,141,6,50008224,54500660,398.981
Tai256c,141,7,50008224,54218936,399.254
Tai256c,141,-1,50008224,50696306,399.258
Tai256c,142,0,50008224,52491066,399.568
Tai256c,142,1,50008224,53034610,399.876
Tai256c,142,2,50008224,57235402,400.19
Tai256c,142,3,50008224,52640380,400.515
Tai256c,142,4,50008224,52761232,400.855
Tai256c,142,5,50008224,55978486,401.163
Tai256c,142,6,50008224,54360288,401.417
Tai256c,142,7,50008224,54365136,401.725
Tai256c,142,-1,50008224,52491066,401.729
Tai256c,143,0,50008224,52306054,402.034
Tai256c,143,1,50008224,54531448,402.349
Tai256c,143,2,50008224,53817972,402.683
Tai256c,143,3,50008224,54350144,402.995
Tai256c,143,4,50008224,57177346,403.315
Tai256c,143,5,50008224,54737380,403.626
Tai256c,143,6,50008224,54924342,403.934
Tai256c,143,7,50008224,52372758,404.243
Tai256c,143,-1,50008224,52306054,404.258
Tai256c,0,0,51548062,51548062,404.703
Tai256c,0,1,51548062,54442122,405.062
Tai256c,0,2,51548062,51913732,405.392
Tai256c,0,3,51548062,52401384,405.709
Tai256c,0,4,51548062,53437822,406.004
Tai256c,0,5,51548062,53923812,406.325
Tai256c,0,-1,51548062,51548062,406.331
Tai256c,1,0,51548062,52195302,406.614
Tai256c,1,1,51548062,51989350,406.943
Tai256c,1,2,51548062,53929868,407.36
Tai256c,1,3,51548062,53342972,407.713
Tai256c,1,4,51548062,52565376,408.032
Tai256c,1,5,51548062,54482414,408.332
Tai256c,1,-1,51548062,51989350,408.338
Tai256c,2,0,51548062,53032426,408.659
Tai256c,2,1,51548062,53191580,408.971
Tai256c,2,2,51548062,54877640,409.288
Tai256c,2,3,51548062,53321200,409.61
Tai256c,2,4,51231002,51231002,409.962
Tai256c,2,5,51231002,52848308,410.294
Tai256c,2,-1,51231002,51231002,410.298
Tai256c,3,0,51231002,54377212,410.664
Tai256c,3,1,51231002,54697328,410.985
Tai256c,3,2,51231002,52558394,411.33
Tai256c,3,3,51231002,52874760,411.674
Tai256c,3,4,51231002,55511964,412.042
Tai256c,3,5,51231002,54342588,412.412
Tai256c,3,-1,51231002,52558394,412.417
Tai256c,4,0,51231002,52538150,412.751
Tai256c,4,1,51231002,52316248,413.041
Tai256c,4,2,51231002,54542546,413.369
Tai256c,4,3,51231002,53461462,413.726
Tai256c,4,4,51231002,54083260,414.065
Tai256c,4,5,51231002,53617142,414.365
Tai256c,4,-1,51231002,52316248,414.37
Tai256c,5,0,51231002,53773458,414.684
Tai256c,5,1,51231002,52861310,415.001
Tai256c,5,2,51231002,52835216,415.309
Tai256c,5,3,51231002,52365588,415.678
Tai256c,5,4,51231002,52266752,416.006
Tai256c,5,5,51231002,53779552,416.327
Tai256c,5,-1,51231002,52266752,416.331
Tai256c,6,0,51231002,53006268,416.671
Tai256c,6,1,51231002,51863326,416.981
Tai256c,6,2,51231002,51391382,417.263
Tai256c,6,3,51231002,52456370,417.597
Tai256c,6,4,51231002,53569502,417.896
Tai256c,6,5,51231002,53288492,418.211
Tai256c,6,-1,51231002,51391382,418.216
Tai256c,7,0,51231002,53054302,418.521
Tai256c,7,1,51231002,53664940,418.847
Tai256c,7,2,51231002,53405312,419.173
Tai256c,7,3,51231002,51790146,419.528
Tai256c,7,4,51231002,51433138,419.873
Tai256c,7,5,51231002,53087486,420.219
Tai256c,7,-1,51231002,51433138,420.224
Tai256c,8,0,51231002,51964454,420.546
Tai256c,8,1,51231002,54091308,420.891
Tai256c,8,2,51231002,53611588,421.223
Tai256c,8,3,51231002,51459736,421.562
Tai256c,8,4,51231002,52133536,421.927
Tai256c,8,5,51231002,53517088,422.256
Tai256c,8,-1,51231002,51459736,422.264
Tai256c,9,0,51231002,54687154,422.656
Tai256c,9,1,51231002,52452784,422.995
Tai256c,9,2,51231002,54693792,423.296
Tai256c,9,3,51231002,52917310,423.609
Tai256c,9,4,51231002,55227160,423.924
Tai256c,9,5,51231002,53187222,424.403
Tai256c,9,-1,51231002,52452784,424.409
Tai256c,10,0,51231002,54389508,424.763
Tai256c,10,1,51231002,53872832,425.105
Tai256c,10,2,51231002,54182968,425.448
Tai256c,10,3,51231002,54290508,425.811
Tai256c,10,4,51231002,53047876,426.106
Tai256c,10,5,51231002,53737790,426.474
Tai256c,10,-1,51231002,53047876,426.478
Tai256c,11,0,51231002,54397232,426.845
Tai256c,11,1,51231002,52793596,427.197
Tai256c,11,2,51231002,52291098,427.568
Tai256c,11,3,51231002,52792494,427.905
Tai256c,11,4,51231002,54099588,428.241
Tai256c,11,5,51231002,54059992,428.604
Tai256c,11,-1,51231002,52291098,428.611
Tai256c,12,0,51231002,56019990,428.968
Tai256c,12,1,51231002,52595250,429.308
Tai256c,12,2,51231002,53291032,429.65
Tai256c,12,3,51231002,53414934,429.988
Tai256c,12,4,51231002,53500744,430.334
Tai256c,12,5,51231002,54097742,430.669
Tai256c,12,-1,51231002,52595250,430.676
Tai256c,13,0,51231002,53037536,430.991
Tai256c,13,1,51231002,53642936,431.29
Tai256c,13,2,51231002,54004120,431.636
Tai256c,13,3,51231002,54291452,431.977
Tai256c,13,4,51231002,53705064,432.288
Tai256c,13,5,51231002,51767524,432.649
Tai256c,13,-1,51231002,51767524,432.655
Tai256c,14,0,51231002,53010468,432.958
Tai256c,14,1,51231002,52060818,433.295
Tai256c,14,2,51231002,52411170,433.626
Tai256c,14,3,51231002,53874974,433.969
Tai256c,14,4,51231002,55198914,434.282
Tai256c,14,5,51231002,52208578,434.58
Tai256c,14,-1,51231002,52060818,434.584
Tai256c,15,0,51231002,54482208,434.924
Tai256c,15,1,51231002,54431078,435.21
Tai256c,15,2,51231002,53971262,435.482
Tai256c,15,3,51231002,54279868,435.8
Tai256c,15,4,51231002,55546414,436.127
Tai256c,15,5,51231002,55041070,436.432
Tai256c,15,-1,51231002,53971262,436.44
Tai256c,16,0,51231002,54513620,436.787
Tai256c,16,1,51231002,52100002,437.099
Tai256c,16,2,51231002,52150004,437.437
Tai256c,16,3,51231002,52739228,437.739
Tai256c,16,4,51231002,54777644,438.058
Tai256c,16,5,51231002,53025766,438.336
Tai256c,16,-1,51231002,52100002,438.342
Tai256c,17,0,51231002,53073090,438.68
Tai256c,17,1,51231002,53432964,439.009
Tai256c,17,2,51231002,54481502,439.339
Tai256c,17,3,50420978,50420978,439.658
Tai256c,17,4,50420978,53845258,439.997
Tai256c,17,5,50420978,52232582,440.349
Tai256c,17,-1,50420978,50420978,440.352
Tai256c,18,0,50420978,53232796,440.683
Tai256c,18,1,50420978,52398282,440.966
Tai256c,18,2,50420978,54926422,441.323
Tai256c,18,3,50420978,51991634,441.631
Tai256c,18,4,50420978,53669716,441.964
Tai256c,18,5,50420978,54512414,442.292
Tai256c,18,-1,50420978,51991634,442.297
Tai256c,19,0,50420978,54224020,442.644
Tai256c,19,1,50420978,55062812,442.973
Tai256c,19,2,50420978,52935280,443.299
Tai256c,19,3,50420978,54499114,443.656
Tai256c,19,4,50420978,55299010,444.0
Tai256c,19,5,50420978,54226448,444.33
Tai256c,19,-1,50420978,52935280,444.334
Tai256c,20,0,50420978,52928880,444.688
Tai256c,20,1,50420978,53228762,445.031
Tai256c,20,2,50420978,52038974,445.38
Tai256c,20,3,50420978,52951196,445.723
Tai256c,20,4,50420978,53564460,446.062
Tai256c,20,5,50420978,52366656,446.392
Tai256c,20,-1,50420978,52038974,446.396
Tai256c,21,0,50420978,52290470,446.719
Tai256c,21,1,50420978,53849874,447.059
Tai256c,21,2,50420978,52995512,447.407
Tai256c,21,3,50420978,52761102,447.761
Tai256c,21,4,50420978,52338390,448.1
Tai256c,21,5,50420978,53898654,448.443
Tai256c,21,-1,50420978,52290470,448.446
Tai256c,22,0,50420978,52116832,448.776
Tai256c,22,1,50420978,52286562,449.111
Tai256c,22,2,50420978,53667940,449.444
Tai256c,22,3,50420978,52914312,449.782
Tai256c,22,4,50420978,53401380,450.107
Tai256c,22,5,50420978,53081584,450.455
Tai256c,22,-1,50420978,52116832,450.463
Tai256c,23,0,50420978,52421976,450.845
Tai256c,23,1,50420978,54555438,451.174
Tai256c,23,2,50420978,53930916,451.495
Tai256c,23,3,50420978,54387376,451.809
Tai256c,23,4,50420978,51720764,452.153
Tai256c,23,5,50420978,55854990,452.512
Tai256c,23,-1,50420978,51720764,452.517
Tai256c,24,0,50420978,53266448,452.823
Tai256c,24,1,50420978,54582806,453.156
Tai256c,24,2,50420978,52989054,453.487
Tai256c,24,3,50420978,54274244,453.799
Tai256c,24,4,50420978,52843688,454.143
Tai256c,24,5,50420978,54115036,454.497
Tai256c,24,-1,50420978,52843688,454.501
Tai256c,25,0,50420978,55977902,454.814
Tai256c,25,1,50420978,54091354,455.131
Tai256c,25,2,50420978,55338796,455.42
Tai256c,25,3,50420978,54582136,455.748
Tai256c,25,4,50420978,51390686,456.061
Tai256c,25,5,50420978,54246270,456.419
Tai256c,25,-1,50420978,51390686,456.423
Tai256c,26,0,50420978,55597456,456.745
Tai256c,26,1,50420978,56355704,457.068
Tai256c,26,2,50420978,56939550,457.394
Tai256c,26,3,50420978,53759434,457.735
Tai256c,26,4,50420978,53364268,458.036
Tai256c,26,5,50420978,54453768,458.363
Tai256c,26,-1,50420978,53364268,458.368
Tai256c,27,0,50420978,53245692,458.817
Tai256c,27,1,50420978,52496872,459.153
Tai256c,27,2,50420978,52765694,459.494
Tai256c,27,3,50420978,54506134,459.843
Tai256c,27,4,50420978,53592936,460.176
Tai256c,27,5,50420978,51416188,460.502
Tai256c,27,-1,50420978,51416188,460.508
Tai256c,28,0,50420978,54299208,460.861
Tai256c,28,1,50420978,54081424,461.174
Tai256c,28,2,50420978,52363166,461.485
Tai256c,28,3,50420978,51893970,461.818
Tai256c,28,4,50420978,51973576,462.124
Tai256c,28,5,50420978,52359084,462.476
Tai256c,28,-1,50420978,51893970,462.482
Tai256c,29,0,50420978,52281090,462.816
Tai256c,29,1,50420978,53989782,463.17
Tai256c,29,2,50420978,54394472,463.499
Tai256c,29,3,50420978,52621860,463.823
Tai256c,29,4,50420978,52621830,464.124
Tai256c,29,5,50420978,52294788,464.435
Tai256c,29,-1,50420978,52281090,464.439
Tai256c,30,0,50420978,52199424,464.727
Tai256c,30,1,50420978,53397656,465.034
Tai256c,30,2,50420978,53960688,465.365
Tai256c,30,3,50420978,54139784,465.648
Tai256c,30,4,50420978,54133322,465.825
Tai256c,30,5,50420978,54077226,466.004
Tai256c,30,-1,50420978,52199424,466.008
Tai256c,31,0,50420978,53507638,466.265
Tai256c,31,1,50420978,53255810,466.401
Tai256c,31,2,50420978,55803380,466.534
Tai256c,31,3,50420978,51817828,466.672
Tai256c,31,4,50420978,52942476,466.814
Tai256c,31,5,50420978,54032624,466.928
Tai256c,31,-1,50420978,51817828,466.931
Tai256c,32,0,50420978,54953072,467.064
Tai256c,32,1,50420978,55983646,467.238
Tai256c,32,2,50420978,52266560,467.45
Tai256c,32,3,50420978,54885462,467.599
Tai256c,32,4,50420978,53589470,467.718
Tai256c,32,5,50420978,54453568,467.818
Tai256c,32,-1,50420978,52266560,467.82
Tai256c,33,0,50420978,52316008,467.955
Tai256c,33,1,50420978,52276852,468.076
Tai256c,33,2,50420978,54087298,468.176
Tai256c,33,3,50420978,53954040,468.287
Tai256c,33,4,50420978,55384366,468.395
Tai256c,33,5,50420978,53791358,468.496
Tai256c,33,-1,50420978,52276852,468.499
Tai256c,34,0,50420978,53323316,468.633
Tai256c,34,1,50420978,51988502,468.852
Tai256c,34,2,50420978,53258426,469.181
Tai256c,34,3,50420978,54828274,469.5
Tai256c,34,4,50420978,55761176,469.823
Tai256c,34,5,50420978,54793172,470.146
Tai256c,34,-1,50420978,51988502,470.149
Tai256c,35,0,50420978,53518220,470.486
Tai256c,35,1,50420978,53948484,470.82
Tai256c,35,2,50420978,52518434,471.117
Tai256c,35,3,50420978,54188642,471.447
Tai256c,35,4,50420978,53510308,471.768
Tai256c,35,5,50420978,52807366,472.099
Tai256c,35,-1,50420978,52518434,472.103
Tai256c,36,0,50420978,54380620,472.393
Tai256c,36,1,50420978,53974494,472.715
Tai256c,36,2,50420978,54018062,473.034
Tai256c,36,3,50420978,53656680,473.327
Tai256c,36,4,50420978,52603066,473.659
Tai256c,36,5,50420978,52907296,473.976
Tai256c,36,-1,50420978,52603066,473.981
Tai256c,37,0,50420978,52077422,474.294
Tai256c,37,1,50420978,54521372,474.61
Tai256c,37,2,50420978,52321864,474.934
Tai256c,37,3,50420978,52652930,475.272
Tai256c,37,4,50420978,53795010,475.586
Tai256c,37,5,50420978,55905316,475.928
Tai256c,37,-1,50420978,52077422,475.932
Tai256c,38,0,50420978,52582424,476.242
Tai256c,38,1,50420978,51194574,476.574
Tai256c,38,2,50420978,55132032,476.912
Tai256c,38,3,50420978,52582432,477.254
Tai256c,38,4,50420978,52464582,477.586
Tai256c,38,5,50420978,54787844,477.928
Tai256c,38,-1,50420978,51194574,477.931
Tai256c,39,0,50420978,50935264,478.249
Tai256c,39,1,50420978,55268454,478.591
Tai256c,39,2,50420978,54167888,478.935
Tai256c,39,3,50420978,54426042,479.215
Tai256c,39,4,50420978,54024376,479.549
Tai256c,39,5,50420978,53354878,479.896
Tai256c,39,-1,50420978,50935264,479.899
Tai256c,40,0,50420978,52879158,480.25
Tai256c,40,1,50420978,52415348,480.561
Tai256c,40,2,50420978,53667602,480.901
Tai256c,40,3,50420978,53312806,481.207
Tai256c,40,4,50420978,51763618,481.544
Tai256c,40,5,50420978,51806614,481.883
Tai256c,40,-1,50420978,51763618,481.888
Tai256c,41,0,50420978,54787068,482.21
Tai256c,41,1,50420978,53581970,482.53
Tai256c,41,2,50420978,54649136,482.855
Tai256c,41,3,50420978,53059760,483.172
Tai256c,41,4,50420978,53386876,483.5
Tai256c,41,5,50420978,53340942,483.819
Tai256c,41,-1,50420978,53059760,483.822
Tai256c,42,0,50420978,54746538,484.148
Tai256c,42,1,50420978,54194196,484.485
Tai256c,42,2,50420978,54842354,484.853
Tai256c,42,3,50420978,53953242,485.129
Tai256c,42,4,50420978,54071048,485.345
Tai256c,42,5,50420978,51601780,485.664
Tai256c,42,-1,50420978,51601780,485.668
Tai256c,43,0,50420978,54954204,485.971
Tai256c,43,1,50420978,52688814,486.296
Tai256c,43,2,50420978,52728960,486.619
Tai256c,43,3,50420978,52728556,486.975
Tai256c,43,4,50420978,53778238,487.266
Tai256c,43,5,50420978,52987700,487.56
Tai256c,43,-1,50420978,52688814,487.564
Tai256c,44,0,50420978,54139290,487.867
Tai256c,44,1,50420978,52870708,488.205
Tai256c,44,2,50420978,55506358,488.529
Tai256c,44,3,50420978,51495758,488.883
Tai256c,44,4,50420978,53119974,489.231
Tai256c,44,5,50420978,53598542,489.564
Tai256c,44,-1,50420978,51495758,489.569
Tai256c,45,0,50420978,56234466,489.922
Tai256c,45,1,50420978,54524670,490.269
Tai256c,45,2,50420978,52070074,490.582
Tai256c,45,3,50420978,51919678,490.922
Tai256c,45,4,50420978,52849084,491.254
Tai256c,45,5,50420978,51039852,491.606
Tai256c,45,-1,50420978,51039852,491.612
Tai256c,46,0,50420978,54065888,491.911
Tai256c,46,1,50420978,53859782,492.228
Tai256c,46,2,50420978,54446064,492.528
Tai256c,46,3,50420978,54996406,492.853
Tai256c,46,4,50420978,55029208,493.217
Tai256c,46,5,50420978,51142578,493.536
Tai256c,46,-1,50420978,51142578,493.54
Tai256c,47,0,50420978,51797740,493.856
Tai256c,47,1,50420978,54566668,494.197
Tai256c,47,2,50420978,55265390,494.514
Tai256c,47,3,50420978,52517150,494.858
Tai256c,47,4,50420978,53174862,495.187
Tai256c,47,5,50420978,53051740,495.489
Tai256c,47,-1,50420978,51797740,495.494
Tai256c,48,0,50420978,54395312,495.835
Tai256c,48,1,50420978,52354324,496.162
Tai256c,48,2,50420978,51824776,496.504
Tai256c,48,3,50420978,53473546,496.829
Tai256c,48,4,50420978,52364126,497.148
Tai256c,48,5,50420978,53528894,497.48
Tai256c,48,-1,50420978,51824776,497.484
Tai256c,49,0,50420978,53083944,497.812
Tai256c,49,1,50420978,53429656,498.175
Tai256c,49,2,50420978,53072528,498.511
Tai256c,49,3,50420978,52253840,498.841
Tai256c,49,4,50420978,55550856,499.168
Tai256c,49,5,50420978,52421968,499.535
Tai256c,49,-1,50420978,52253840,499.54
Tai256c,50,0,50420978,54121010,499.875
Tai256c,50,1,50420978,53252600,500.202
Tai256c,50,2,50420978,52814954,500.514
Tai256c,50,3,50420978,52118748,500.987
Tai256c,50,4,50420978,54415360,501.319
Tai256c,50,5,50420978,56452322,501.673
Tai256c,50,-1,50420978,52118748,501.679
Tai256c,51,0,50420978,54427962,502.039
Tai256c,51,1,50420978,57391488,502.357
Tai256c,51,2,50420978,54048582,502.682
Tai256c,51,3,50420978,52971490,503.007
Tai256c,51,4,50420978,53036330,503.347
Tai256c,51,5,50420978,53771308,503.682
Tai256c,51,-1,50420978,52971490,503.686
Tai256c,52,0,50420978,53237398,504.011
Tai256c,52,1,50420978,53303604,504.367
Tai256c,52,2,50420978,52080506,504.688
Tai256c,52,3,50420978,53919042,505.03
Tai256c,52,4,50420978,53400170,505.392
Tai256c,52,5,50420978,52989320,505.734
Tai256c,52,-1,50420978,52080506,505.737
Tai256c,53,0,50420978,54795890,506.077
Tai256c,53,1,50420978,52725562,506.436
Tai256c,53,2,50420978,52434250,506.778
Tai256c,53,3,50420978,51698132,507.079
Tai256c,53,4,50420978,56636342,507.384
Tai256c,53,5,50420978,51571600,507.725
Tai256c,53,-1,50420978,51571600,507.732
Tai256c,54,0,50420978,53813246,508.057
Tai256c,54,1,50420978,53152148,508.352
Tai256c,54,2,50420978,53853036,508.684
Tai256c,54,3,50420978,51543990,509.006
Tai256c,54,4,50420978,53059122,509.331
Tai256c,54,5,50420978,56760638,509.663
Tai256c,54,-1,50420978,51543990,509.668
Tai256c,55,0,50420978,53082088,509.959
Tai256c,55,1,50420978,55389996,510.295
Tai256c,55,2,50420978,55190878,510.626
Tai256c,55,3,50420978,52838942,510.963
Tai256c,55,4,50420978,54170924,511.281
Tai256c,55,5,50420978,52653380,511.617
Tai256c,55,-1,50420978,52653380,511.623
Tai256c,56,0,50420978,53267306,511.95
Tai256c,56,1,50420978,52072350,512.319
Tai256c,56,2,50420978,52699250,512.666
Tai256c,56,3,50420978,52371322,513.007
Tai256c,56,4,50420978,53903392,513.33
Tai256c,56,5,50420978,55364346,513.634
Tai256c,56,-1,50420978,52072350,513.637
Tai256c,57,0,50420978,52574112,513.969
Tai256c,57,1,50420978,57202660,514.311
Tai256c,57,2,50420978,55197018,514.663
Tai256c,57,3,50420978,53781614,514.963
Tai256c,57,4,50420978,55344402,515.298
Tai256c,57,5,50420978,55264522,515.596
Tai256c,57,-1,50420978,52574112,515.602
Tai256c,58,0,50420978,53617278,515.927
Tai256c,58,1,50420978,54643330,516.256
Tai256c,58,2,50420978,55522338,516.6
Tai256c,58,3,50420978,53514800,516.933
Tai256c,58,4,50420978,54765852,517.243
Tai256c,58,5,50420978,56332746,517.529
Tai256c,58,-1,50420978,53514800,517.535
Tai256c,59,0,50420978,52957436,517.865
Tai256c,59,1,50420978,55193024,518.161
Tai256c,59,2,50420978,53525642,518.477
Tai256c,59,3,50420978,52851768,518.824
Tai256c,59,4,50420978,53320872,519.153
Tai256c,59,5,50420978,51663348,519.465
Tai256c,59,-1,50420978,51663348,519.469
Tai256c,60,0,50420978,53457526,519.781
Tai256c,60,1,50420978,52262216,520.106
Tai256c,60,2,50420978,55417952,520.459
Tai256c,60,3,50420978,52921212,520.846
Tai256c,60,4,50420978,52504432,521.168
Tai256c,60,5,50420978,52761708,521.521
Tai256c,60,-1,50420978,52262216,521.527
Tai256c,61,0,50420978,55592640,521.871
Tai256c,61,1,50420978,52587058,522.207
Tai256c,61,2,50420978,52886574,522.541
Tai256c,61,3,50420978,51030926,522.874
Tai256c,61,4,50420978,54864658,523.185
Tai256c,61,5,50420978,53416820,523.537
Tai256c,61,-1,50420978,51030926,523.544
Tai256c,62,0,50420978,56421934,523.902
Tai256c,62,1,50420978,53523888,524.224
Tai256c,62,2,50420978,50759502,524.513
Tai256c,62,3,50420978,52720674,524.847
Tai256c,62,4,50420978,54569080,525.196
Tai256c,62,5,50420978,53239090,525.508
Tai256c,62,-1,50420978,50759502,525.515
Tai256c,63,0,50420978,53048114,525.857
Tai256c,63,1,50420978,53791208,526.204
Tai256c,63,2,50420978,54899700,526.562
Tai256c,63,3,50420978,51864580,526.862
Tai256c,63,4,50420978,53374822,527.169
Tai256c,63,5,50420978,53945014,527.474
Tai256c,63,-1,50420978,51864580,527.48
Tai256c,64,0,50420978,53827124,527.807
Tai256c,64,1,50420978,54256220,528.104
Tai256c,64,2,50420978,54347736,528.436
Tai256c,64,3,50420978,51892578,528.796
Tai256c,64,4,50420978,53129222,529.082
Tai256c,64,5,50420978,52001168,529.407
Tai256c,64,-1,50420978,51892578,529.412
Tai256c,65,0,50420978,54868328,529.737
Tai256c,65,1,50420978,54826230,530.051
Tai256c,65,2,50420978,54646130,530.363
Tai256c,65,3,50420978,52055336,530.697
Tai256c,65,4,50420978,53020012,531.005
Tai256c,65,5,50420978,54844858,531.309
Tai256c,65,-1,50420978,52055336,531.313
Tai256c,66,0,50420978,53818100,531.595
Tai256c,66,1,50420978,53822702,531.949
Tai256c,66,2,50420978,52075088,532.265
Tai256c,66,3,50420978,51984016,532.582
Tai256c,66,4,50420978,56664792,532.881
Tai256c,66,5,50420978,53071016,533.177
Tai256c,66,-1,50420978,51984016,533.185
Tai256c,67,0,50420978,53878248,533.531
Tai256c,67,1,50420978,52298126,533.884
Tai256c,67,2,50420978,54054470,534.216
Tai256c,67,3,50420978,52469090,534.543
Tai256c,67,4,50420978,53116354,534.868
Tai256c,67,5,50420978,53912516,535.192
Tai256c,67,-1,50420978,52298126,535.2
Tai256c,68,0,50420978,52154486,535.53
Tai256c,68,1,50420978,53020100,535.84
Tai256c,68,2,50420978,53010928,536.158
Tai256c,68,3,50420978,54691300,536.453
Tai256c,68,4,50420978,52065714,536.827
Tai256c,68,5,50420978,53715226,537.14
Tai256c,68,-1,50420978,52065714,537.148
Tai256c,69,0,50420978,52997334,537.494
Tai256c,69,1,50420978,52459134,537.826
Tai256c,69,2,50420978,53773936,538.173
Tai256c,69,3,50420978,54143054,538.536
Tai256c,69,4,50420978,53146226,538.847
Tai256c,69,5,50420978,51911482,539.173
Tai256c,69,-1,50420978,51911482,539.184
Tai256c,70,0,50420978,53085590,539.568
Tai256c,70,1,50420978,54101136,540.01
Tai256c,70,2,50420978,51518968,540.339
Tai256c,70,3,50420978,54860458,540.682
Tai256c,70,4,50420978,54788228,541.03
Tai256c,70,5,50420978,54009126,541.39
Tai256c,70,-1,50420978,51518968,541.398
Tai256c,71,0,50420978,53353472,541.752
Tai256c,71,1,50420978,53244478,542.09
Tai256c,71,2,50420978,53463284,542.433
Tai256c,71,3,50420978,52569908,542.752
Tai256c,71,4,50420978,52970344,543.074
Tai256c,71,5,50420978,53477386,543.389
Tai256c,71,-1,50420978,52569908,543.392
Tai256c,72,0,50420978,53836536,543.718
Tai256c,72,1,50420978,53711250,544.472
Tai256c,72,2,50420978,52015666,544.822
Tai256c,72,3,50420978,52842254,545.148
Tai256c,72,4,50420978,54496824,545.46
Tai256c,72,5,50420978,52640398,545.789
Tai256c,72,-1,50420978,52015666,545.797
Tai256c,73,0,50420978,55519630,546.125
Tai256c,73,1,50420978,52510142,546.483
Tai256c,73,2,50420978,53031844,546.898
Tai256c,73,3,50420978,54661696,547.257
Tai256c,73,4,50420978,54654120,547.603
Tai256c,73,5,50420978,54070128,547.923
Tai256c,73,-1,50420978,52510142,547.931
Tai256c,74,0,50420978,54429304,548.252
Tai256c,74,1,50420978,52728792,548.587
Tai256c,74,2,50420978,54017162,548.903
Tai256c,74,3,50420978,55181664,549.21
Tai256c,74,4,50420978,52167504,549.524
Tai256c,74,5,50420978,53898622,549.87
Tai256c,74,-1,50420978,52167504,549.876
Tai256c,75,0,50420978,52099104,550.219
Tai256c,75,1,50420978,53646576,550.582
Tai256c,75,2,50420978,54149494,550.947
Tai256c,75,3,50420978,52464788,551.306
Tai256c,75,4,50420978,52560228,551.638
Tai256c,75,5,50420978,52619758,551.981
Tai256c,75,-1,50420978,52099104,551.986
Tai256c,76,0,50420978,52101332,552.326
Tai256c,76,1,50420978,55985828,552.674
Tai256c,76,2,50420978,53152618,552.991
Tai256c,76,3,50420978,55353526,553.319
Tai256c,76,4,50420978,53484454,553.672
Tai256c,76,5,50420978,54350754,554.023
Tai256c,76,-1,50420978,52101332,554.031
Tai256c,77,0,50420978,53756004,554.367
Tai256c,77,1,50420978,52200462,554.698
Tai256c,77,2,50420978,52769070,555.049
Tai256c,77,3,50420978,52831508,555.385
Tai256c,77,4,50420978,51488834,555.718
Tai256c,77,5,50420978,53113852,556.04
Tai256c,77,-1,50420978,51488834,556.047
Tai256c,78,0,50420978,55968382,556.368
Tai256c,78,1,50420978,56887710,556.684
Tai256c,78,2,50420978,54316828,557.003
Tai256c,78,3,50420978,51811114,557.382
Tai256c,78,4,50420978,52214484,557.788
Tai256c,78,5,50420978,53619442,558.125
Tai256c,78,-1,50420978,51811114,558.13
Tai256c,79,0,50420978,55986912,558.482
Tai256c,79,1,50420978,52704166,558.775
Tai256c,79,2,50420978,53021662,559.123
Tai256c,79,3,50420978,53927842,559.447
Tai256c,79,4,50420978,53531394,559.779
Tai256c,79,5,50420978,53620000,560.096
Tai256c,79,-1,50420978,52704166,560.102
Tai256c,80,0,50420978,54593874,560.428
Tai256c,80,1,50420978,53962790,560.791
Tai256c,80,2,50420978,56895478,561.117
Tai256c,80,3,50420978,52107468,561.451
Tai256c,80,4,50420978,54160460,561.787
Tai256c,80,5,50420978,54277282,562.119
Tai256c,80,-1,50420978,52107468,562.125
Tai256c,81,0,50420978,54652490,562.482
Tai256c,81,1,50420978,55660742,562.806
Tai256c,81,2,50420978,52208780,563.152
Tai256c,81,3,50420978,55406074,563.49
Tai256c,81,4,50420978,54360160,563.798
Tai256c,81,5,50420978,54148772,564.159
Tai256c,81,-1,50420978,52208780,564.165
Tai256c,82,0,50420978,53849898,564.522
Tai256c,82,1,50420978,57626178,564.87
Tai256c,82,2,50420978,59179596,565.169
Tai256c,82,3,50420978,54570368,565.496
Tai256c,82,4,50420978,54114230,565.841
Tai256c,82,5,50420978,54924480,566.169
Tai256c,82,-1,50420978,53849898,566.173
Tai256c,83,0,50420978,53225694,566.491
Tai256c,83,1,50420978,54619032,566.815
Tai256c,83,2,50420978,58561924,567.138
Tai256c,83,3,50420978,56237478,567.468
Tai256c,83,4,50420978,53582724,567.82
Tai256c,83,5,50420978,55085292,568.189
Tai256c,83,-1,50420978,53225694,568.194
Tai256c,84,0,50420978,53490192,568.522
Tai256c,84,1,50420978,59335448,568.884
Tai256c,84,2,50420978,56246554,569.244
Tai256c,84,3,50420978,54220622,569.597
Tai256c,84,4,50420978,52588998,569.95
Tai256c,84,5,50420978,53280794,570.307
Tai256c,84,-1,50420978,52588998,570.312
Tai256c,85,0,50420978,54921126,570.688
Tai256c,85,1,50420978,55544088,571.044
Tai256c,85,2,50420978,56849972,571.412
Tai256c,85,3,50420978,56587650,571.782
Tai256c,85,4,50420978,56995410,572.161
Tai256c,85,5,50420978,56508256,572.525
Tai256c,85,-1,50420978,54921126,572.532
Tai256c,86,0,50420978,59138644,572.899
Tai256c,86,1,50420978,55548548,573.244
Tai256c,86,2,50420978,54331076,573.59
Tai256c,86,3,50420978,55394066,573.913
Tai256c,86,4,50420978,57969276,574.256
Tai256c,86,5,50420978,53665524,574.598
Tai256c,86,-1,50420978,53665524,574.602
Tai256c,87,0,50420978,55439362,574.946
Tai256c,87,1,50420978,58356032,575.295
Tai256c,87,2,50420978,58574586,575.64
Tai256c,87,3,50420978,54305724,575.982
Tai256c,87,4,50420978,52354346,576.323
Tai256c,87,5,50420978,56179768,576.639
Tai256c,87,-1,50420978,52354346,576.644
Tai256c,88,0,50420978,59114864,576.98
Tai256c,88,1,50420978,58475612,577.342
Tai256c,88,2,50420978,56519212,577.693
Tai256c,88,3,50420978,54121128,578.019
Tai256c,88,4,50420978,56724606,578.344
Tai256c,88,5,50420978,56519200,578.673
Tai256c,88,-1,50420978,54121128,578.679
Tai256c,89,0,50420978,55911132,579.023
Tai256c,89,1,50420978,63307520,579.353
Tai256c,89,2,50420978,60276526,579.682
Tai256c,89,3,50420978,56185292,580.04
Tai256c,89,4,50420978,55110230,580.364
Tai256c,89,5,50420978,58547976,580.723
Tai256c,89,-1,50420978,55110230,580.73
Tai256c,90,0,50420978,55262478,581.079
Tai256c,90,1,50420978,55728150,581.435
Tai256c,90,2,50420978,55531986,581.773
Tai256c,90,3,50420978,54776536,582.1
Tai256c,90,4,50420978,59582904,582.45
Tai256c,90,5,50420978,57842304,582.826
Tai256c,90,-1,50420978,54776536,582.832
Tai256c,91,0,50420978,54227790,583.161
Tai256c,91,1,50420978,54148646,583.511
Tai256c,91,2,50420978,56153146,583.855
Tai256c,91,3,50420978,55020092,584.179
Tai256c,91,4,50420978,56705852,584.542
Tai256c,91,5,50420978,56590120,584.887
Tai256c,91,-1,50420978,54148646,584.893
Tai256c,92,0,50420978,59649490,585.214
Tai256c,92,1,50420978,58549248,585.538
Tai256c,92,2,50420978,56627530,585.896
Tai256c,92,3,50420978,57796418,586.27
Tai256c,92,4,50420978,58357398,586.607
Tai256c,92,5,50420978,55314504,586.947
Tai256c,92,-1,50420978,55314504,586.957
Tai256c,93,0,50420978,54302596,587.294
Tai256c,93,1,50420978,57610316,587.623
Tai256c,93,2,50420978,60384090,587.981
Tai256c,93,3,50420978,57373478,588.349
Tai256c,93,4,50420978,55519314,588.719
Tai256c,93,5,50420978,56524866,589.054
Tai256c,93,-1,50420978,54302596,589.061
Tai256c,94,0,50420978,58046704,589.424
Tai256c,94,1,50420978,58351854,589.772
Tai256c,94,2,50420978,58254626,590.132
Tai256c,94,3,50420978,57417078,590.466
Tai256c,94,4,50420978,53337650,590.805
Tai256c,94,5,50420978,55388398,591.19
Tai256c,94,-1,50420978,53337650,591.194
Tai256c,95,0,50420978,58720692,591.54
Tai256c,95,1,50420978,58089928,591.91
Tai256c,95,2,50420978,62251060,592.268
Tai256c,95,3,50420978,57718426,592.619
Tai256c,95,4,50420978,59434270,592.959
Tai256c,95,5,50420978,57279386,593.268
Tai256c,95,-1,50420978,57279386,593.274
Tai256c,96,0,50420978,58239938,593.562
Tai256c,96,1,50420978,60155844,593.891
Tai256c,96,2,50420978,55702164,594.202
Tai256c,96,3,50420978,60553122,594.487
Tai256c,96,4,50420978,59640730,594.959
Tai256c,96,5,50420978,62351720,595.29
Tai256c,96,-1,50420978,55702164,595.298
Tai256c,0,0,56252390,56252390,595.702
Tai256c,0,1,54685126,54685126,596.012
Tai256c,0,2,52174558,52174558,596.335
Tai256c,0,3,52174558,52956220,596.669
Tai256c,0,4,52174558,53451896,597.022
Tai256c,0,5,52174558,54562606,597.339
Tai256c,0,6,52174558,54415344,597.693
Tai256c,0,7,52174558,53191448,598.036
Tai256c,0,8,52174558,52792080,599.196
Tai256c,0,9,52174558,53681260,599.552
Tai256c,0,10,52174558,54238194,600.468
