Sko100a,100,173974,2.53,120.77,6,70,0.5966,0.5187,10,100,42,"[90, 22, 51, 4, 44, 81, 5, 66, 86, 49, 23, 48, 98, 56, 33, 84, 30, 50, 43, 41, 20, 26, 88, 32, 2, 3, 54, 82, 85, 53, 78, 8, 75, 25, 55, 99, 89, 59, 52, 7, 47, 35, 94, 95, 77, 11, 76, 15, 73, 16, 36, 10, 6, 69, 46, 63, 37, 19, 65, 97, 87, 1, 40, 34, 45, 28, 72, 79, 57, 9, 27, 18, 60, 74, 96, 80, 42, 12, 14, 29, 24, 31, 67, 92, 83, 21, 71, 62, 39, 38, 17, 70, 93, 61, 0, 68, 91, 13, 58, 64]"
Sko100a,200,173974,4.43,120.77,6,70,0.5966,0.5187,10,100,42,"[90, 22, 51, 4, 44, 81, 5, 66, 86, 49, 23, 48, 98, 56, 33, 84, 30, 50, 43, 41, 20, 26, 88, 32, 2, 3, 54, 82, 85, 53, 78, 8, 75, 25, 55, 99, 89, 59, 52, 7, 47, 35, 94, 95, 77, 11, 76, 15, 73, 16, 36, 10, 6, 69, 46, 63, 37, 19, 65, 97, 87, 1, 40, 34, 45, 28, 72, 79, 57, 9, 27, 18, 60, 74, 96, 80, 42, 12, 14, 29, 24, 31, 67, 92, 83, 21, 71, 62, 39, 38, 17, 70, 93, 61, 0, 68, 91, 13, 58, 64]"
Sko100a,300,173974,7.14,120.37,6,70,0.5966,0.5187,10,100,42,"[90, 22, 51, 4, 44, 81, 5, 66, 86, 49, 23, 48, 98, 56, 33, 84, 30, 50, 43, 41, 20, 26, 88, 32, 2, 3, 54, 82, 85, 53, 78, 8, 75, 25, 55, 99, 89, 59, 52, 7, 47, 35, 94, 95, 77, 11, 76, 15, 73, 16, 36, 10, 6, 69, 46, 63, 37, 19, 65, 97, 87, 1, 40, 34, 45, 28, 72, 79, 57, 9, 27, 18, 60, 74, 96, 80, 42, 12, 14, 29, 24, 31, 67, 92, 83, 21, 71, 62, 39, 38, 17, 70, 93, 61, 0, 68, 91, 13, 58, 64]"
Sko100a,400,173974,11.49,62.12,6,70,0.5966,0.5187,10,100,42,"[90, 22, 51, 4, 44, 81, 5, 66, 86, 49, 23, 48, 98, 56, 33, 84, 30, 50, 43, 41, 20, 26, 88, 32, 2, 3, 54, 82, 85, 53, 78, 8, 75, 25, 55, 99, 89, 59, 52, 7, 47, 35, 94, 95, 77, 11, 76, 15, 73, 16, 36, 10, 6, 69, 46, 63, 37, 19, 65, 97, 87, 1, 40, 34, 45, 28, 72, 79, 57, 9, 27, 18, 60, 74, 96, 80, 42, 12, 14, 29, 24, 31, 67, 92, 83, 21, 71, 62, 39, 38, 17, 70, 93, 61, 0, 68, 91, 13, 58, 64]"
Sko100a,500,173974,16.5,12.32,6,70,0.5966,0.5187,10,100,42,"[90, 22, 51, 4, 44, 81, 5, 66, 86, 49, 23, 48, 98, 56, 33, 84, 30, 50, 43, 41, 20, 26, 88, 32, 2, 3, 54, 82, 85, 53, 78, 8, 75, 25, 55, 99, 89, 59, 52, 7, 47, 35, 94, 95, 77, 11, 76, 15, 73, 16, 36, 10, 6, 69, 46, 63, 37, 19, 65, 97, 87, 1, 40, 34, 45, 28, 72, 79, 57, 9, 27, 18, 60, 74, 96, 80, 42, 12, 14, 29, 24, 31, 67, 92, 83, 21, 71, 62, 39, 38, 17, 70, 93, 61, 0, 68, 91, 13, 58, 64]"
Sko100a,600,173974,21.91,8.51,6,70,0.5966,0.5187,10,100,42,"[90, 22, 51, 4, 44, 81, 5, 66, 86, 49, 23, 48, 98, 56, 33, 84, 30, 50, 43, 41, 20, 26, 88, 32, 2, 3, 54, 82, 85, 53, 78, 8, 75, 25, 55, 99, 89, 59, 52, 7, 47, 35, 94, 95, 77, 11, 76, 15, 73, 16, 36, 10, 6, 69, 46, 63, 37, 19, 65, 97, 87, 1, 40, 34, 45, 28, 72, 79, 57, 9, 27, 18, 60, 74, 96, 80, 42, 12, 14, 29, 24, 31, 67, 92, 83, 21, 71, 62, 39, 38, 17, 70, 93, 61, 0, 68, 91, 13, 58, 64]"
Sko100a,700,172474,25.96,8.18,6,70,0.5966,0.5187,10,100,42,"[21, 17, 70, 96, 22, 90, 36, 4, 63, 72, 6, 99, 69, 8, 44, 81, 82, 32, 31, 89, 12, 71, 51, 62, 93, 47, 87, 28, 2, 43, 83, 30, 49, 13, 45, 91, 57, 68, 77, 33, 10, 67, 46, 58, 50, 25, 56, 64, 39, 34, 16, 59, 37, 24, 52, 94, 98, 38, 55, 14, 86, 97, 18, 26, 74, 80, 78, 73, 1, 19, 40, 35, 60, 66, 61, 75, 29, 65, 76, 84, 48, 54, 0, 88, 27, 7, 23, 11, 79, 92, 15, 5, 95, 41, 3, 42, 85, 20, 9, 53]"
Sko100a,800,172130,29.17,6.77,6,70,0.5966,0.5187,10,100,42,"[83, 62, 51, 67, 13, 37, 29, 4, 80, 36, 6, 58, 99, 38, 44, 89, 47, 39, 64, 7, 12, 71, 20, 98, 93, 82, 94, 18, 2, 32, 72, 49, 8, 63, 50, 91, 52, 81, 77, 57, 10, 22, 46, 69, 45, 25, 56, 31, 43, 34, 61, 59, 1, 24, 33, 5, 17, 78, 55, 14, 54, 97, 28, 26, 74, 3, 30, 73, 70, 19, 40, 11, 60, 66, 16, 75, 21, 65, 76, 85, 27, 86, 0, 88, 48, 87, 23, 35, 79, 92, 15, 41, 95, 96, 68, 42, 84, 90, 9, 53]"
Sko100a,900,172130,30.88,6.52,6,70,0.5966,0.5187,10,100,42,"[83, 62, 51, 67, 13, 37, 29, 4, 80, 36, 6, 58, 99, 38, 44, 89, 47, 39, 64, 7, 12, 71, 20, 98, 93, 82, 94, 18, 2, 32, 72, 49, 8, 63, 50, 91, 52, 81, 77, 57, 10, 22, 46, 69, 45, 25, 56, 31, 43, 34, 61, 59, 1, 24, 33, 5, 17, 78, 55, 14, 54, 97, 28, 26, 74, 3, 30, 73, 70, 19, 40, 11, 60, 66, 16, 75, 21, 65, 76, 85, 27, 86, 0, 88, 48, 87, 23, 35, 79, 92, 15, 41, 95, 96, 68, 42, 84, 90, 9, 53]"
Sko100a,1000,171536,32.75,6.52,6,70,0.5966,0.5187,10,100,42,"[43, 64, 90, 93, 52, 39, 2, 9, 14, 95, 70, 48, 98, 74, 62, 61, 20, 8, 67, 19, 81, 5, 73, 13, 97, 17, 80, 47, 79, 34, 37, 35, 42, 57, 82, 53, 54, 4, 77, 44, 36, 40, 33, 50, 91, 69, 49, 99, 27, 23, 51, 41, 16, 84, 59, 25, 68, 71, 56, 3, 85, 26, 83, 60, 76, 31, 66, 72, 1, 96, 28, 18, 86, 22, 45, 75, 58, 65, 89, 88, 94, 15, 10, 46, 24, 87, 30, 6, 0, 92, 29, 63, 32, 21, 11, 12, 7, 55, 78, 38]"
Sko100a,1100,171362,34.74,6.52,6,70,0.5966,0.5187,10,100,42,"[43, 77, 0, 93, 20, 39, 2, 53, 61, 84, 80, 48, 85, 74, 62, 19, 52, 8, 67, 26, 81, 5, 29, 13, 50, 17, 83, 47, 79, 34, 37, 35, 42, 57, 82, 9, 54, 4, 64, 90, 36, 40, 33, 97, 91, 63, 49, 99, 27, 23, 51, 41, 16, 95, 59, 25, 68, 71, 3, 28, 10, 14, 70, 60, 76, 31, 66, 72, 1, 75, 56, 18, 86, 22, 45, 96, 58, 65, 89, 88, 94, 15, 11, 46, 24, 87, 30, 6, 44, 92, 73, 69, 32, 21, 98, 12, 7, 55, 78, 38]"
Sko100a,1200,171362,37.17,6.39,6,70,0.5966,0.5187,10,100,42,"[43, 77, 0, 93, 20, 39, 2, 53, 61, 84, 80, 48, 85, 74, 62, 19, 52, 8, 67, 26, 81, 5, 29, 13, 50, 17, 83, 47, 79, 34, 37, 35, 42, 57, 82, 9, 54, 4, 64, 90, 36, 40, 33, 97, 91, 63, 49, 99, 27, 23, 51, 41, 16, 95, 59, 25, 68, 71, 3, 28, 10, 14, 70, 60, 76, 31, 66, 72, 1, 75, 56, 18, 86, 22, 45, 96, 58, 65, 89, 88, 94, 15, 11, 46, 24, 87, 30, 6, 44, 92, 73, 69, 32, 21, 98, 12, 7, 55, 78, 38]"
Sko100a,1300,170402,41.64,5.52,6,70,0.5966,0.5187,10,100,42,"[87, 13, 86, 5, 48, 27, 96, 23, 61, 4, 40, 42, 93, 35, 12, 88, 73, 8, 14, 90, 20, 76, 59, 74, 34, 1, 15, 78, 79, 70, 60, 83, 37, 57, 16, 32, 64, 7, 95, 38, 98, 21, 33, 81, 10, 24, 47, 97, 49, 53, 75, 52, 44, 28, 94, 25, 68, 55, 36, 46, 30, 43, 63, 85, 3, 31, 92, 67, 56, 19, 69, 18, 80, 6, 54, 91, 58, 9, 89, 99, 62, 71, 11, 29, 72, 45, 2, 51, 41, 50, 84, 39, 0, 22, 65, 17, 66, 77, 82, 26]"
Sko100a,1400,169912,45.9,5.53,6,70,0.5966,0.5187,10,100,42,"[47, 13, 86, 5, 48, 24, 96, 67, 26, 9, 40, 42, 93, 12, 3, 63, 79, 29, 83, 73, 98, 28, 6, 16, 35, 78, 58, 51, 94, 17, 71, 52, 88, 85, 21, 43, 30, 27, 2, 38, 44, 66, 60, 68, 69, 55, 56, 72, 62, 91, 75, 89, 80, 97, 74, 99, 15, 10, 54, 4, 34, 76, 14, 53, 37, 31, 59, 61, 45, 81, 1, 18, 19, 33, 87, 7, 23, 46, 36, 50, 49, 11, 95, 25, 39, 41, 92, 64, 65, 82, 84, 20, 0, 22, 32, 70, 77, 90, 57, 8]"
Sko100a,1500,168176,49.27,5.53,6,70,0.5966,0.5187,10,100,42,"[75, 13, 86, 5, 14, 24, 96, 35, 26, 36, 40, 60, 93, 12, 3, 63, 79, 29, 94, 46, 98, 28, 6, 16, 95, 78, 58, 51, 83, 17, 71, 52, 88, 85, 21, 43, 30, 54, 2, 9, 44, 37, 42, 18, 69, 55, 56, 72, 62, 91, 47, 89, 66, 97, 74, 99, 15, 10, 27, 4, 34, 11, 48, 53, 80, 31, 59, 38, 68, 81, 19, 45, 1, 33, 87, 7, 23, 73, 61, 50, 49, 76, 67, 25, 39, 90, 92, 64, 65, 82, 84, 20, 0, 22, 32, 70, 77, 41, 8, 57]"
Sko100a,1600,168176,52.55,5.62,6,70,0.5966,0.5187,10,100,42,"[75, 13, 86, 5, 14, 24, 96, 35, 26, 36, 40, 60, 93, 12, 3, 63, 79, 29, 94, 46, 98, 28, 6, 16, 95, 78, 58, 51, 83, 17, 71, 52, 88, 85, 21, 43, 30, 54, 2, 9, 44, 37, 42, 18, 69, 55, 56, 72, 62, 91, 47, 89, 66, 97, 74, 99, 15, 10, 27, 4, 34, 11, 48, 53, 80, 31, 59, 38, 68, 81, 19, 45, 1, 33, 87, 7, 23, 73, 61, 50, 49, 76, 67, 25, 39, 90, 92, 64, 65, 82, 84, 20, 0, 22, 32, 70, 77, 41, 8, 57]"
Sko100a,1700,168176,55.77,5.73,6,70,0.5966,0.5187,10,100,42,"[75, 13, 86, 5, 14, 24, 96, 35, 26, 36, 40, 60, 93, 12, 3, 63, 79, 29, 94, 46, 98, 28, 6, 16, 95, 78, 58, 51, 83, 17, 71, 52, 88, 85, 21, 43, 30, 54, 2, 9, 44, 37, 42, 18, 69, 55, 56, 72, 62, 91, 47, 89, 66, 97, 74, 99, 15, 10, 27, 4, 34, 11, 48, 53, 80, 31, 59, 38, 68, 81, 19, 45, 1, 33, 87, 7, 23, 73, 61, 50, 49, 76, 67, 25, 39, 90, 92, 64, 65, 82, 84, 20, 0, 22, 32, 70, 77, 41, 8, 57]"
Sko100a,1800,167928,58.84,5.73,6,70,0.5966,0.5187,10,100,42,"[75, 17, 60, 13, 41, 57, 35, 49, 67, 82, 96, 44, 87, 46, 1, 53, 59, 65, 51, 85, 98, 88, 70, 93, 0, 9, 20, 94, 26, 4, 11, 33, 15, 79, 76, 63, 30, 73, 54, 8, 5, 48, 40, 78, 84, 95, 50, 72, 18, 10, 29, 6, 14, 97, 3, 80, 24, 74, 71, 23, 45, 27, 28, 21, 39, 31, 81, 62, 12, 38, 66, 34, 32, 42, 55, 7, 56, 43, 61, 92, 77, 47, 99, 25, 68, 89, 37, 64, 91, 36, 16, 19, 52, 22, 58, 83, 90, 69, 86, 2]"
Sko100a,1900,167928,62.81,5.72,6,70,0.5966,0.5187,10,100,42,"[75, 17, 60, 13, 41, 57, 35, 49, 67, 82, 96, 44, 87, 46, 1, 53, 59, 65, 51, 85, 98, 88, 70, 93, 0, 9, 20, 94, 26, 4, 11, 33, 15, 79, 76, 63, 30, 73, 54, 8, 5, 48, 40, 78, 84, 95, 50, 72, 18, 10, 29, 6, 14, 97, 3, 80, 24, 74, 71, 23, 45, 27, 28, 21, 39, 31, 81, 62, 12, 38, 66, 34, 32, 42, 55, 7, 56, 43, 61, 92, 77, 47, 99, 25, 68, 89, 37, 64, 91, 36, 16, 19, 52, 22, 58, 83, 90, 69, 86, 2]"
Sko100a,2000,167928,66.15,5.65,6,70,0.5966,0.5187,10,100,42,"[75, 17, 60, 13, 41, 57, 35, 49, 67, 82, 96, 44, 87, 46, 1, 53, 59, 65, 51, 85, 98, 88, 70, 93, 0, 9, 20, 94, 26, 4, 11, 33, 15, 79, 76, 63, 30, 73, 54, 8, 5, 48, 40, 78, 84, 95, 50, 72, 18, 10, 29, 6, 14, 97, 3, 80, 24, 74, 71, 23, 45, 27, 28, 21, 39, 31, 81, 62, 12, 38, 66, 34, 32, 42, 55, 7, 56, 43, 61, 92, 77, 47, 99, 25, 68, 89, 37, 64, 91, 36, 16, 19, 52, 22, 58, 83, 90, 69, 86, 2]"
Sko100a,2100,167404,68.97,5.65,6,70,0.5966,0.5187,10,100,42,"[75, 84, 1, 66, 8, 58, 41, 49, 20, 82, 96, 63, 93, 9, 86, 57, 89, 59, 72, 46, 40, 6, 51, 79, 85, 21, 25, 27, 26, 50, 74, 95, 22, 15, 33, 31, 69, 97, 64, 38, 11, 47, 48, 29, 18, 61, 78, 44, 67, 0, 98, 17, 94, 80, 73, 55, 24, 30, 53, 71, 90, 81, 42, 92, 3, 62, 60, 45, 65, 87, 83, 34, 91, 39, 35, 7, 56, 32, 23, 70, 77, 28, 99, 52, 76, 13, 37, 68, 36, 19, 5, 16, 4, 43, 54, 88, 14, 10, 2, 12]"
Sko100a,2200,165648,71.36,5.65,6,70,0.5966,0.5187,10,100,42,"[75, 1, 84, 66, 8, 58, 41, 49, 20, 82, 96, 63, 69, 9, 86, 57, 89, 59, 72, 46, 40, 6, 51, 79, 85, 21, 25, 27, 26, 64, 87, 95, 22, 15, 33, 31, 93, 97, 50, 38, 11, 47, 48, 29, 18, 61, 78, 44, 65, 0, 16, 90, 39, 80, 73, 55, 24, 30, 74, 71, 17, 81, 42, 92, 3, 62, 60, 45, 67, 53, 83, 34, 91, 19, 35, 7, 56, 32, 23, 70, 77, 28, 99, 52, 76, 13, 37, 68, 36, 5, 54, 98, 43, 4, 88, 94, 14, 10, 2, 12]"
Sko100a,2300,165648,74.45,5.65,6,70,0.5966,0.5187,10,100,42,"[75, 1, 84, 66, 8, 58, 41, 49, 20, 82, 96, 63, 69, 9, 86, 57, 89, 59, 72, 46, 40, 6, 51, 79, 85, 21, 25, 27, 26, 64, 87, 95, 22, 15, 33, 31, 93, 97, 50, 38, 11, 47, 48, 29, 18, 61, 78, 44, 65, 0, 16, 90, 39, 80, 73, 55, 24, 30, 74, 71, 17, 81, 42, 92, 3, 62, 60, 45, 67, 53, 83, 34, 91, 19, 35, 7, 56, 32, 23, 70, 77, 28, 99, 52, 76, 13, 37, 68, 36, 5, 54, 98, 43, 4, 88, 94, 14, 10, 2, 12]"
Sko100a,2400,165148,77.11,5.33,6,70,0.5966,0.5187,10,100,42,"[1, 48, 87, 63, 75, 58, 41, 39, 72, 36, 96, 27, 29, 25, 84, 57, 89, 59, 20, 46, 40, 6, 35, 33, 23, 53, 9, 66, 65, 64, 86, 95, 22, 15, 60, 49, 93, 97, 79, 38, 11, 47, 8, 69, 21, 92, 67, 44, 0, 14, 16, 91, 81, 19, 51, 73, 56, 30, 74, 71, 17, 34, 42, 68, 3, 50, 78, 61, 4, 2, 83, 5, 90, 80, 55, 31, 85, 32, 24, 26, 77, 28, 99, 52, 76, 13, 37, 45, 10, 18, 54, 98, 43, 88, 12, 94, 7, 70, 82, 62]"
Sko100a,2500,164634,79.94,5.33,6,70,0.5966,0.5187,10,100,42,"[48, 1, 87, 63, 75, 58, 41, 39, 72, 36, 96, 27, 29, 42, 84, 57, 8, 59, 20, 46, 40, 6, 35, 33, 15, 53, 9, 66, 65, 64, 28, 25, 22, 23, 95, 49, 44, 97, 79, 38, 11, 47, 89, 69, 94, 92, 67, 93, 78, 14, 5, 91, 60, 19, 51, 99, 56, 50, 74, 71, 17, 34, 81, 3, 68, 30, 0, 61, 4, 2, 83, 16, 90, 80, 55, 31, 85, 32, 24, 26, 77, 86, 73, 52, 37, 13, 76, 45, 18, 10, 54, 98, 43, 88, 12, 21, 7, 70, 82, 62]"
Sko100a,2600,164524,83.63,5.11,6,70,0.5966,0.5187,10,100,42,"[48, 6, 87, 35, 42, 58, 41, 39, 72, 36, 96, 27, 29, 75, 84, 57, 8, 59, 20, 46, 40, 1, 63, 23, 15, 68, 9, 66, 65, 64, 28, 25, 22, 33, 95, 49, 44, 97, 79, 38, 19, 47, 94, 69, 50, 92, 67, 93, 78, 14, 5, 91, 60, 11, 51, 99, 56, 61, 74, 71, 17, 34, 89, 3, 53, 30, 0, 81, 4, 2, 83, 16, 90, 80, 55, 31, 85, 32, 24, 26, 77, 86, 73, 52, 37, 13, 76, 45, 18, 10, 54, 98, 43, 88, 12, 21, 7, 70, 82, 62]"
Sko100a,2700,163884,86.03,4.96,6,70,0.5966,0.5187,10,100,42,"[48, 40, 11, 35, 42, 58, 41, 39, 72, 36, 96, 27, 29, 84, 75, 57, 8, 9, 20, 46, 6, 1, 63, 23, 15, 68, 59, 66, 65, 64, 52, 25, 22, 33, 95, 56, 44, 97, 79, 74, 19, 87, 94, 69, 50, 80, 67, 81, 78, 14, 5, 91, 60, 47, 51, 99, 49, 61, 38, 71, 98, 34, 89, 90, 53, 30, 0, 45, 4, 2, 83, 16, 3, 92, 55, 31, 85, 7, 24, 26, 77, 86, 73, 28, 37, 13, 76, 93, 18, 10, 54, 17, 43, 88, 12, 21, 32, 62, 82, 70]"
Sko100a,2800,163360,88.16,4.76,6,70,0.5966,0.5187,10,100,42,"[86, 40, 11, 44, 42, 58, 41, 39, 72, 36, 48, 27, 29, 84, 75, 57, 8, 9, 59, 46, 6, 1, 63, 85, 69, 68, 20, 66, 65, 64, 52, 25, 22, 33, 95, 56, 50, 97, 79, 74, 19, 87, 94, 53, 35, 80, 67, 81, 78, 14, 5, 91, 60, 47, 51, 99, 49, 61, 38, 71, 98, 34, 21, 90, 15, 30, 0, 45, 4, 2, 43, 16, 3, 92, 55, 24, 23, 7, 31, 26, 77, 96, 73, 28, 37, 13, 76, 93, 18, 10, 54, 17, 83, 88, 12, 89, 32, 62, 82, 70]"
Sko100a,2900,163360,90.65,4.65,6,70,0.5966,0.5187,10,100,42,"[86, 40, 11, 44, 42, 58, 41, 39, 72, 36, 48, 27, 29, 84, 75, 57, 8, 9, 59, 46, 6, 1, 63, 85, 69, 68, 20, 66, 65, 64, 52, 25, 22, 33, 95, 56, 50, 97, 79, 74, 19, 87, 94, 53, 35, 80, 67, 81, 78, 14, 5, 91, 60, 47, 51, 99, 49, 61, 38, 71, 98, 34, 21, 90, 15, 30, 0, 45, 4, 2, 43, 16, 3, 92, 55, 24, 23, 7, 31, 26, 77, 96, 73, 28, 37, 13, 76, 93, 18, 10, 54, 17, 83, 88, 12, 89, 32, 62, 82, 70]"
Sko100a,3000,162430,93.23,4.65,6,70,0.5966,0.5187,10,100,42,"[86, 40, 87, 44, 35, 41, 58, 64, 72, 36, 48, 27, 75, 84, 33, 57, 59, 8, 9, 65, 6, 1, 63, 29, 69, 68, 20, 66, 46, 39, 34, 25, 22, 85, 95, 56, 50, 97, 74, 67, 19, 11, 94, 76, 53, 80, 79, 81, 78, 71, 23, 91, 60, 47, 51, 30, 49, 13, 4, 14, 98, 52, 28, 3, 15, 99, 0, 45, 38, 62, 73, 16, 89, 92, 55, 24, 82, 7, 26, 2, 17, 96, 43, 21, 37, 18, 12, 31, 61, 5, 54, 77, 83, 88, 42, 90, 32, 93, 10, 70]"
Sko100a,3100,161666,96.02,4.65,6,70,0.5966,0.5187,10,100,42,"[86, 40, 87, 44, 35, 41, 58, 64, 72, 36, 48, 27, 75, 84, 33, 57, 59, 50, 9, 65, 6, 1, 63, 29, 69, 68, 20, 66, 46, 39, 34, 25, 22, 85, 95, 56, 8, 97, 74, 67, 19, 11, 94, 15, 53, 80, 79, 81, 82, 71, 23, 52, 60, 47, 51, 30, 49, 13, 4, 14, 98, 91, 28, 3, 76, 99, 0, 45, 38, 62, 73, 16, 88, 92, 55, 24, 78, 7, 26, 2, 17, 96, 43, 21, 37, 18, 12, 31, 61, 5, 54, 77, 83, 89, 42, 90, 32, 93, 10, 70]"
Sko100a,3200,161032,98.94,4.91,6,70,0.5966,0.5187,10,100,42,"[86, 40, 87, 44, 35, 41, 58, 64, 72, 36, 48, 27, 75, 84, 33, 57, 59, 81, 9, 65, 6, 1, 63, 29, 69, 79, 20, 66, 46, 39, 34, 47, 22, 85, 95, 28, 8, 97, 74, 67, 19, 11, 94, 15, 53, 80, 68, 50, 82, 71, 23, 98, 60, 25, 51, 30, 49, 99, 4, 14, 52, 91, 56, 3, 76, 13, 0, 45, 38, 62, 16, 73, 88, 92, 55, 24, 78, 7, 26, 2, 17, 96, 54, 21, 37, 18, 12, 31, 61, 5, 43, 77, 83, 89, 42, 90, 32, 93, 10, 70]"
Sko100a,3300,161032,101.95,4.91,6,70,0.5966,0.5187,10,100,42,"[86, 40, 87, 44, 35, 41, 58, 64, 72, 36, 48, 27, 75, 84, 33, 57, 59, 81, 9, 65, 6, 1, 63, 29, 69, 79, 20, 66, 46, 39, 34, 47, 22, 85, 95, 28, 8, 97, 74, 67, 19, 11, 94, 15, 53, 80, 68, 50, 82, 71, 23, 98, 60, 25, 51, 30, 49, 99, 4, 14, 52, 91, 56, 3, 76, 13, 0, 45, 38, 62, 16, 73, 88, 92, 55, 24, 78, 7, 26, 2, 17, 96, 54, 21, 37, 18, 12, 31, 61, 5, 43, 77, 83, 89, 42, 90, 32, 93, 10, 70]"
Sko100a,3400,161032,104.95,4.91,6,70,0.5966,0.5187,10,100,42,"[86, 40, 87, 44, 35, 41, 58, 64, 72, 36, 48, 27, 75, 84, 33, 57, 59, 81, 9, 65, 6, 1, 63, 29, 69, 79, 20, 66, 46, 39, 34, 47, 22, 85, 95, 28, 8, 97, 74, 67, 19, 11, 94, 15, 53, 80, 68, 50, 82, 71, 23, 98, 60, 25, 51, 30, 49, 99, 4, 14, 52, 91, 56, 3, 76, 13, 0, 45, 38, 62, 16, 73, 88, 92, 55, 24, 78, 7, 26, 2, 17, 96, 54, 21, 37, 18, 12, 31, 61, 5, 43, 77, 83, 89, 42, 90, 32, 93, 10, 70]"
Sko100a,3500,160744,107.93,4.92,6,70,0.5966,0.5187,10,100,42,"[86, 40, 87, 57, 35, 41, 58, 64, 72, 36, 48, 27, 75, 84, 59, 44, 81, 33, 9, 65, 6, 1, 63, 29, 21, 46, 20, 66, 79, 39, 34, 47, 22, 25, 95, 69, 8, 97, 74, 14, 28, 11, 94, 15, 53, 80, 68, 50, 26, 71, 16, 98, 60, 85, 51, 30, 49, 99, 4, 67, 52, 91, 73, 3, 76, 31, 37, 45, 38, 12, 23, 56, 54, 92, 55, 24, 0, 82, 7, 2, 17, 96, 88, 19, 78, 18, 62, 13, 61, 5, 43, 77, 83, 89, 42, 90, 32, 93, 10, 70]"
Sko100a,3600,160434,110.7,4.92,6,70,0.5966,0.5187,10,100,42,"[86, 40, 87, 57, 48, 41, 58, 64, 72, 36, 35, 27, 75, 84, 59, 44, 81, 33, 9, 65, 6, 1, 63, 29, 21, 46, 20, 66, 79, 39, 34, 47, 22, 25, 95, 69, 49, 97, 74, 14, 28, 11, 94, 15, 53, 80, 68, 50, 26, 71, 16, 98, 60, 85, 51, 30, 8, 99, 4, 67, 52, 91, 73, 3, 76, 31, 37, 45, 38, 61, 23, 56, 54, 92, 55, 24, 78, 82, 7, 2, 17, 96, 88, 90, 0, 18, 62, 13, 12, 5, 43, 77, 83, 89, 42, 19, 32, 93, 10, 70]"
Sko100a,3700,160134,113.84,4.92,6,70,0.5966,0.5187,10,100,42,"[86, 40, 87, 57, 48, 41, 58, 64, 72, 36, 35, 27, 75, 84, 59, 44, 99, 33, 9, 65, 6, 1, 63, 29, 21, 46, 20, 66, 79, 39, 34, 47, 22, 25, 95, 69, 49, 97, 74, 14, 28, 11, 94, 37, 53, 80, 68, 50, 26, 71, 16, 98, 60, 85, 51, 30, 8, 81, 4, 67, 52, 91, 73, 3, 76, 55, 15, 45, 38, 61, 23, 56, 54, 92, 31, 24, 78, 82, 7, 2, 17, 96, 88, 90, 0, 18, 62, 13, 12, 5, 43, 77, 83, 89, 42, 19, 32, 93, 10, 70]"
Sko100a,3800,159628,116.41,4.93,6,70,0.5966,0.5187,10,100,42,"[86, 40, 87, 57, 48, 41, 58, 64, 72, 36, 35, 27, 75, 84, 59, 44, 99, 20, 9, 65, 6, 1, 63, 29, 21, 46, 33, 66, 79, 39, 34, 47, 22, 25, 95, 69, 49, 97, 74, 14, 28, 11, 94, 37, 30, 80, 85, 50, 26, 71, 16, 45, 60, 68, 51, 53, 15, 81, 4, 67, 52, 91, 73, 3, 88, 31, 8, 23, 38, 61, 90, 56, 54, 92, 55, 24, 13, 82, 7, 2, 17, 96, 0, 98, 76, 18, 62, 78, 12, 5, 43, 77, 83, 89, 42, 19, 32, 93, 10, 70]"
Sko100a,3900,159450,119.17,4.93,6,70,0.5966,0.5187,10,100,42,"[86, 40, 63, 57, 48, 41, 69, 64, 72, 36, 35, 27, 75, 87, 59, 44, 99, 20, 9, 65, 6, 1, 84, 29, 21, 46, 33, 66, 79, 39, 28, 47, 22, 25, 95, 58, 49, 97, 74, 14, 34, 11, 94, 37, 30, 80, 85, 50, 26, 71, 16, 45, 60, 68, 51, 53, 15, 81, 4, 67, 52, 91, 73, 3, 88, 31, 8, 23, 38, 61, 90, 56, 54, 92, 55, 24, 13, 82, 7, 2, 17, 96, 0, 98, 76, 18, 62, 78, 12, 5, 43, 77, 83, 89, 42, 19, 70, 93, 10, 32]"
Sko100a,4000,159390,122.5,4.93,6,70,0.5966,0.5187,10,100,42,"[86, 40, 87, 57, 48, 41, 69, 64, 72, 36, 35, 27, 75, 63, 59, 44, 99, 20, 9, 65, 6, 1, 84, 29, 21, 46, 33, 66, 79, 39, 28, 47, 22, 25, 95, 58, 49, 97, 74, 14, 34, 11, 94, 37, 30, 80, 85, 50, 26, 71, 16, 45, 60, 68, 51, 53, 15, 81, 4, 67, 52, 91, 73, 3, 88, 13, 8, 23, 38, 61, 90, 56, 54, 92, 55, 24, 31, 82, 7, 2, 17, 96, 0, 98, 76, 18, 62, 78, 12, 5, 43, 77, 83, 89, 42, 19, 70, 93, 10, 32]"
Sko100a,4100,159084,125.71,4.93,6,70,0.5966,0.5187,10,100,42,"[86, 40, 87, 57, 48, 41, 69, 64, 72, 36, 6, 63, 75, 27, 99, 44, 59, 20, 9, 65, 35, 1, 84, 29, 21, 46, 33, 66, 79, 39, 28, 11, 22, 25, 95, 58, 49, 97, 74, 14, 34, 47, 94, 80, 37, 88, 85, 50, 26, 71, 16, 60, 45, 3, 51, 53, 15, 81, 4, 67, 52, 91, 73, 13, 92, 68, 8, 23, 38, 61, 90, 56, 83, 30, 55, 24, 31, 82, 7, 2, 17, 96, 0, 98, 76, 18, 62, 78, 12, 5, 43, 77, 54, 89, 42, 19, 70, 93, 10, 32]"
Sko100a,4200,158946,128.97,6.06,6,70,0.5966,0.5187,10,100,42,"[86, 40, 87, 57, 48, 41, 69, 9, 72, 36, 6, 63, 75, 27, 99, 44, 59, 20, 64, 65, 35, 1, 84, 29, 21, 46, 33, 66, 79, 39, 28, 11, 22, 94, 95, 81, 49, 97, 74, 14, 34, 47, 25, 80, 37, 88, 85, 50, 26, 71, 16, 60, 45, 3, 51, 58, 15, 53, 4, 67, 52, 91, 73, 13, 92, 68, 8, 23, 38, 61, 98, 56, 83, 30, 55, 24, 31, 82, 7, 2, 17, 96, 0, 90, 76, 18, 62, 78, 12, 5, 43, 77, 19, 89, 42, 54, 70, 93, 10, 32]"
Sko100a,4300,158806,132.45,6.01,6,70,0.5966,0.5187,10,100,42,"[86, 40, 87, 69, 48, 57, 41, 9, 72, 36, 6, 63, 75, 27, 99, 44, 59, 20, 64, 65, 35, 1, 84, 29, 21, 46, 33, 66, 79, 39, 28, 11, 22, 94, 95, 81, 49, 50, 74, 14, 34, 47, 25, 80, 37, 8, 85, 97, 26, 71, 16, 60, 45, 3, 51, 58, 15, 53, 4, 67, 52, 91, 73, 13, 92, 68, 88, 23, 38, 61, 98, 56, 83, 30, 55, 24, 31, 82, 7, 2, 17, 96, 0, 90, 76, 18, 62, 78, 12, 5, 19, 77, 43, 89, 42, 54, 70, 93, 10, 32]"
Sko100a,4400,158718,135.69,6.01,6,70,0.5966,0.5187,10,100,42,"[86, 40, 87, 69, 48, 57, 41, 9, 72, 36, 6, 63, 75, 27, 99, 44, 59, 20, 64, 65, 35, 1, 84, 29, 21, 95, 33, 39, 79, 66, 28, 11, 22, 94, 46, 81, 49, 50, 74, 14, 34, 47, 25, 80, 37, 8, 85, 97, 26, 71, 16, 60, 45, 3, 51, 58, 15, 53, 4, 67, 52, 91, 73, 13, 92, 68, 88, 23, 38, 61, 90, 56, 83, 30, 55, 24, 31, 82, 7, 2, 17, 96, 0, 98, 76, 18, 62, 78, 12, 5, 19, 77, 43, 89, 42, 54, 70, 93, 10, 32]"
Sko100a,4500,158396,138.57,6.01,6,70,0.5966,0.5187,10,100,42,"[86, 40, 87, 69, 57, 48, 41, 9, 72, 2, 6, 63, 75, 35, 99, 44, 59, 20, 64, 65, 27, 1, 84, 29, 21, 95, 49, 39, 79, 66, 28, 11, 22, 94, 46, 81, 33, 50, 71, 14, 34, 47, 25, 80, 37, 8, 85, 97, 26, 74, 52, 60, 45, 3, 51, 58, 15, 53, 4, 67, 16, 91, 73, 13, 92, 68, 88, 23, 38, 61, 90, 56, 83, 30, 55, 24, 31, 82, 7, 36, 17, 96, 0, 98, 76, 18, 62, 78, 12, 5, 19, 77, 43, 89, 42, 54, 70, 93, 10, 32]"
Sko100a,4600,157940,141.53,6.01,6,70,0.5966,0.5187,10,100,42,"[86, 40, 57, 69, 87, 48, 41, 9, 72, 2, 6, 63, 75, 35, 99, 44, 59, 49, 64, 65, 27, 1, 84, 29, 21, 95, 39, 20, 79, 26, 28, 22, 11, 94, 46, 81, 33, 66, 71, 50, 34, 47, 25, 80, 37, 8, 85, 97, 61, 74, 52, 60, 45, 3, 51, 58, 15, 53, 4, 67, 16, 91, 73, 54, 92, 68, 88, 23, 38, 14, 90, 56, 83, 30, 55, 62, 31, 82, 7, 36, 17, 96, 0, 98, 76, 18, 24, 78, 12, 5, 19, 77, 43, 89, 42, 13, 70, 93, 10, 32]"
Sko100a,4700,157862,144.4,6.01,6,70,0.5966,0.5187,10,100,42,"[86, 40, 57, 69, 87, 48, 41, 9, 72, 2, 6, 75, 63, 35, 99, 44, 59, 49, 64, 65, 27, 1, 84, 29, 21, 95, 39, 20, 79, 26, 28, 22, 11, 94, 46, 81, 33, 66, 71, 50, 34, 47, 25, 80, 37, 8, 85, 97, 61, 74, 52, 60, 45, 3, 51, 58, 15, 53, 4, 67, 16, 91, 73, 54, 92, 68, 88, 23, 38, 14, 90, 56, 83, 30, 55, 62, 31, 82, 7, 36, 17, 96, 0, 98, 76, 18, 24, 78, 12, 5, 19, 77, 43, 89, 42, 13, 70, 93, 10, 32]"
Sko100a,4800,157702,147.55,6.0,6,70,0.5966,0.5187,10,100,42,"[86, 40, 57, 69, 48, 87, 41, 9, 72, 2, 6, 75, 63, 35, 99, 44, 59, 49, 64, 65, 27, 1, 84, 29, 21, 95, 39, 20, 79, 26, 28, 22, 11, 98, 46, 81, 33, 66, 71, 50, 34, 47, 25, 80, 37, 8, 85, 97, 61, 74, 52, 60, 45, 3, 51, 58, 15, 53, 4, 67, 16, 91, 73, 54, 92, 68, 88, 23, 38, 14, 90, 56, 83, 30, 55, 24, 31, 82, 7, 36, 17, 96, 0, 94, 76, 18, 62, 78, 12, 5, 19, 77, 43, 13, 42, 89, 70, 93, 10, 32]"
Sko100a,4900,157702,151.09,6.01,6,70,0.5966,0.5187,10,100,42,"[86, 40, 57, 69, 48, 87, 41, 9, 72, 2, 6, 75, 63, 35, 99, 44, 59, 49, 64, 65, 27, 1, 84, 29, 21, 95, 39, 20, 79, 26, 28, 22, 11, 98, 46, 81, 33, 66, 71, 50, 34, 47, 25, 80, 37, 8, 85, 97, 61, 74, 52, 60, 45, 3, 51, 58, 15, 53, 4, 67, 16, 91, 73, 54, 92, 68, 88, 23, 38, 14, 90, 56, 83, 30, 55, 24, 31, 82, 7, 36, 17, 96, 0, 94, 76, 18, 62, 78, 12, 5, 19, 77, 43, 13, 42, 89, 70, 93, 10, 32]"
Sko100a,5000,157702,154.42,6.01,6,70,0.5966,0.5187,10,100,42,"[86, 40, 57, 69, 48, 87, 41, 9, 72, 2, 6, 75, 63, 35, 99, 44, 59, 49, 64, 65, 27, 1, 84, 29, 21, 95, 39, 20, 79, 26, 28, 22, 11, 98, 46, 81, 33, 66, 71, 50, 34, 47, 25, 80, 37, 8, 85, 97, 61, 74, 52, 60, 45, 3, 51, 58, 15, 53, 4, 67, 16, 91, 73, 54, 92, 68, 88, 23, 38, 14, 90, 56, 83, 30, 55, 24, 31, 82, 7, 36, 17, 96, 0, 94, 76, 18, 62, 78, 12, 5, 19, 77, 43, 13, 42, 89, 70, 93, 10, 32]"
Sko100a,5100,157658,157.37,6.01,6,70,0.5966,0.5187,10,100,42,"[86, 40, 57, 69, 48, 87, 41, 9, 71, 2, 6, 75, 63, 35, 99, 44, 59, 49, 64, 65, 27, 1, 84, 29, 21, 95, 39, 20, 79, 26, 28, 22, 11, 98, 46, 81, 33, 66, 72, 50, 34, 47, 25, 80, 37, 8, 85, 97, 61, 74, 52, 60, 45, 3, 51, 58, 15, 53, 4, 67, 16, 91, 73, 54, 92, 88, 68, 23, 38, 14, 90, 56, 83, 30, 55, 24, 31, 82, 7, 36, 17, 96, 0, 94, 76, 18, 62, 78, 12, 5, 19, 77, 43, 13, 42, 89, 70, 93, 10, 32]"
Sko100a,5200,157582,160.25,6.01,6,70,0.5966,0.5187,10,100,42,"[86, 40, 57, 69, 89, 87, 41, 9, 71, 2, 6, 75, 63, 35, 99, 44, 59, 49, 64, 65, 27, 1, 84, 29, 21, 95, 39, 20, 79, 26, 28, 22, 11, 98, 46, 81, 66, 33, 72, 50, 34, 47, 25, 80, 37, 8, 85, 97, 61, 74, 52, 60, 45, 3, 51, 58, 15, 53, 4, 67, 16, 91, 73, 54, 92, 88, 68, 23, 38, 14, 90, 56, 83, 30, 55, 24, 31, 82, 7, 36, 17, 96, 0, 94, 76, 18, 62, 78, 12, 5, 19, 77, 43, 13, 42, 48, 70, 93, 10, 32]"
Sko100a,5300,157268,163.14,6.01,6,70,0.5966,0.5187,10,100,42,"[86, 40, 57, 69, 89, 41, 87, 9, 20, 2, 6, 75, 63, 35, 99, 44, 59, 49, 64, 65, 27, 1, 84, 29, 21, 95, 39, 71, 79, 26, 28, 22, 11, 98, 46, 81, 66, 33, 72, 50, 34, 47, 25, 37, 80, 8, 85, 58, 61, 74, 52, 60, 45, 3, 51, 97, 15, 53, 7, 67, 16, 91, 73, 54, 30, 55, 68, 23, 38, 14, 90, 56, 83, 92, 88, 24, 31, 82, 4, 36, 17, 96, 0, 94, 76, 18, 62, 78, 12, 5, 19, 77, 43, 13, 42, 48, 70, 93, 10, 32]"
Sko100a,5400,157206,165.89,6.01,6,70,0.5966,0.5187,10,100,42,"[86, 40, 57, 69, 89, 41, 87, 9, 20, 2, 6, 75, 63, 35, 99, 44, 59, 49, 64, 65, 27, 1, 84, 29, 21, 95, 39, 71, 79, 26, 28, 22, 11, 98, 46, 81, 66, 33, 72, 50, 34, 47, 25, 37, 80, 8, 85, 58, 61, 74, 52, 60, 45, 3, 51, 97, 15, 53, 7, 67, 16, 91, 73, 92, 30, 55, 68, 23, 38, 14, 90, 56, 83, 54, 88, 24, 31, 82, 4, 36, 17, 96, 0, 94, 76, 18, 62, 78, 12, 5, 19, 77, 43, 13, 42, 48, 70, 93, 10, 32]"
Sko100a,5500,157136,168.78,6.01,6,70,0.5966,0.5187,10,100,42,"[86, 40, 57, 69, 89, 41, 87, 9, 20, 2, 6, 75, 63, 35, 99, 44, 59, 49, 64, 65, 27, 1, 84, 29, 21, 95, 39, 71, 50, 26, 28, 22, 11, 98, 46, 81, 66, 33, 72, 79, 34, 47, 25, 37, 80, 8, 58, 85, 61, 74, 52, 60, 45, 3, 51, 97, 15, 53, 7, 67, 16, 91, 73, 92, 30, 55, 68, 23, 38, 14, 90, 56, 83, 54, 88, 24, 31, 82, 4, 36, 17, 96, 0, 94, 76, 18, 62, 78, 12, 5, 19, 77, 43, 13, 42, 48, 70, 93, 10, 32]"
Sko100a,5600,157074,171.72,6.52,6,70,0.5966,0.5187,10,100,42,"[86, 40, 57, 69, 89, 41, 87, 9, 20, 2, 6, 75, 63, 35, 99, 44, 59, 49, 65, 64, 27, 1, 84, 29, 21, 95, 33, 71, 50, 26, 28, 22, 11, 98, 46, 81, 66, 39, 72, 79, 34, 47, 25, 37, 80, 8, 58, 85, 61, 74, 52, 60, 45, 3, 51, 97, 15, 53, 7, 67, 16, 91, 73, 92, 30, 55, 68, 23, 38, 14, 90, 56, 83, 54, 88, 62, 31, 82, 4, 36, 17, 96, 0, 94, 76, 18, 24, 78, 12, 5, 19, 77, 43, 13, 42, 48, 70, 93, 10, 32]"
Sko100a,5700,157006,174.55,6.53,6,70,0.5966,0.5187,10,100,42,"[86, 40, 57, 69, 89, 41, 87, 9, 20, 2, 6, 75, 63, 35, 99, 44, 59, 49, 65, 64, 27, 1, 84, 29, 21, 95, 33, 71, 50, 26, 28, 22, 11, 98, 46, 81, 66, 39, 72, 79, 34, 47, 25, 37, 80, 8, 51, 85, 61, 74, 52, 60, 45, 3, 58, 97, 15, 53, 7, 67, 16, 91, 73, 92, 30, 55, 68, 23, 38, 14, 90, 56, 83, 54, 88, 62, 31, 82, 4, 36, 17, 96, 0, 94, 76, 18, 24, 78, 12, 5, 19, 77, 43, 13, 42, 48, 70, 93, 10, 32]"
Sko100a,5800,156884,177.32,6.53,6,70,0.5966,0.5187,10,100,42,"[86, 40, 57, 69, 89, 41, 87, 9, 64, 2, 6, 75, 27, 35, 99, 44, 59, 49, 65, 20, 63, 47, 84, 29, 21, 95, 33, 71, 50, 26, 28, 22, 11, 98, 46, 81, 66, 39, 72, 79, 34, 1, 25, 37, 80, 8, 51, 85, 61, 74, 52, 60, 45, 3, 58, 97, 15, 53, 7, 67, 16, 91, 73, 92, 55, 30, 68, 23, 38, 14, 19, 56, 83, 54, 88, 62, 31, 82, 4, 36, 17, 96, 0, 94, 76, 18, 24, 78, 12, 5, 90, 77, 43, 13, 42, 48, 70, 93, 10, 32]"
Sko100a,5900,156810,180.04,6.54,6,70,0.5966,0.5187,10,100,42,"[86, 40, 57, 69, 89, 41, 87, 9, 64, 2, 6, 75, 27, 35, 99, 44, 59, 49, 65, 20, 63, 47, 84, 29, 21, 95, 33, 71, 39, 26, 28, 22, 11, 98, 46, 81, 66, 50, 72, 79, 34, 1, 25, 37, 80, 8, 51, 85, 61, 74, 52, 60, 45, 3, 58, 97, 15, 53, 7, 67, 16, 91, 23, 92, 55, 30, 68, 73, 38, 14, 19, 56, 83, 54, 88, 62, 31, 82, 4, 36, 17, 96, 0, 94, 76, 18, 24, 78, 12, 5, 90, 77, 43, 13, 42, 48, 70, 93, 10, 32]"
Sko100a,6000,156802,183.07,6.54,6,70,0.5966,0.5187,10,100,42,"[86, 40, 57, 69, 89, 41, 87, 9, 64, 2, 6, 75, 27, 35, 99, 44, 59, 49, 79, 20, 63, 47, 84, 29, 21, 95, 33, 71, 39, 26, 28, 22, 11, 98, 46, 81, 66, 50, 72, 65, 34, 1, 25, 37, 80, 8, 51, 85, 61, 74, 52, 60, 45, 3, 58, 97, 15, 53, 7, 67, 16, 91, 23, 92, 55, 30, 68, 73, 38, 14, 19, 56, 83, 54, 88, 62, 31, 82, 4, 36, 17, 96, 0, 94, 76, 18, 24, 78, 12, 5, 90, 77, 43, 13, 42, 48, 70, 93, 10, 32]"
Sko100a,6100,156802,185.38,6.54,6,70,0.5966,0.5187,10,100,42,"[86, 40, 57, 69, 89, 41, 87, 9, 64, 2, 6, 75, 27, 35, 99, 44, 59, 49, 79, 20, 63, 47, 84, 29, 21, 95, 33, 71, 39, 26, 28, 22, 11, 98, 46, 81, 66, 50, 72, 65, 34, 1, 25, 37, 80, 8, 51, 85, 61, 74, 52, 60, 45, 3, 58, 97, 15, 53, 7, 67, 16, 91, 23, 92, 55, 30, 68, 73, 38, 14, 19, 56, 83, 54, 88, 62, 31, 82, 4, 36, 17, 96, 0, 94, 76, 18, 24, 78, 12, 5, 90, 77, 43, 13, 42, 48, 70, 93, 10, 32]"
Sko100a,6200,156774,186.74,6.43,6,70,0.5966,0.5187,10,100,42,"[86, 40, 57, 69, 89, 41, 87, 9, 64, 2, 6, 75, 27, 35, 99, 44, 59, 49, 79, 20, 63, 47, 84, 29, 21, 95, 33, 71, 39, 26, 28, 22, 11, 98, 46, 81, 66, 50, 72, 65, 34, 1, 25, 37, 80, 8, 15, 85, 61, 74, 52, 60, 45, 3, 58, 97, 51, 53, 7, 67, 16, 91, 23, 92, 55, 30, 68, 73, 38, 14, 19, 56, 83, 54, 88, 62, 31, 82, 4, 36, 17, 96, 0, 94, 76, 18, 24, 78, 12, 5, 90, 77, 43, 13, 42, 48, 70, 93, 10, 32]"
Sko100a,6300,156774,188.96,6.43,6,70,0.5966,0.5187,10,100,42,"[86, 40, 57, 69, 89, 41, 87, 9, 64, 2, 6, 75, 27, 35, 99, 44, 59, 49, 79, 20, 63, 47, 84, 29, 21, 95, 33, 71, 39, 26, 28, 22, 11, 98, 46, 81, 66, 50, 72, 65, 34, 1, 25, 37, 80, 8, 15, 85, 61, 74, 52, 60, 45, 3, 58, 97, 51, 53, 7, 67, 16, 91, 23, 92, 55, 30, 68, 73, 38, 14, 19, 56, 83, 54, 88, 62, 31, 82, 4, 36, 17, 96, 0, 94, 76, 18, 24, 78, 12, 5, 90, 77, 43, 13, 42, 48, 70, 93, 10, 32]"
Sko100a,6400,156582,191.36,6.33,6,70,0.5966,0.5187,10,100,42,"[86, 40, 57, 69, 89, 41, 87, 9, 64, 2, 6, 75, 27, 35, 99, 44, 59, 49, 79, 20, 63, 1, 84, 29, 68, 95, 33, 71, 39, 26, 28, 22, 11, 98, 46, 81, 66, 50, 72, 65, 34, 47, 25, 37, 80, 8, 15, 85, 61, 74, 52, 60, 45, 3, 58, 97, 51, 53, 7, 67, 16, 91, 23, 92, 55, 30, 21, 73, 38, 14, 19, 56, 83, 54, 88, 62, 31, 82, 4, 36, 17, 96, 0, 94, 76, 18, 24, 78, 93, 5, 90, 77, 43, 13, 42, 48, 70, 12, 10, 32]"
Sko100a,6500,156534,193.76,6.2,6,70,0.5966,0.5187,10,100,42,"[86, 40, 57, 69, 89, 41, 87, 9, 64, 2, 6, 75, 27, 35, 99, 44, 59, 49, 79, 20, 63, 1, 84, 29, 68, 95, 33, 71, 39, 26, 28, 22, 11, 98, 46, 81, 66, 50, 72, 65, 34, 47, 25, 37, 80, 8, 15, 85, 74, 61, 52, 60, 45, 3, 58, 97, 51, 53, 7, 67, 16, 91, 23, 92, 55, 30, 21, 73, 38, 14, 19, 56, 83, 54, 88, 62, 31, 82, 4, 36, 17, 96, 0, 94, 76, 18, 24, 78, 93, 5, 90, 77, 43, 13, 42, 48, 70, 12, 10, 32]"
Sko100a,6600,156534,196.21,6.15,6,70,0.5966,0.5187,10,100,42,"[86, 40, 57, 69, 89, 41, 87, 9, 64, 2, 6, 75, 27, 35, 99, 44, 59, 49, 79, 20, 63, 1, 84, 29, 68, 95, 33, 71, 39, 26, 28, 22, 11, 98, 46, 81, 66, 50, 72, 65, 34, 47, 25, 37, 80, 8, 15, 85, 74, 61, 52, 60, 45, 3, 58, 97, 51, 53, 7, 67, 16, 91, 23, 92, 55, 30, 21, 73, 38, 14, 19, 56, 83, 54, 88, 62, 31, 82, 4, 36, 17, 96, 0, 94, 76, 18, 24, 78, 93, 5, 90, 77, 43, 13, 42, 48, 70, 12, 10, 32]"
Sko100a,100,174664,198.97,6.53,6,70,0.5966,0.5187,10,100,42,"[18, 66, 51, 4, 70, 22, 5, 21, 38, 33, 80, 48, 71, 91, 56, 84, 30, 78, 13, 69, 35, 26, 88, 32, 93, 47, 81, 82, 94, 49, 53, 8, 75, 97, 19, 99, 23, 59, 83, 7, 12, 44, 52, 95, 14, 11, 76, 41, 74, 79, 3, 10, 6, 90, 46, 60, 9, 0, 40, 36, 27, 28, 39, 16, 87, 37, 45, 65, 25, 73, 96, 24, 42, 55, 85, 29, 89, 31, 67, 92, 72, 2, 15, 62, 34, 63, 17, 77, 86, 57, 1, 20, 54, 61, 50, 68, 98, 43, 58, 64]"
Sko100a,200,174664,201.91,6.57,6,70,0.5966,0.5187,10,100,42,"[18, 66, 51, 4, 70, 22, 5, 21, 38, 33, 80, 48, 71, 91, 56, 84, 30, 78, 13, 69, 35, 26, 88, 32, 93, 47, 81, 82, 94, 49, 53, 8, 75, 97, 19, 99, 23, 59, 83, 7, 12, 44, 52, 95, 14, 11, 76, 41, 74, 79, 3, 10, 6, 90, 46, 60, 9, 0, 40, 36, 27, 28, 39, 16, 87, 37, 45, 65, 25, 73, 96, 24, 42, 55, 85, 29, 89, 31, 67, 92, 72, 2, 15, 62, 34, 63, 17, 77, 86, 57, 1, 20, 54, 61, 50, 68, 98, 43, 58, 64]"
Sko100a,300,174664,204.84,6.57,6,70,0.5966,0.5187,10,100,42,"[18, 66, 51, 4, 70, 22, 5, 21, 38, 33, 80, 48, 71, 91, 56, 84, 30, 78, 13, 69, 35, 26, 88, 32, 93, 47, 81, 82, 94, 49, 53, 8, 75, 97, 19, 99, 23, 59, 83, 7, 12, 44, 52, 95, 14, 11, 76, 41, 74, 79, 3, 10, 6, 90, 46, 60, 9, 0, 40, 36, 27, 28, 39, 16, 87, 37, 45, 65, 25, 73, 96, 24, 42, 55, 85, 29, 89, 31, 67, 92, 72, 2, 15, 62, 34, 63, 17, 77, 86, 57, 1, 20, 54, 61, 50, 68, 98, 43, 58, 64]"
Sko100a,400,174092,207.67,6.57,6,70,0.5966,0.5187,10,100,42,"[56, 29, 98, 65, 67, 47, 16, 92, 77, 69, 28, 2, 50, 87, 91, 72, 0, 39, 40, 36, 88, 49, 41, 15, 95, 21, 8, 81, 48, 80, 55, 94, 30, 82, 74, 60, 11, 12, 61, 76, 54, 99, 70, 63, 14, 3, 27, 1, 32, 62, 68, 71, 45, 86, 35, 10, 24, 4, 57, 93, 89, 46, 90, 5, 52, 25, 22, 66, 75, 38, 58, 53, 59, 85, 97, 7, 31, 19, 78, 18, 6, 33, 83, 34, 44, 96, 26, 79, 13, 42, 37, 51, 9, 20, 23, 73, 64, 84, 17, 43]"
Sko100a,500,174092,210.3,6.57,6,70,0.5966,0.5187,10,100,42,"[56, 29, 98, 65, 67, 47, 16, 92, 77, 69, 28, 2, 50, 87, 91, 72, 0, 39, 40, 36, 88, 49, 41, 15, 95, 21, 8, 81, 48, 80, 55, 94, 30, 82, 74, 60, 11, 12, 61, 76, 54, 99, 70, 63, 14, 3, 27, 1, 32, 62, 68, 71, 45, 86, 35, 10, 24, 4, 57, 93, 89, 46, 90, 5, 52, 25, 22, 66, 75, 38, 58, 53, 59, 85, 97, 7, 31, 19, 78, 18, 6, 33, 83, 34, 44, 96, 26, 79, 13, 42, 37, 51, 9, 20, 23, 73, 64, 84, 17, 43]"
Sko100a,600,173172,213.22,6.57,6,70,0.5966,0.5187,10,100,42,"[30, 82, 8, 36, 42, 88, 14, 54, 98, 5, 73, 23, 4, 74, 13, 12, 0, 55, 33, 81, 94, 68, 85, 53, 87, 72, 39, 32, 51, 22, 97, 86, 34, 76, 18, 3, 60, 91, 15, 11, 83, 64, 38, 93, 1, 95, 20, 84, 44, 43, 67, 17, 77, 56, 27, 45, 24, 70, 50, 26, 92, 71, 40, 48, 58, 46, 61, 62, 25, 16, 80, 41, 90, 47, 31, 7, 35, 96, 89, 10, 59, 52, 29, 57, 21, 2, 28, 63, 49, 37, 75, 69, 9, 79, 78, 99, 66, 19, 6, 65]"
Sko100a,700,170774,216.63,5.94,6,70,0.5966,0.5187,10,100,42,"[31, 82, 95, 51, 58, 36, 5, 20, 98, 34, 73, 70, 14, 4, 8, 33, 49, 55, 10, 81, 94, 68, 24, 62, 23, 72, 67, 7, 66, 2, 97, 79, 74, 76, 92, 41, 12, 93, 11, 28, 83, 60, 38, 61, 1, 88, 54, 84, 25, 50, 99, 21, 64, 56, 47, 17, 53, 32, 43, 44, 9, 78, 40, 48, 42, 46, 91, 85, 26, 16, 80, 90, 69, 15, 57, 39, 35, 27, 89, 77, 13, 87, 29, 59, 45, 22, 3, 0, 63, 37, 75, 30, 19, 86, 71, 96, 18, 52, 6, 65]"
Sko100a,800,170774,219.57,5.51,6,70,0.5966,0.5187,10,100,42,"[31, 82, 95, 51, 58, 36, 5, 20, 98, 34, 73, 70, 14, 4, 8, 33, 49, 55, 10, 81, 94, 68, 24, 62, 23, 72, 67, 7, 66, 2, 97, 79, 74, 76, 92, 41, 12, 93, 11, 28, 83, 60, 38, 61, 1, 88, 54, 84, 25, 50, 99, 21, 64, 56, 47, 17, 53, 32, 43, 44, 9, 78, 40, 48, 42, 46, 91, 85, 26, 16, 80, 90, 69, 15, 57, 39, 35, 27, 89, 77, 13, 87, 29, 59, 45, 22, 3, 0, 63, 37, 75, 30, 19, 86, 71, 96, 18, 52, 6, 65]"
Sko100a,900,170774,223.19,5.51,6,70,0.5966,0.5187,10,100,42,"[31, 82, 95, 51, 58, 36, 5, 20, 98, 34, 73, 70, 14, 4, 8, 33, 49, 55, 10, 81, 94, 68, 24, 62, 23, 72, 67, 7, 66, 2, 97, 79, 74, 76, 92, 41, 12, 93, 11, 28, 83, 60, 38, 61, 1, 88, 54, 84, 25, 50, 99, 21, 64, 56, 47, 17, 53, 32, 43, 44, 9, 78, 40, 48, 42, 46, 91, 85, 26, 16, 80, 90, 69, 15, 57, 39, 35, 27, 89, 77, 13, 87, 29, 59, 45, 22, 3, 0, 63, 37, 75, 30, 19, 86, 71, 96, 18, 52, 6, 65]"
Sko100a,1000,170774,226.25,5.51,6,70,0.5966,0.5187,10,100,42,"[31, 82, 95, 51, 58, 36, 5, 20, 98, 34, 73, 70, 14, 4, 8, 33, 49, 55, 10, 81, 94, 68, 24, 62, 23, 72, 67, 7, 66, 2, 97, 79, 74, 76, 92, 41, 12, 93, 11, 28, 83, 60, 38, 61, 1, 88, 54, 84, 25, 50, 99, 21, 64, 56, 47, 17, 53, 32, 43, 44, 9, 78, 40, 48, 42, 46, 91, 85, 26, 16, 80, 90, 69, 15, 57, 39, 35, 27, 89, 77, 13, 87, 29, 59, 45, 22, 3, 0, 63, 37, 75, 30, 19, 86, 71, 96, 18, 52, 6, 65]"
Sko100a,1100,170774,229.48,5.51,6,70,0.5966,0.5187,10,100,42,"[31, 82, 95, 51, 58, 36, 5, 20, 98, 34, 73, 70, 14, 4, 8, 33, 49, 55, 10, 81, 94, 68, 24, 62, 23, 72, 67, 7, 66, 2, 97, 79, 74, 76, 92, 41, 12, 93, 11, 28, 83, 60, 38, 61, 1, 88, 54, 84, 25, 50, 99, 21, 64, 56, 47, 17, 53, 32, 43, 44, 9, 78, 40, 48, 42, 46, 91, 85, 26, 16, 80, 90, 69, 15, 57, 39, 35, 27, 89, 77, 13, 87, 29, 59, 45, 22, 3, 0, 63, 37, 75, 30, 19, 86, 71, 96, 18, 52, 6, 65]"
Sko100a,1200,170774,233.36,5.51,6,70,0.5966,0.5187,10,100,42,"[31, 82, 95, 51, 58, 36, 5, 20, 98, 34, 73, 70, 14, 4, 8, 33, 49, 55, 10, 81, 94, 68, 24, 62, 23, 72, 67, 7, 66, 2, 97, 79, 74, 76, 92, 41, 12, 93, 11, 28, 83, 60, 38, 61, 1, 88, 54, 84, 25, 50, 99, 21, 64, 56, 47, 17, 53, 32, 43, 44, 9, 78, 40, 48, 42, 46, 91, 85, 26, 16, 80, 90, 69, 15, 57, 39, 35, 27, 89, 77, 13, 87, 29, 59, 45, 22, 3, 0, 63, 37, 75, 30, 19, 86, 71, 96, 18, 52, 6, 65]"
Sko100a,1300,170774,236.27,5.51,6,70,0.5966,0.5187,10,100,42,"[31, 82, 95, 51, 58, 36, 5, 20, 98, 34, 73, 70, 14, 4, 8, 33, 49, 55, 10, 81, 94, 68, 24, 62, 23, 72, 67, 7, 66, 2, 97, 79, 74, 76, 92, 41, 12, 93, 11, 28, 83, 60, 38, 61, 1, 88, 54, 84, 25, 50, 99, 21, 64, 56, 47, 17, 53, 32, 43, 44, 9, 78, 40, 48, 42, 46, 91, 85, 26, 16, 80, 90, 69, 15, 57, 39, 35, 27, 89, 77, 13, 87, 29, 59, 45, 22, 3, 0, 63, 37, 75, 30, 19, 86, 71, 96, 18, 52, 6, 65]"
Sko100a,1400,170774,239.22,5.51,6,70,0.5966,0.5187,10,100,42,"[31, 82, 95, 51, 58, 36, 5, 20, 98, 34, 73, 70, 14, 4, 8, 33, 49, 55, 10, 81, 94, 68, 24, 62, 23, 72, 67, 7, 66, 2, 97, 79, 74, 76, 92, 41, 12, 93, 11, 28, 83, 60, 38, 61, 1, 88, 54, 84, 25, 50, 99, 21, 64, 56, 47, 17, 53, 32, 43, 44, 9, 78, 40, 48, 42, 46, 91, 85, 26, 16, 80, 90, 69, 15, 57, 39, 35, 27, 89, 77, 13, 87, 29, 59, 45, 22, 3, 0, 63, 37, 75, 30, 19, 86, 71, 96, 18, 52, 6, 65]"
Sko100a,1500,170774,242.54,5.51,6,70,0.5966,0.5187,10,100,42,"[31, 82, 95, 51, 58, 36, 5, 20, 98, 34, 73, 70, 14, 4, 8, 33, 49, 55, 10, 81, 94, 68, 24, 62, 23, 72, 67, 7, 66, 2, 97, 79, 74, 76, 92, 41, 12, 93, 11, 28, 83, 60, 38, 61, 1, 88, 54, 84, 25, 50, 99, 21, 64, 56, 47, 17, 53, 32, 43, 44, 9, 78, 40, 48, 42, 46, 91, 85, 26, 16, 80, 90, 69, 15, 57, 39, 35, 27, 89, 77, 13, 87, 29, 59, 45, 22, 3, 0, 63, 37, 75, 30, 19, 86, 71, 96, 18, 52, 6, 65]"
Sko100a,1600,170322,245.4,5.51,6,70,0.5966,0.5187,10,100,42,"[6, 63, 84, 50, 80, 13, 89, 44, 52, 57, 19, 69, 92, 73, 65, 91, 47, 40, 99, 70, 10, 0, 1, 68, 58, 45, 43, 49, 35, 17, 94, 23, 46, 39, 55, 75, 71, 29, 33, 86, 37, 34, 98, 66, 25, 97, 31, 12, 95, 76, 20, 36, 48, 41, 24, 81, 60, 56, 11, 16, 74, 96, 51, 93, 21, 26, 85, 4, 7, 61, 87, 15, 67, 59, 72, 28, 79, 5, 62, 54, 32, 9, 27, 14, 3, 88, 8, 64, 83, 82, 38, 90, 53, 18, 42, 30, 78, 77, 22, 2]"
Sko100a,1700,169360,248.1,5.51,6,70,0.5966,0.5187,10,100,42,"[6, 40, 84, 50, 80, 13, 58, 44, 52, 57, 19, 69, 92, 42, 65, 91, 47, 63, 99, 76, 0, 73, 1, 93, 89, 45, 37, 49, 35, 17, 94, 23, 46, 39, 55, 75, 71, 29, 33, 86, 43, 11, 70, 66, 25, 97, 31, 90, 95, 98, 20, 36, 48, 41, 24, 81, 60, 56, 34, 16, 74, 96, 51, 68, 21, 26, 85, 4, 7, 61, 87, 15, 79, 59, 72, 28, 64, 5, 62, 8, 32, 9, 27, 10, 3, 88, 54, 67, 83, 82, 53, 12, 38, 18, 14, 30, 78, 77, 22, 2]"
Sko100a,1800,168498,250.84,5.51,6,70,0.5966,0.5187,10,100,42,"[54, 35, 48, 19, 60, 44, 37, 99, 58, 57, 69, 50, 85, 72, 46, 91, 45, 49, 6, 34, 63, 33, 90, 93, 40, 47, 76, 68, 81, 28, 89, 92, 75, 17, 52, 23, 29, 43, 88, 86, 16, 24, 11, 1, 25, 4, 0, 82, 36, 98, 10, 71, 59, 53, 95, 55, 22, 56, 38, 41, 74, 79, 65, 83, 21, 18, 26, 97, 78, 61, 80, 15, 87, 84, 42, 62, 20, 14, 51, 8, 70, 12, 27, 3, 30, 66, 13, 67, 73, 64, 96, 9, 94, 39, 5, 32, 7, 31, 77, 2]"
Sko100a,1900,166852,253.78,5.51,6,70,0.5966,0.5187,10,100,42,"[54, 35, 48, 19, 60, 44, 37, 99, 58, 34, 69, 50, 75, 72, 25, 91, 45, 49, 6, 57, 63, 33, 90, 93, 40, 47, 84, 68, 81, 28, 89, 92, 73, 17, 52, 23, 29, 43, 16, 86, 0, 24, 11, 1, 46, 4, 88, 82, 36, 98, 10, 71, 94, 53, 95, 55, 22, 56, 38, 41, 74, 79, 21, 83, 70, 20, 26, 97, 78, 61, 80, 15, 59, 76, 9, 62, 18, 14, 51, 8, 65, 12, 27, 3, 30, 66, 13, 67, 85, 64, 96, 42, 87, 39, 5, 32, 7, 31, 77, 2]"
Sko100a,2000,166852,256.72,5.51,6,70,0.5966,0.5187,10,100,42,"[54, 35, 48, 19, 60, 44, 37, 99, 58, 34, 69, 50, 75, 72, 25, 91, 45, 49, 6, 57, 63, 33, 90, 93, 40, 47, 84, 68, 81, 28, 89, 92, 73, 17, 52, 23, 29, 43, 16, 86, 0, 24, 11, 1, 46, 4, 88, 82, 36, 98, 10, 71, 94, 53, 95, 55, 22, 56, 38, 41, 74, 79, 21, 83, 70, 20, 26, 97, 78, 61, 80, 15, 59, 76, 9, 62, 18, 14, 51, 8, 65, 12, 27, 3, 30, 66, 13, 67, 85, 64, 96, 42, 87, 39, 5, 32, 7, 31, 77, 2]"
Sko100a,2100,166852,259.68,5.51,6,70,0.5966,0.5187,10,100,42,"[54, 35, 48, 19, 60, 44, 37, 99, 58, 34, 69, 50, 75, 72, 25, 91, 45, 49, 6, 57, 63, 33, 90, 93, 40, 47, 84, 68, 81, 28, 89, 92, 73, 17, 52, 23, 29, 43, 16, 86, 0, 24, 11, 1, 46, 4, 88, 82, 36, 98, 10, 71, 94, 53, 95, 55, 22, 56, 38, 41, 74, 79, 21, 83, 70, 20, 26, 97, 78, 61, 80, 15, 59, 76, 9, 62, 18, 14, 51, 8, 65, 12, 27, 3, 30, 66, 13, 67, 85, 64, 96, 42, 87, 39, 5, 32, 7, 31, 77, 2]"
Sko100a,2200,166852,262.66,6.56,6,70,0.5966,0.5187,10,100,42,"[54, 35, 48, 19, 60, 44, 37, 99, 58, 34, 69, 50, 75, 72, 25, 91, 45, 49, 6, 57, 63, 33, 90, 93, 40, 47, 84, 68, 81, 28, 89, 92, 73, 17, 52, 23, 29, 43, 16, 86, 0, 24, 11, 1, 46, 4, 88, 82, 36, 98, 10, 71, 94, 53, 95, 55, 22, 56, 38, 41, 74, 79, 21, 83, 70, 20, 26, 97, 78, 61, 80, 15, 59, 76, 9, 62, 18, 14, 51, 8, 65, 12, 27, 3, 30, 66, 13, 67, 85, 64, 96, 42, 87, 39, 5, 32, 7, 31, 77, 2]"
Sko100a,2300,165716,265.73,6.56,6,70,0.5966,0.5187,10,100,42,"[75, 89, 99, 52, 44, 68, 55, 43, 61, 23, 17, 19, 6, 9, 25, 91, 37, 49, 92, 11, 69, 38, 57, 86, 35, 93, 71, 28, 1, 34, 26, 54, 73, 53, 47, 81, 22, 41, 95, 83, 90, 12, 24, 60, 30, 74, 16, 46, 50, 88, 10, 63, 70, 29, 13, 7, 40, 97, 82, 56, 58, 33, 42, 31, 39, 20, 66, 62, 98, 8, 80, 15, 59, 21, 48, 76, 18, 4, 65, 85, 5, 79, 0, 3, 51, 77, 96, 67, 78, 64, 94, 87, 32, 36, 45, 27, 84, 72, 14, 2]"
Sko100a,2400,165700,268.63,6.58,6,70,0.5966,0.5187,10,100,42,"[75, 89, 99, 52, 44, 68, 55, 43, 61, 23, 17, 19, 6, 9, 25, 91, 37, 49, 92, 11, 69, 38, 57, 86, 35, 93, 71, 28, 1, 34, 26, 54, 73, 53, 47, 81, 22, 41, 95, 83, 90, 12, 24, 60, 30, 74, 16, 46, 50, 88, 10, 63, 70, 29, 13, 36, 40, 97, 82, 56, 58, 33, 42, 31, 39, 20, 66, 62, 98, 8, 80, 15, 59, 21, 48, 76, 18, 4, 65, 85, 5, 79, 0, 3, 51, 77, 96, 67, 78, 64, 94, 87, 32, 7, 45, 27, 84, 72, 14, 2]"
Sko100a,2500,164032,271.51,6.58,6,70,0.5966,0.5187,10,100,42,"[75, 89, 92, 9, 16, 49, 71, 43, 28, 44, 17, 19, 6, 52, 25, 91, 56, 68, 22, 11, 69, 26, 45, 86, 35, 47, 27, 64, 81, 34, 90, 79, 80, 53, 99, 23, 37, 41, 95, 1, 70, 63, 73, 60, 93, 74, 83, 46, 50, 88, 94, 12, 30, 55, 13, 66, 40, 97, 82, 38, 58, 33, 42, 31, 39, 29, 67, 96, 72, 8, 24, 15, 59, 21, 48, 76, 14, 65, 4, 7, 5, 54, 0, 3, 51, 84, 62, 18, 78, 61, 10, 87, 32, 85, 57, 20, 77, 98, 36, 2]"
Sko100a,2600,163828,274.46,6.58,6,70,0.5966,0.5187,10,100,42,"[75, 89, 92, 9, 16, 49, 27, 43, 28, 44, 17, 19, 6, 52, 25, 91, 56, 68, 22, 11, 69, 26, 45, 3, 35, 47, 71, 64, 81, 34, 90, 79, 80, 53, 99, 23, 37, 41, 95, 1, 70, 63, 73, 60, 93, 74, 83, 46, 50, 88, 10, 12, 30, 55, 13, 66, 40, 97, 82, 38, 58, 33, 42, 31, 39, 4, 67, 96, 72, 8, 24, 15, 59, 21, 48, 76, 14, 65, 29, 7, 5, 54, 0, 86, 51, 84, 62, 18, 78, 61, 94, 87, 32, 85, 57, 20, 77, 98, 36, 2]"
Sko100a,2700,163828,277.36,6.58,6,70,0.5966,0.5187,10,100,42,"[75, 89, 92, 9, 16, 49, 27, 43, 28, 44, 17, 19, 6, 52, 25, 91, 56, 68, 22, 11, 69, 26, 45, 3, 35, 47, 71, 64, 81, 34, 90, 79, 80, 53, 99, 23, 37, 41, 95, 1, 70, 63, 73, 60, 93, 74, 83, 46, 50, 88, 10, 12, 30, 55, 13, 66, 40, 97, 82, 38, 58, 33, 42, 31, 39, 4, 67, 96, 72, 8, 24, 15, 59, 21, 48, 76, 14, 65, 29, 7, 5, 54, 0, 86, 51, 84, 62, 18, 78, 61, 94, 87, 32, 85, 57, 20, 77, 98, 36, 2]"
Sko100a,2800,163828,280.09,5.99,6,70,0.5966,0.5187,10,100,42,"[75, 89, 92, 9, 16, 49, 27, 43, 28, 44, 17, 19, 6, 52, 25, 91, 56, 68, 22, 11, 69, 26, 45, 3, 35, 47, 71, 64, 81, 34, 90, 79, 80, 53, 99, 23, 37, 41, 95, 1, 70, 63, 73, 60, 93, 74, 83, 46, 50, 88, 10, 12, 30, 55, 13, 66, 40, 97, 82, 38, 58, 33, 42, 31, 39, 4, 67, 96, 72, 8, 24, 15, 59, 21, 48, 76, 14, 65, 29, 7, 5, 54, 0, 86, 51, 84, 62, 18, 78, 61, 94, 87, 32, 85, 57, 20, 77, 98, 36, 2]"
Sko100a,2900,163036,282.95,5.84,6,70,0.5966,0.5187,10,100,42,"[75, 89, 48, 52, 16, 92, 60, 43, 28, 11, 17, 70, 19, 83, 25, 91, 51, 68, 22, 44, 77, 54, 69, 40, 35, 47, 55, 99, 81, 34, 90, 79, 73, 6, 37, 23, 72, 95, 41, 38, 27, 63, 80, 64, 13, 1, 66, 46, 50, 88, 58, 26, 30, 53, 93, 9, 3, 97, 82, 71, 32, 33, 42, 0, 39, 4, 8, 18, 56, 67, 5, 15, 85, 21, 45, 76, 78, 65, 36, 7, 10, 12, 29, 86, 74, 84, 62, 96, 14, 61, 94, 87, 24, 59, 57, 20, 31, 49, 98, 2]"
Sko100a,3000,161856,285.78,5.82,6,70,0.5966,0.5187,10,100,42,"[89, 75, 48, 52, 16, 92, 60, 43, 28, 11, 17, 6, 19, 83, 25, 91, 51, 68, 22, 44, 77, 54, 69, 40, 35, 47, 55, 99, 81, 34, 90, 79, 73, 96, 72, 23, 41, 95, 37, 85, 27, 63, 80, 1, 13, 9, 3, 46, 50, 88, 58, 26, 30, 42, 93, 21, 66, 97, 82, 38, 32, 15, 53, 0, 39, 4, 8, 18, 56, 67, 5, 33, 86, 84, 20, 45, 78, 65, 36, 7, 10, 12, 29, 71, 74, 64, 62, 70, 14, 61, 94, 87, 24, 59, 57, 76, 31, 49, 98, 2]"
Sko100a,3100,161534,288.14,5.82,6,70,0.5966,0.5187,10,100,42,"[89, 75, 16, 52, 48, 92, 60, 43, 28, 11, 17, 6, 54, 83, 25, 91, 51, 68, 22, 44, 19, 77, 69, 40, 35, 47, 55, 99, 81, 34, 90, 9, 73, 96, 72, 23, 41, 95, 37, 85, 27, 63, 80, 1, 13, 26, 3, 46, 50, 88, 58, 79, 30, 39, 93, 21, 66, 97, 74, 18, 32, 64, 53, 0, 42, 4, 8, 38, 56, 67, 5, 33, 86, 84, 20, 45, 78, 61, 36, 7, 10, 29, 12, 71, 82, 15, 62, 70, 14, 65, 94, 87, 24, 59, 57, 76, 31, 49, 98, 2]"
Sko100a,3200,161352,289.79,5.83,6,70,0.5966,0.5187,10,100,42,"[89, 75, 16, 52, 48, 92, 60, 43, 28, 11, 17, 6, 54, 83, 25, 91, 51, 68, 22, 44, 19, 77, 69, 40, 35, 47, 23, 41, 34, 81, 90, 9, 1, 96, 37, 55, 99, 95, 72, 85, 27, 63, 80, 73, 13, 26, 3, 46, 50, 88, 58, 79, 30, 39, 42, 21, 66, 97, 74, 18, 32, 64, 53, 57, 93, 4, 8, 70, 98, 67, 5, 33, 86, 84, 20, 15, 78, 14, 36, 7, 10, 29, 12, 71, 82, 45, 62, 38, 61, 65, 94, 87, 24, 59, 0, 76, 31, 49, 56, 2]"
Sko100a,3300,161150,292.67,6.18,6,70,0.5966,0.5187,10,100,42,"[89, 75, 16, 52, 48, 92, 60, 43, 28, 11, 17, 6, 54, 83, 99, 91, 51, 68, 22, 44, 19, 77, 69, 40, 35, 47, 23, 41, 34, 81, 90, 9, 1, 96, 37, 55, 25, 95, 72, 85, 27, 63, 80, 73, 13, 26, 3, 46, 50, 88, 58, 79, 30, 39, 42, 21, 66, 97, 74, 18, 32, 64, 53, 56, 93, 4, 8, 70, 98, 7, 5, 33, 29, 84, 20, 15, 78, 14, 36, 67, 10, 86, 12, 71, 82, 45, 62, 38, 61, 65, 94, 87, 24, 59, 0, 76, 31, 49, 57, 2]"
Sko100a,3400,160578,295.55,6.36,6,70,0.5966,0.5187,10,100,42,"[89, 75, 16, 52, 48, 92, 60, 43, 28, 11, 17, 6, 54, 83, 25, 91, 51, 68, 22, 44, 19, 1, 69, 40, 35, 47, 23, 41, 34, 81, 90, 66, 86, 96, 37, 99, 55, 95, 58, 85, 27, 63, 80, 9, 13, 26, 3, 46, 50, 88, 73, 79, 30, 39, 42, 21, 72, 97, 74, 98, 32, 64, 53, 93, 56, 4, 8, 70, 18, 7, 5, 33, 29, 84, 62, 15, 20, 14, 36, 67, 10, 77, 12, 71, 78, 45, 82, 38, 61, 65, 94, 87, 24, 59, 0, 76, 31, 49, 57, 2]"
Sko100a,3500,160178,298.51,6.36,6,70,0.5966,0.5187,10,100,42,"[89, 75, 16, 52, 48, 92, 60, 43, 28, 11, 17, 6, 54, 83, 25, 91, 51, 68, 22, 44, 19, 1, 69, 40, 35, 47, 23, 41, 34, 81, 90, 66, 86, 96, 37, 99, 55, 46, 58, 85, 27, 63, 80, 9, 13, 26, 3, 95, 50, 39, 73, 79, 30, 45, 42, 21, 98, 97, 74, 72, 32, 64, 53, 93, 56, 4, 8, 78, 18, 7, 5, 33, 29, 84, 76, 15, 20, 14, 36, 67, 10, 77, 12, 71, 70, 88, 82, 38, 61, 65, 94, 87, 24, 59, 0, 62, 31, 49, 57, 2]"
Sko100a,3600,159254,301.41,6.36,6,70,0.5966,0.5187,10,100,42,"[89, 75, 16, 52, 48, 92, 60, 43, 28, 11, 17, 6, 54, 83, 25, 91, 51, 68, 22, 44, 19, 1, 69, 40, 35, 47, 23, 41, 34, 26, 90, 29, 86, 96, 37, 99, 55, 46, 58, 85, 27, 63, 80, 84, 13, 81, 3, 95, 50, 39, 73, 79, 30, 45, 42, 21, 98, 97, 74, 72, 94, 64, 53, 88, 56, 4, 8, 18, 78, 7, 5, 33, 9, 66, 93, 15, 20, 14, 36, 67, 10, 77, 12, 71, 70, 76, 82, 38, 61, 65, 32, 87, 24, 59, 0, 62, 31, 49, 57, 2]"
Sko100a,3700,158756,304.39,6.36,6,70,0.5966,0.5187,10,100,42,"[89, 75, 16, 52, 48, 92, 60, 43, 11, 28, 17, 6, 54, 83, 25, 91, 51, 68, 22, 44, 19, 1, 69, 40, 35, 47, 23, 41, 34, 86, 90, 29, 26, 96, 37, 99, 55, 46, 58, 85, 27, 63, 80, 84, 13, 81, 3, 95, 50, 39, 73, 79, 30, 45, 42, 21, 98, 97, 74, 72, 94, 64, 53, 88, 56, 4, 8, 18, 78, 7, 5, 33, 9, 66, 93, 15, 20, 14, 67, 36, 10, 77, 12, 71, 70, 76, 82, 38, 61, 65, 32, 57, 24, 59, 0, 62, 31, 49, 87, 2]"
Sko100a,3800,158664,307.26,6.36,6,70,0.5966,0.5187,10,100,42,"[89, 75, 16, 52, 48, 92, 60, 43, 11, 28, 17, 6, 54, 23, 25, 91, 51, 68, 22, 44, 19, 1, 69, 40, 35, 47, 83, 41, 34, 86, 90, 29, 26, 96, 37, 99, 55, 46, 58, 85, 27, 63, 80, 84, 13, 81, 3, 95, 50, 39, 73, 79, 30, 45, 42, 21, 98, 97, 74, 72, 94, 64, 53, 88, 56, 4, 8, 18, 78, 7, 5, 33, 9, 66, 93, 15, 20, 14, 67, 36, 10, 77, 12, 71, 70, 76, 82, 38, 61, 65, 32, 57, 24, 59, 0, 62, 31, 49, 87, 2]"
Sko100a,3900,158638,310.13,6.34,6,70,0.5966,0.5187,10,100,42,"[89, 75, 16, 52, 48, 92, 60, 43, 11, 28, 17, 6, 54, 23, 25, 91, 51, 68, 22, 44, 19, 1, 69, 40, 35, 47, 83, 41, 34, 86, 90, 29, 26, 96, 37, 99, 55, 46, 50, 85, 27, 63, 80, 84, 13, 81, 3, 95, 58, 39, 73, 79, 30, 45, 42, 74, 98, 97, 21, 72, 94, 76, 53, 88, 56, 4, 8, 18, 31, 7, 5, 33, 9, 66, 93, 15, 20, 14, 67, 36, 70, 77, 12, 71, 10, 64, 82, 38, 61, 65, 32, 57, 24, 59, 0, 62, 78, 49, 87, 2]"
Sko100a,4000,158546,313.12,6.34,6,70,0.5966,0.5187,10,100,42,"[89, 75, 16, 52, 48, 92, 60, 43, 11, 28, 17, 6, 54, 23, 25, 91, 51, 68, 22, 44, 19, 1, 69, 40, 35, 47, 83, 41, 34, 86, 90, 29, 63, 96, 37, 99, 55, 46, 50, 85, 27, 26, 80, 84, 13, 81, 3, 95, 58, 39, 73, 79, 30, 45, 42, 74, 98, 97, 21, 72, 94, 76, 53, 88, 56, 4, 8, 18, 31, 7, 5, 33, 9, 66, 93, 15, 20, 14, 67, 36, 70, 77, 12, 71, 10, 64, 82, 38, 61, 65, 32, 57, 24, 59, 0, 62, 78, 49, 87, 2]"
Sko100a,4100,158132,316.08,6.34,6,70,0.5966,0.5187,10,100,42,"[89, 75, 16, 52, 48, 92, 60, 43, 11, 28, 17, 6, 54, 99, 83, 91, 88, 68, 22, 44, 19, 1, 69, 40, 35, 47, 25, 41, 34, 86, 90, 29, 63, 96, 37, 23, 55, 46, 50, 85, 27, 26, 80, 84, 13, 81, 3, 95, 58, 39, 73, 94, 30, 45, 42, 74, 98, 97, 21, 72, 79, 76, 53, 51, 56, 4, 8, 18, 65, 7, 5, 33, 9, 66, 93, 15, 20, 14, 67, 36, 70, 77, 12, 71, 10, 87, 82, 38, 61, 78, 32, 57, 24, 59, 0, 62, 31, 49, 64, 2]"
Sko100a,4200,158080,318.96,6.34,6,70,0.5966,0.5187,10,100,42,"[89, 75, 16, 52, 48, 92, 60, 43, 11, 28, 17, 6, 54, 99, 83, 91, 88, 68, 22, 44, 19, 1, 69, 40, 35, 47, 25, 41, 34, 86, 90, 29, 63, 96, 37, 23, 55, 46, 50, 85, 27, 26, 80, 84, 13, 81, 3, 95, 58, 39, 73, 94, 30, 45, 42, 74, 98, 97, 21, 72, 79, 76, 53, 51, 56, 4, 8, 18, 65, 7, 5, 33, 9, 66, 93, 15, 20, 14, 67, 36, 70, 77, 12, 71, 62, 87, 82, 38, 61, 78, 32, 57, 24, 59, 0, 10, 31, 49, 64, 2]"
Sko100a,4300,158080,322.02,6.34,6,70,0.5966,0.5187,10,100,42,"[89, 75, 16, 52, 48, 92, 60, 43, 11, 28, 17, 6, 54, 99, 83, 91, 88, 68, 22, 44, 19, 1, 69, 40, 35, 47, 25, 41, 34, 86, 90, 29, 63, 96, 37, 23, 55, 46, 50, 85, 27, 26, 80, 84, 13, 81, 3, 95, 58, 39, 73, 94, 30, 45, 42, 74, 98, 97, 21, 72, 79, 76, 53, 51, 56, 4, 8, 18, 65, 7, 5, 33, 9, 66, 93, 15, 20, 14, 67, 36, 70, 77, 12, 71, 62, 87, 82, 38, 61, 78, 32, 57, 24, 59, 0, 10, 31, 49, 64, 2]"
Sko100a,4400,157992,325.02,6.34,6,70,0.5966,0.5187,10,100,42,"[89, 75, 16, 52, 48, 92, 60, 43, 11, 28, 17, 6, 54, 99, 83, 91, 88, 22, 68, 44, 19, 1, 69, 40, 35, 47, 25, 41, 34, 86, 90, 29, 63, 96, 37, 23, 55, 46, 39, 85, 27, 26, 80, 84, 13, 81, 3, 95, 58, 50, 73, 94, 30, 45, 42, 74, 98, 97, 21, 72, 79, 76, 53, 51, 56, 4, 8, 18, 65, 7, 5, 33, 9, 66, 93, 15, 31, 14, 67, 36, 70, 77, 12, 71, 62, 24, 82, 38, 61, 78, 32, 57, 87, 59, 0, 10, 20, 49, 64, 2]"
Sko100a,4500,157876,327.96,6.34,6,70,0.5966,0.5187,10,100,42,"[89, 75, 16, 52, 48, 92, 60, 43, 11, 28, 17, 6, 54, 99, 83, 91, 88, 22, 68, 44, 19, 1, 69, 40, 35, 47, 25, 41, 34, 86, 90, 29, 63, 96, 37, 23, 55, 46, 39, 85, 27, 26, 80, 84, 13, 81, 3, 95, 58, 50, 73, 94, 30, 45, 42, 51, 98, 97, 21, 72, 79, 9, 53, 56, 74, 4, 8, 18, 65, 7, 5, 33, 76, 66, 93, 15, 31, 14, 67, 36, 70, 77, 12, 71, 62, 24, 38, 82, 61, 78, 32, 57, 87, 59, 0, 10, 20, 49, 64, 2]"
Sko100a,4600,157830,330.66,6.34,6,70,0.5966,0.5187,10,100,42,"[89, 75, 92, 52, 48, 16, 60, 43, 11, 28, 17, 6, 54, 99, 83, 91, 88, 22, 68, 44, 19, 1, 69, 40, 35, 47, 25, 41, 34, 86, 90, 29, 63, 96, 37, 23, 55, 46, 39, 85, 27, 26, 80, 84, 13, 81, 3, 95, 58, 50, 73, 94, 30, 45, 42, 51, 98, 97, 21, 72, 79, 9, 53, 56, 74, 4, 8, 18, 65, 7, 5, 33, 76, 66, 93, 15, 31, 67, 14, 36, 87, 77, 12, 71, 62, 24, 38, 82, 61, 78, 32, 57, 70, 59, 0, 10, 20, 49, 64, 2]"
Sko100a,4700,157750,333.27,6.34,6,70,0.5966,0.5187,10,100,42,"[89, 75, 92, 52, 48, 11, 60, 28, 16, 43, 17, 6, 54, 99, 83, 91, 88, 22, 68, 44, 19, 1, 63, 40, 35, 47, 25, 41, 34, 86, 90, 29, 69, 96, 37, 23, 55, 46, 39, 85, 27, 26, 80, 84, 13, 81, 3, 95, 58, 50, 73, 94, 30, 45, 42, 51, 98, 21, 97, 72, 79, 9, 53, 56, 74, 4, 8, 18, 65, 7, 5, 33, 76, 66, 93, 15, 31, 67, 14, 36, 10, 77, 12, 71, 62, 24, 38, 82, 61, 78, 32, 57, 70, 59, 0, 87, 20, 49, 64, 2]"
Sko100a,4800,157694,336.9,6.34,6,70,0.5966,0.5187,10,100,42,"[89, 75, 92, 52, 48, 11, 60, 28, 16, 43, 17, 6, 54, 99, 83, 91, 88, 22, 68, 44, 19, 1, 63, 40, 35, 47, 25, 41, 34, 86, 90, 29, 69, 96, 37, 23, 55, 46, 39, 85, 27, 26, 80, 84, 13, 81, 3, 95, 58, 50, 73, 94, 30, 45, 42, 21, 98, 51, 18, 72, 79, 9, 53, 56, 74, 4, 8, 97, 65, 7, 5, 33, 76, 66, 93, 15, 31, 67, 14, 36, 10, 77, 12, 71, 62, 24, 38, 82, 61, 78, 32, 57, 70, 59, 0, 87, 20, 49, 64, 2]"
Sko100a,4900,157648,340.45,6.34,6,70,0.5966,0.5187,10,100,42,"[89, 75, 92, 11, 48, 52, 60, 28, 16, 43, 17, 6, 54, 99, 83, 91, 88, 22, 68, 44, 19, 1, 63, 40, 35, 47, 25, 41, 34, 86, 90, 29, 69, 96, 37, 23, 55, 46, 39, 85, 27, 26, 80, 81, 13, 84, 3, 95, 58, 50, 73, 94, 30, 45, 42, 21, 98, 51, 18, 72, 79, 9, 53, 56, 74, 4, 8, 97, 65, 7, 5, 33, 76, 66, 93, 15, 31, 67, 14, 36, 10, 77, 12, 71, 62, 24, 38, 82, 61, 78, 32, 70, 57, 59, 0, 87, 20, 49, 64, 2]"
Sko100a,5000,157468,343.95,6.23,6,70,0.5966,0.5187,10,100,42,"[89, 75, 92, 11, 48, 52, 60, 28, 16, 43, 17, 6, 54, 35, 83, 91, 88, 22, 68, 44, 19, 1, 63, 40, 99, 47, 25, 41, 34, 86, 90, 29, 69, 96, 37, 23, 55, 46, 39, 85, 27, 26, 80, 81, 13, 84, 3, 95, 58, 50, 73, 94, 30, 45, 42, 21, 98, 51, 18, 72, 79, 9, 53, 56, 74, 4, 8, 97, 65, 7, 5, 33, 76, 66, 93, 15, 31, 14, 67, 36, 10, 77, 12, 71, 62, 24, 38, 82, 61, 78, 32, 70, 57, 59, 0, 87, 20, 49, 64, 2]"
Sko100a,5100,157332,347.54,5.39,6,70,0.5966,0.5187,10,100,42,"[89, 75, 92, 11, 48, 52, 60, 28, 16, 43, 17, 6, 54, 35, 83, 23, 91, 22, 68, 44, 19, 1, 63, 40, 99, 47, 25, 41, 34, 86, 90, 29, 69, 96, 37, 88, 55, 46, 39, 85, 27, 73, 80, 81, 13, 84, 3, 95, 58, 50, 26, 94, 30, 45, 42, 21, 98, 51, 18, 72, 79, 9, 53, 56, 74, 15, 8, 97, 65, 7, 5, 33, 76, 66, 93, 4, 31, 14, 67, 36, 10, 77, 12, 71, 62, 24, 38, 82, 61, 78, 32, 70, 57, 59, 0, 87, 20, 49, 64, 2]"
Sko100a,5200,157294,350.87,4.82,6,70,0.5966,0.5187,10,100,42,"[89, 75, 92, 11, 48, 52, 91, 28, 16, 43, 17, 6, 54, 35, 83, 23, 60, 22, 68, 44, 19, 1, 63, 40, 99, 47, 25, 41, 34, 86, 90, 29, 69, 96, 37, 88, 55, 46, 39, 85, 27, 73, 80, 81, 13, 84, 3, 95, 58, 50, 26, 94, 30, 45, 42, 21, 98, 51, 18, 72, 79, 9, 53, 56, 74, 15, 8, 97, 65, 7, 5, 33, 76, 66, 93, 4, 31, 14, 67, 78, 10, 77, 12, 71, 62, 24, 38, 82, 61, 36, 32, 70, 57, 59, 0, 87, 20, 49, 64, 2]"
Sko100a,5300,157246,354.35,4.67,6,70,0.5966,0.5187,10,100,42,"[89, 75, 92, 11, 48, 52, 91, 28, 16, 43, 17, 6, 40, 35, 47, 23, 60, 22, 68, 44, 19, 1, 63, 54, 99, 83, 25, 41, 34, 86, 90, 29, 69, 96, 37, 88, 55, 46, 39, 85, 27, 73, 80, 81, 13, 84, 3, 95, 58, 50, 26, 94, 30, 45, 42, 21, 98, 51, 18, 72, 79, 9, 53, 56, 74, 15, 8, 97, 65, 7, 5, 33, 76, 66, 93, 4, 31, 14, 67, 78, 10, 77, 12, 71, 62, 24, 38, 20, 61, 36, 32, 70, 57, 59, 0, 87, 82, 49, 64, 2]"
Sko100a,5400,157018,357.74,4.59,6,70,0.5966,0.5187,10,100,42,"[89, 75, 92, 11, 48, 52, 91, 28, 16, 43, 17, 6, 40, 35, 47, 23, 60, 22, 34, 44, 19, 1, 63, 54, 99, 83, 25, 41, 68, 86, 90, 29, 69, 96, 37, 88, 55, 46, 39, 85, 27, 73, 80, 81, 13, 84, 3, 95, 58, 50, 26, 94, 30, 45, 42, 21, 98, 51, 18, 72, 79, 9, 53, 66, 74, 15, 8, 97, 65, 7, 5, 33, 76, 56, 93, 4, 31, 14, 67, 49, 10, 77, 12, 71, 24, 62, 38, 20, 61, 36, 32, 70, 57, 59, 0, 87, 82, 78, 64, 2]"
Sko100a,5500,156904,361.07,4.59,6,70,0.5966,0.5187,10,100,42,"[89, 75, 92, 11, 48, 52, 91, 28, 16, 43, 17, 6, 40, 35, 47, 23, 60, 22, 34, 44, 19, 1, 63, 54, 99, 83, 25, 41, 68, 86, 90, 69, 29, 96, 37, 88, 55, 46, 39, 85, 27, 73, 80, 81, 56, 84, 3, 95, 58, 50, 26, 94, 30, 45, 42, 21, 98, 51, 18, 72, 79, 9, 33, 66, 74, 15, 8, 97, 65, 7, 5, 53, 76, 13, 93, 4, 31, 14, 67, 49, 10, 77, 12, 71, 24, 62, 38, 20, 61, 36, 32, 70, 57, 59, 0, 87, 82, 78, 64, 2]"
Sko100a,5600,156900,363.81,4.61,6,70,0.5966,0.5187,10,100,42,"[89, 75, 92, 11, 48, 52, 91, 28, 16, 43, 17, 6, 40, 35, 47, 23, 60, 22, 34, 44, 19, 1, 63, 54, 99, 83, 25, 41, 68, 86, 90, 69, 29, 96, 37, 88, 55, 46, 39, 85, 27, 73, 80, 81, 56, 84, 3, 95, 58, 50, 26, 94, 30, 45, 42, 21, 98, 51, 18, 72, 79, 9, 33, 66, 74, 15, 8, 97, 65, 7, 5, 53, 76, 13, 93, 4, 31, 14, 67, 49, 10, 77, 12, 71, 24, 62, 38, 20, 61, 36, 32, 70, 57, 59, 0, 78, 82, 87, 64, 2]"
Sko100a,5700,156876,366.26,4.61,6,70,0.5966,0.5187,10,100,42,"[89, 75, 92, 11, 48, 52, 91, 28, 16, 43, 17, 6, 23, 35, 47, 40, 60, 22, 34, 44, 19, 1, 63, 54, 99, 83, 25, 41, 68, 86, 90, 69, 29, 96, 37, 88, 55, 46, 39, 85, 27, 73, 80, 81, 56, 84, 3, 95, 58, 50, 26, 94, 30, 45, 42, 21, 98, 51, 18, 72, 79, 9, 33, 66, 74, 15, 8, 97, 65, 7, 5, 53, 76, 13, 93, 4, 31, 14, 67, 49, 10, 77, 12, 71, 24, 62, 38, 20, 61, 36, 32, 70, 57, 59, 0, 78, 82, 87, 64, 2]"
Sko100a,5800,156762,368.82,4.61,6,70,0.5966,0.5187,10,100,42,"[89, 75, 92, 11, 48, 52, 91, 28, 16, 43, 17, 6, 23, 35, 47, 40, 60, 22, 34, 44, 19, 1, 63, 54, 99, 25, 83, 41, 68, 86, 90, 69, 29, 96, 37, 88, 55, 46, 39, 85, 27, 73, 80, 81, 56, 84, 3, 95, 58, 50, 26, 94, 30, 45, 66, 21, 98, 51, 18, 72, 79, 9, 33, 42, 74, 15, 8, 97, 65, 7, 5, 53, 76, 13, 93, 4, 31, 14, 67, 49, 10, 77, 12, 71, 24, 62, 38, 20, 61, 36, 32, 70, 57, 59, 0, 78, 82, 87, 64, 2]"
Sko100a,5900,156730,371.58,4.61,6,70,0.5966,0.5187,10,100,42,"[89, 75, 92, 11, 48, 52, 91, 28, 16, 43, 17, 6, 23, 35, 47, 40, 60, 22, 34, 44, 19, 1, 63, 54, 99, 25, 83, 41, 68, 86, 90, 69, 29, 96, 37, 88, 55, 46, 39, 85, 27, 73, 80, 81, 56, 84, 3, 95, 58, 50, 26, 94, 30, 45, 66, 21, 98, 51, 18, 72, 79, 9, 33, 42, 74, 15, 8, 97, 65, 7, 5, 53, 76, 13, 93, 4, 31, 14, 67, 49, 10, 77, 12, 0, 24, 62, 38, 20, 61, 36, 32, 70, 57, 59, 71, 78, 82, 87, 64, 2]"
Sko100a,6000,156706,374.31,4.61,6,70,0.5966,0.5187,10,100,42,"[89, 75, 92, 11, 48, 52, 91, 28, 16, 43, 17, 6, 23, 35, 47, 40, 60, 22, 34, 44, 19, 1, 63, 54, 99, 25, 83, 41, 68, 86, 90, 69, 29, 96, 37, 88, 55, 46, 39, 85, 27, 73, 80, 81, 56, 84, 3, 95, 58, 50, 26, 94, 30, 45, 66, 21, 98, 51, 97, 72, 79, 9, 33, 42, 74, 15, 8, 18, 65, 7, 5, 53, 76, 13, 93, 4, 31, 14, 67, 49, 10, 77, 12, 0, 24, 62, 38, 20, 61, 36, 32, 70, 57, 59, 71, 78, 82, 87, 64, 2]"
Sko100a,6100,156658,377.04,4.62,6,70,0.5966,0.5187,10,100,42,"[89, 75, 92, 11, 48, 52, 91, 28, 16, 43, 17, 6, 23, 35, 47, 40, 60, 22, 34, 44, 19, 1, 63, 54, 99, 25, 83, 41, 68, 86, 90, 69, 29, 96, 37, 88, 55, 46, 39, 85, 27, 73, 80, 81, 56, 84, 3, 95, 58, 50, 26, 94, 30, 45, 66, 21, 98, 51, 97, 72, 79, 9, 33, 42, 74, 15, 8, 18, 65, 7, 5, 53, 76, 13, 71, 4, 31, 14, 67, 49, 10, 77, 12, 0, 24, 62, 38, 20, 61, 36, 32, 70, 57, 59, 93, 78, 82, 87, 64, 2]"
Sko100a,6200,156482,379.72,4.62,6,70,0.5966,0.5187,10,100,42,"[89, 75, 92, 11, 48, 52, 91, 28, 16, 43, 17, 6, 23, 35, 47, 40, 60, 22, 34, 44, 19, 1, 63, 54, 83, 25, 99, 41, 68, 86, 90, 69, 29, 96, 37, 88, 55, 46, 39, 72, 27, 73, 80, 81, 56, 84, 3, 95, 58, 50, 26, 94, 30, 45, 66, 21, 98, 51, 97, 85, 79, 9, 33, 42, 74, 15, 8, 18, 65, 7, 5, 53, 76, 13, 71, 4, 31, 14, 67, 49, 10, 77, 12, 0, 24, 62, 38, 20, 61, 36, 32, 70, 57, 59, 93, 87, 82, 78, 64, 2]"
Sko100a,6300,156426,382.54,4.62,6,70,0.5966,0.5187,10,100,42,"[89, 75, 92, 11, 48, 52, 91, 28, 16, 43, 17, 6, 23, 35, 47, 40, 60, 22, 34, 44, 19, 1, 63, 54, 83, 25, 99, 39, 68, 86, 90, 69, 29, 96, 37, 88, 55, 46, 41, 72, 27, 73, 80, 81, 56, 84, 3, 95, 58, 50, 26, 94, 30, 45, 66, 21, 98, 51, 97, 85, 79, 9, 33, 42, 74, 15, 8, 18, 65, 7, 5, 53, 76, 13, 71, 4, 31, 14, 67, 49, 10, 77, 12, 0, 24, 62, 38, 20, 61, 36, 32, 70, 57, 59, 93, 87, 82, 78, 64, 2]"
Sko100a,6400,156426,385.33,4.62,6,70,0.5966,0.5187,10,100,42,"[89, 75, 92, 11, 48, 52, 91, 28, 16, 43, 17, 6, 23, 35, 47, 40, 60, 22, 34, 44, 19, 1, 63, 54, 83, 25, 99, 39, 68, 86, 90, 69, 29, 96, 37, 88, 55, 46, 41, 72, 27, 73, 80, 81, 56, 84, 3, 95, 58, 50, 26, 94, 30, 45, 66, 21, 98, 51, 97, 85, 79, 9, 33, 42, 74, 15, 8, 18, 65, 7, 5, 53, 76, 13, 71, 4, 31, 14, 67, 49, 10, 77, 12, 0, 24, 62, 38, 20, 61, 36, 32, 70, 57, 59, 93, 87, 82, 78, 64, 2]"
Sko100a,6500,156356,388.04,4.62,6,70,0.5966,0.5187,10,100,42,"[89, 75, 92, 11, 48, 52, 91, 28, 16, 43, 17, 6, 23, 35, 47, 40, 60, 22, 34, 44, 19, 1, 63, 69, 83, 25, 99, 39, 68, 86, 90, 54, 29, 96, 37, 88, 55, 46, 41, 72, 27, 73, 80, 81, 56, 84, 3, 95, 58, 50, 26, 94, 30, 45, 66, 21, 98, 51, 97, 85, 79, 9, 33, 42, 74, 15, 8, 18, 65, 7, 5, 53, 76, 13, 71, 4, 31, 14, 67, 49, 10, 77, 12, 59, 24, 62, 38, 20, 61, 36, 32, 70, 57, 0, 93, 87, 82, 78, 64, 2]"
Sko100a,6600,156336,390.76,4.62,6,70,0.5966,0.5187,10,100,42,"[89, 75, 6, 11, 48, 52, 91, 28, 16, 43, 17, 92, 23, 35, 47, 40, 60, 22, 34, 44, 19, 1, 63, 69, 83, 25, 99, 39, 68, 86, 90, 54, 29, 96, 37, 88, 55, 46, 41, 72, 27, 73, 80, 81, 56, 84, 3, 95, 58, 50, 26, 94, 30, 45, 66, 21, 98, 51, 97, 85, 79, 9, 33, 42, 74, 15, 8, 18, 65, 7, 5, 53, 76, 13, 71, 4, 31, 14, 67, 49, 10, 77, 12, 59, 24, 62, 38, 20, 61, 36, 32, 70, 57, 0, 93, 87, 82, 78, 64, 2]"
Sko100a,100,174360,393.55,5.15,6,70,0.5966,0.5187,10,100,42,"[89, 66, 51, 4, 26, 54, 28, 21, 97, 33, 90, 48, 74, 91, 56, 69, 8, 67, 13, 41, 70, 37, 88, 32, 93, 34, 86, 39, 14, 53, 59, 24, 99, 1, 25, 75, 30, 44, 83, 7, 12, 50, 71, 95, 15, 82, 76, 80, 73, 79, 3, 85, 6, 84, 46, 72, 35, 17, 63, 47, 62, 18, 55, 22, 92, 78, 31, 10, 29, 94, 60, 42, 23, 96, 61, 38, 65, 27, 9, 58, 16, 11, 5, 45, 36, 40, 0, 77, 81, 87, 19, 20, 2, 98, 49, 68, 52, 43, 57, 64]"
Sko100a,200,174360,396.09,6.28,6,70,0.5966,0.5187,10,100,42,"[89, 66, 51, 4, 26, 54, 28, 21, 97, 33, 90, 48, 74, 91, 56, 69, 8, 67, 13, 41, 70, 37, 88, 32, 93, 34, 86, 39, 14, 53, 59, 24, 99, 1, 25, 75, 30, 44, 83, 7, 12, 50, 71, 95, 15, 82, 76, 80, 73, 79, 3, 85, 6, 84, 46, 72, 35, 17, 63, 47, 62, 18, 55, 22, 92, 78, 31, 10, 29, 94, 60, 42, 23, 96, 61, 38, 65, 27, 9, 58, 16, 11, 5, 45, 36, 40, 0, 77, 81, 87, 19, 20, 2, 98, 49, 68, 52, 43, 57, 64]"
Sko100a,300,173278,402.3,6.89,6,70,0.5966,0.5187,10,100,42,"[17, 61, 12, 10, 74, 54, 69, 43, 21, 34, 9, 8, 20, 13, 95, 60, 94, 22, 35, 93, 28, 70, 16, 32, 3, 0, 36, 46, 2, 45, 39, 51, 67, 41, 57, 25, 82, 44, 83, 58, 19, 90, 37, 42, 18, 85, 63, 91, 50, 52, 87, 15, 66, 31, 99, 47, 76, 96, 6, 98, 97, 48, 80, 40, 29, 53, 62, 59, 4, 11, 86, 72, 33, 30, 84, 24, 65, 1, 49, 27, 7, 64, 89, 92, 26, 79, 77, 78, 56, 38, 71, 23, 73, 5, 81, 88, 55, 75, 68, 14]"
Sko100a,400,173278,406.59,6.03,6,70,0.5966,0.5187,10,100,42,"[17, 61, 12, 10, 74, 54, 69, 43, 21, 34, 9, 8, 20, 13, 95, 60, 94, 22, 35, 93, 28, 70, 16, 32, 3, 0, 36, 46, 2, 45, 39, 51, 67, 41, 57, 25, 82, 44, 83, 58, 19, 90, 37, 42, 18, 85, 63, 91, 50, 52, 87, 15, 66, 31, 99, 47, 76, 96, 6, 98, 97, 48, 80, 40, 29, 53, 62, 59, 4, 11, 86, 72, 33, 30, 84, 24, 65, 1, 49, 27, 7, 64, 89, 92, 26, 79, 77, 78, 56, 38, 71, 23, 73, 5, 81, 88, 55, 75, 68, 14]"
Sko100a,500,171108,411.87,6.18,6,70,0.5966,0.5187,10,100,42,"[17, 2, 64, 23, 95, 81, 22, 32, 90, 10, 29, 9, 34, 59, 73, 46, 53, 43, 35, 19, 27, 40, 94, 74, 76, 71, 21, 65, 37, 63, 24, 33, 8, 57, 30, 89, 58, 20, 79, 5, 88, 92, 26, 99, 4, 50, 83, 6, 70, 14, 85, 97, 55, 54, 45, 18, 0, 75, 16, 39, 96, 42, 72, 41, 87, 69, 44, 80, 93, 3, 86, 91, 66, 61, 25, 68, 48, 56, 28, 47, 84, 62, 67, 82, 38, 7, 77, 12, 98, 11, 51, 31, 49, 15, 52, 78, 1, 60, 13, 36]"
Sko100a,600,171108,415.14,6.18,6,70,0.5966,0.5187,10,100,42,"[17, 2, 64, 23, 95, 81, 22, 32, 90, 10, 29, 9, 34, 59, 73, 46, 53, 43, 35, 19, 27, 40, 94, 74, 76, 71, 21, 65, 37, 63, 24, 33, 8, 57, 30, 89, 58, 20, 79, 5, 88, 92, 26, 99, 4, 50, 83, 6, 70, 14, 85, 97, 55, 54, 45, 18, 0, 75, 16, 39, 96, 42, 72, 41, 87, 69, 44, 80, 93, 3, 86, 91, 66, 61, 25, 68, 48, 56, 28, 47, 84, 62, 67, 82, 38, 7, 77, 12, 98, 11, 51, 31, 49, 15, 52, 78, 1, 60, 13, 36]"
Sko100a,700,171108,418.06,6.18,6,70,0.5966,0.5187,10,100,42,"[17, 2, 64, 23, 95, 81, 22, 32, 90, 10, 29, 9, 34, 59, 73, 46, 53, 43, 35, 19, 27, 40, 94, 74, 76, 71, 21, 65, 37, 63, 24, 33, 8, 57, 30, 89, 58, 20, 79, 5, 88, 92, 26, 99, 4, 50, 83, 6, 70, 14, 85, 97, 55, 54, 45, 18, 0, 75, 16, 39, 96, 42, 72, 41, 87, 69, 44, 80, 93, 3, 86, 91, 66, 61, 25, 68, 48, 56, 28, 47, 84, 62, 67, 82, 38, 7, 77, 12, 98, 11, 51, 31, 49, 15, 52, 78, 1, 60, 13, 36]"
Sko100a,800,171108,420.8,6.18,6,70,0.5966,0.5187,10,100,42,"[17, 2, 64, 23, 95, 81, 22, 32, 90, 10, 29, 9, 34, 59, 73, 46, 53, 43, 35, 19, 27, 40, 94, 74, 76, 71, 21, 65, 37, 63, 24, 33, 8, 57, 30, 89, 58, 20, 79, 5, 88, 92, 26, 99, 4, 50, 83, 6, 70, 14, 85, 97, 55, 54, 45, 18, 0, 75, 16, 39, 96, 42, 72, 41, 87, 69, 44, 80, 93, 3, 86, 91, 66, 61, 25, 68, 48, 56, 28, 47, 84, 62, 67, 82, 38, 7, 77, 12, 98, 11, 51, 31, 49, 15, 52, 78, 1, 60, 13, 36]"
Sko100a,900,171108,423.62,6.18,6,70,0.5966,0.5187,10,100,42,"[17, 2, 64, 23, 95, 81, 22, 32, 90, 10, 29, 9, 34, 59, 73, 46, 53, 43, 35, 19, 27, 40, 94, 74, 76, 71, 21, 65, 37, 63, 24, 33, 8, 57, 30, 89, 58, 20, 79, 5, 88, 92, 26, 99, 4, 50, 83, 6, 70, 14, 85, 97, 55, 54, 45, 18, 0, 75, 16, 39, 96, 42, 72, 41, 87, 69, 44, 80, 93, 3, 86, 91, 66, 61, 25, 68, 48, 56, 28, 47, 84, 62, 67, 82, 38, 7, 77, 12, 98, 11, 51, 31, 49, 15, 52, 78, 1, 60, 13, 36]"
Sko100a,1000,171108,426.52,6.18,6,70,0.5966,0.5187,10,100,42,"[17, 2, 64, 23, 95, 81, 22, 32, 90, 10, 29, 9, 34, 59, 73, 46, 53, 43, 35, 19, 27, 40, 94, 74, 76, 71, 21, 65, 37, 63, 24, 33, 8, 57, 30, 89, 58, 20, 79, 5, 88, 92, 26, 99, 4, 50, 83, 6, 70, 14, 85, 97, 55, 54, 45, 18, 0, 75, 16, 39, 96, 42, 72, 41, 87, 69, 44, 80, 93, 3, 86, 91, 66, 61, 25, 68, 48, 56, 28, 47, 84, 62, 67, 82, 38, 7, 77, 12, 98, 11, 51, 31, 49, 15, 52, 78, 1, 60, 13, 36]"
Sko100a,1100,170896,429.18,6.18,6,70,0.5966,0.5187,10,100,42,"[10, 89, 0, 44, 2, 76, 49, 5, 57, 83, 28, 37, 54, 46, 39, 45, 20, 11, 90, 6, 80, 50, 25, 15, 81, 30, 65, 84, 16, 96, 62, 74, 34, 92, 22, 36, 27, 17, 69, 35, 12, 1, 91, 87, 40, 29, 85, 42, 31, 19, 72, 23, 94, 4, 67, 58, 98, 52, 99, 77, 8, 48, 61, 13, 60, 95, 63, 93, 53, 51, 47, 97, 41, 75, 55, 18, 70, 56, 14, 24, 82, 9, 79, 26, 38, 7, 78, 64, 59, 32, 71, 88, 21, 33, 43, 3, 66, 86, 73, 68]"
Sko100a,1200,170784,431.79,6.19,6,70,0.5966,0.5187,10,100,42,"[10, 89, 0, 44, 2, 72, 76, 5, 57, 83, 28, 20, 6, 46, 70, 45, 37, 11, 90, 99, 69, 50, 30, 53, 81, 25, 65, 84, 16, 96, 62, 24, 34, 92, 29, 59, 27, 17, 80, 35, 12, 1, 91, 33, 40, 7, 85, 54, 31, 19, 15, 71, 94, 4, 13, 8, 98, 22, 39, 77, 58, 61, 43, 67, 60, 42, 63, 93, 41, 51, 48, 97, 47, 75, 49, 18, 95, 87, 86, 66, 82, 78, 79, 26, 52, 38, 74, 64, 36, 32, 55, 88, 21, 9, 23, 3, 56, 14, 73, 68]"
Sko100a,1300,170784,434.57,6.19,6,70,0.5966,0.5187,10,100,42,"[10, 89, 0, 44, 2, 72, 76, 5, 57, 83, 28, 20, 6, 46, 70, 45, 37, 11, 90, 99, 69, 50, 30, 53, 81, 25, 65, 84, 16, 96, 62, 24, 34, 92, 29, 59, 27, 17, 80, 35, 12, 1, 91, 33, 40, 7, 85, 54, 31, 19, 15, 71, 94, 4, 13, 8, 98, 22, 39, 77, 58, 61, 43, 67, 60, 42, 63, 93, 41, 51, 48, 97, 47, 75, 49, 18, 95, 87, 86, 66, 82, 78, 79, 26, 52, 38, 74, 64, 36, 32, 55, 88, 21, 9, 23, 3, 56, 14, 73, 68]"
Sko100a,1400,170784,437.53,6.19,6,70,0.5966,0.5187,10,100,42,"[10, 89, 0, 44, 2, 72, 76, 5, 57, 83, 28, 20, 6, 46, 70, 45, 37, 11, 90, 99, 69, 50, 30, 53, 81, 25, 65, 84, 16, 96, 62, 24, 34, 92, 29, 59, 27, 17, 80, 35, 12, 1, 91, 33, 40, 7, 85, 54, 31, 19, 15, 71, 94, 4, 13, 8, 98, 22, 39, 77, 58, 61, 43, 67, 60, 42, 63, 93, 41, 51, 48, 97, 47, 75, 49, 18, 95, 87, 86, 66, 82, 78, 79, 26, 52, 38, 74, 64, 36, 32, 55, 88, 21, 9, 23, 3, 56, 14, 73, 68]"
Sko100a,1500,170348,440.25,6.19,6,70,0.5966,0.5187,10,100,42,"[87, 71, 27, 44, 49, 62, 79, 35, 57, 16, 70, 48, 9, 47, 69, 60, 81, 85, 5, 88, 4, 45, 6, 95, 99, 25, 74, 34, 89, 92, 46, 1, 17, 40, 29, 73, 97, 83, 68, 86, 43, 2, 84, 11, 50, 91, 58, 54, 67, 41, 96, 21, 94, 66, 39, 30, 98, 22, 51, 26, 78, 33, 53, 28, 19, 55, 10, 15, 23, 72, 63, 82, 31, 36, 52, 37, 20, 24, 80, 61, 77, 12, 75, 3, 42, 90, 8, 64, 65, 56, 93, 0, 76, 38, 32, 18, 13, 14, 59, 7]"
Sko100a,1600,170348,442.89,6.19,6,70,0.5966,0.5187,10,100,42,"[87, 71, 27, 44, 49, 62, 79, 35, 57, 16, 70, 48, 9, 47, 69, 60, 81, 85, 5, 88, 4, 45, 6, 95, 99, 25, 74, 34, 89, 92, 46, 1, 17, 40, 29, 73, 97, 83, 68, 86, 43, 2, 84, 11, 50, 91, 58, 54, 67, 41, 96, 21, 94, 66, 39, 30, 98, 22, 51, 26, 78, 33, 53, 28, 19, 55, 10, 15, 23, 72, 63, 82, 31, 36, 52, 37, 20, 24, 80, 61, 77, 12, 75, 3, 42, 90, 8, 64, 65, 56, 93, 0, 76, 38, 32, 18, 13, 14, 59, 7]"
Sko100a,1700,169668,445.51,6.19,6,70,0.5966,0.5187,10,100,42,"[23, 64, 18, 6, 41, 51, 29, 44, 80, 11, 70, 57, 84, 89, 52, 60, 68, 85, 47, 2, 4, 45, 22, 69, 99, 25, 74, 83, 16, 28, 46, 1, 49, 10, 58, 95, 35, 93, 38, 88, 59, 82, 36, 26, 53, 94, 75, 54, 67, 17, 96, 21, 63, 9, 56, 81, 71, 3, 79, 37, 78, 8, 87, 13, 98, 55, 97, 15, 65, 72, 86, 90, 31, 5, 27, 40, 92, 30, 66, 19, 77, 61, 73, 20, 42, 12, 39, 50, 91, 48, 33, 0, 76, 62, 32, 24, 34, 43, 14, 7]"
Sko100a,1800,168358,448.31,6.2,6,70,0.5966,0.5187,10,100,42,"[18, 64, 61, 95, 41, 44, 47, 60, 35, 11, 70, 36, 84, 89, 55, 51, 2, 85, 29, 23, 86, 52, 22, 69, 99, 25, 3, 83, 88, 28, 14, 40, 10, 49, 58, 66, 93, 80, 16, 39, 59, 32, 38, 26, 21, 13, 17, 75, 72, 98, 96, 1, 27, 9, 6, 24, 62, 74, 79, 37, 78, 68, 82, 94, 56, 53, 46, 15, 20, 63, 87, 50, 31, 5, 92, 45, 91, 30, 90, 8, 33, 81, 73, 71, 42, 57, 67, 97, 65, 19, 77, 0, 76, 12, 4, 54, 34, 43, 48, 7]"
Sko100a,1900,167416,451.06,6.2,6,70,0.5966,0.5187,10,100,42,"[2, 70, 61, 95, 41, 84, 47, 60, 83, 11, 64, 36, 44, 89, 68, 40, 92, 25, 29, 35, 27, 52, 22, 55, 99, 85, 23, 88, 43, 28, 14, 51, 10, 49, 18, 97, 93, 80, 16, 39, 76, 26, 38, 24, 37, 13, 3, 75, 72, 17, 96, 1, 69, 34, 6, 46, 62, 74, 79, 21, 78, 8, 82, 94, 56, 45, 32, 15, 20, 63, 87, 50, 31, 73, 58, 53, 98, 30, 90, 42, 33, 81, 5, 71, 91, 57, 67, 66, 65, 19, 77, 0, 59, 12, 4, 54, 9, 86, 48, 7]"
Sko100a,2000,167366,453.85,6.2,6,70,0.5966,0.5187,10,100,42,"[2, 70, 61, 95, 41, 84, 47, 40, 83, 11, 64, 36, 65, 89, 60, 68, 92, 25, 29, 35, 27, 30, 22, 55, 99, 46, 23, 88, 43, 28, 14, 15, 10, 49, 3, 97, 54, 69, 16, 39, 76, 26, 38, 24, 37, 21, 33, 75, 72, 50, 96, 5, 80, 34, 74, 85, 62, 6, 79, 13, 78, 8, 82, 94, 91, 45, 56, 51, 20, 63, 4, 81, 31, 73, 58, 53, 98, 52, 1, 42, 18, 17, 90, 71, 32, 57, 67, 66, 44, 19, 77, 0, 59, 12, 87, 93, 9, 86, 48, 7]"
Sko100a,2100,166198,456.75,6.2,6,70,0.5966,0.5187,10,100,42,"[2, 26, 61, 95, 41, 68, 47, 40, 83, 11, 64, 4, 96, 70, 60, 1, 92, 25, 28, 86, 27, 89, 13, 55, 99, 91, 23, 88, 6, 22, 14, 30, 8, 49, 97, 62, 31, 69, 16, 39, 76, 46, 38, 85, 54, 24, 33, 75, 72, 20, 81, 5, 58, 34, 74, 80, 3, 52, 43, 29, 78, 10, 12, 53, 15, 50, 56, 93, 98, 63, 36, 65, 37, 73, 21, 94, 45, 79, 84, 42, 87, 17, 90, 71, 32, 0, 67, 66, 48, 19, 77, 57, 59, 82, 18, 51, 9, 35, 44, 7]"
Sko100a,2200,166198,459.53,6.21,6,70,0.5966,0.5187,10,100,42,"[2, 26, 61, 95, 41, 68, 47, 40, 83, 11, 64, 4, 96, 70, 60, 1, 92, 25, 28, 86, 27, 89, 13, 55, 99, 91, 23, 88, 6, 22, 14, 30, 8, 49, 97, 62, 31, 69, 16, 39, 76, 46, 38, 85, 54, 24, 33, 75, 72, 20, 81, 5, 58, 34, 74, 80, 3, 52, 43, 29, 78, 10, 12, 53, 15, 50, 56, 93, 98, 63, 36, 65, 37, 73, 21, 94, 45, 79, 84, 42, 87, 17, 90, 71, 32, 0, 67, 66, 48, 19, 77, 57, 59, 82, 18, 51, 9, 35, 44, 7]"
Sko100a,2300,165518,462.24,6.21,6,70,0.5966,0.5187,10,100,42,"[2, 26, 61, 17, 52, 91, 47, 40, 88, 11, 27, 64, 58, 62, 95, 60, 37, 25, 28, 92, 21, 89, 83, 55, 99, 71, 23, 39, 6, 22, 14, 96, 8, 5, 97, 70, 18, 69, 16, 80, 76, 46, 41, 31, 56, 13, 49, 44, 29, 20, 3, 4, 30, 72, 74, 1, 81, 34, 35, 24, 65, 10, 12, 9, 15, 50, 54, 93, 98, 63, 87, 78, 7, 73, 85, 67, 45, 53, 42, 84, 57, 32, 90, 33, 86, 0, 94, 66, 48, 19, 36, 38, 59, 82, 68, 51, 79, 43, 75, 77]"
Sko100a,2400,165518,465.03,6.21,6,70,0.5966,0.5187,10,100,42,"[2, 26, 61, 17, 52, 91, 47, 40, 88, 11, 27, 64, 58, 62, 95, 60, 37, 25, 28, 92, 21, 89, 83, 55, 99, 71, 23, 39, 6, 22, 14, 96, 8, 5, 97, 70, 18, 69, 16, 80, 76, 46, 41, 31, 56, 13, 49, 44, 29, 20, 3, 4, 30, 72, 74, 1, 81, 34, 35, 24, 65, 10, 12, 9, 15, 50, 54, 93, 98, 63, 87, 78, 7, 73, 85, 67, 45, 53, 42, 84, 57, 32, 90, 33, 86, 0, 94, 66, 48, 19, 36, 38, 59, 82, 68, 51, 79, 43, 75, 77]"
Sko100a,2500,164788,467.88,6.21,6,70,0.5966,0.5187,10,100,42,"[2, 26, 46, 17, 52, 91, 47, 40, 88, 11, 65, 34, 58, 55, 95, 60, 43, 37, 28, 92, 89, 74, 83, 62, 25, 51, 23, 41, 6, 24, 14, 96, 4, 70, 97, 8, 18, 13, 16, 98, 76, 61, 72, 31, 56, 68, 49, 81, 29, 20, 10, 5, 30, 39, 53, 1, 71, 66, 35, 22, 73, 3, 12, 9, 15, 50, 27, 93, 80, 45, 87, 32, 7, 54, 90, 67, 63, 69, 42, 84, 79, 78, 86, 33, 21, 0, 94, 99, 48, 19, 36, 38, 59, 82, 85, 64, 57, 44, 75, 77]"
Sko100a,2600,164052,470.86,6.22,6,70,0.5966,0.5187,10,100,42,"[2, 26, 70, 17, 52, 91, 47, 40, 88, 11, 65, 18, 58, 55, 71, 60, 43, 37, 28, 92, 13, 46, 98, 61, 25, 8, 23, 41, 6, 83, 14, 96, 4, 62, 97, 51, 34, 95, 16, 24, 7, 74, 72, 31, 56, 68, 49, 81, 29, 20, 10, 5, 30, 99, 90, 53, 89, 66, 22, 27, 73, 3, 45, 38, 15, 50, 39, 69, 80, 12, 76, 32, 79, 67, 93, 54, 63, 1, 48, 35, 94, 78, 86, 33, 21, 0, 42, 84, 87, 19, 36, 9, 59, 82, 85, 64, 44, 57, 75, 77]"
Sko100a,2700,163672,473.75,6.22,6,70,0.5966,0.5187,10,100,42,"[2, 26, 70, 17, 52, 91, 47, 40, 88, 11, 65, 18, 46, 55, 71, 60, 43, 37, 28, 92, 13, 58, 51, 61, 8, 25, 23, 41, 6, 16, 14, 97, 62, 4, 96, 98, 34, 95, 83, 24, 7, 74, 72, 31, 56, 68, 49, 81, 29, 20, 10, 5, 30, 99, 90, 50, 89, 66, 22, 27, 82, 3, 45, 38, 15, 53, 39, 1, 80, 12, 76, 32, 79, 67, 93, 19, 63, 69, 48, 35, 87, 78, 85, 33, 21, 0, 42, 84, 94, 54, 36, 9, 59, 73, 86, 64, 44, 57, 75, 77]"
Sko100a,2800,163474,476.67,6.22,6,70,0.5966,0.5187,10,100,42,"[2, 26, 70, 17, 52, 91, 47, 40, 88, 11, 65, 18, 51, 4, 41, 60, 43, 37, 28, 92, 13, 58, 46, 61, 8, 49, 55, 1, 6, 16, 14, 74, 62, 98, 96, 23, 34, 95, 83, 24, 36, 97, 72, 31, 56, 68, 25, 81, 29, 20, 10, 5, 30, 99, 90, 50, 89, 84, 22, 27, 82, 0, 45, 38, 15, 53, 39, 71, 80, 12, 76, 78, 79, 67, 93, 19, 66, 69, 48, 35, 87, 32, 85, 33, 21, 3, 42, 63, 94, 54, 7, 9, 59, 73, 86, 77, 44, 57, 75, 64]"
Sko100a,2900,163398,479.68,6.22,6,70,0.5966,0.5187,10,100,42,"[2, 61, 70, 49, 52, 17, 47, 40, 88, 11, 26, 18, 51, 41, 13, 60, 91, 37, 28, 92, 8, 62, 46, 58, 72, 68, 55, 1, 6, 16, 14, 74, 65, 56, 83, 23, 34, 95, 96, 24, 36, 97, 0, 31, 98, 3, 25, 81, 29, 22, 10, 5, 30, 99, 50, 90, 89, 84, 20, 27, 82, 4, 45, 38, 15, 12, 44, 71, 43, 80, 79, 78, 53, 67, 93, 19, 66, 69, 48, 35, 87, 32, 85, 33, 73, 76, 94, 39, 42, 54, 7, 9, 59, 21, 86, 77, 63, 57, 75, 64]"
Sko100a,3000,162956,482.53,6.22,6,70,0.5966,0.5187,10,100,42,"[2, 61, 70, 49, 52, 17, 47, 11, 88, 40, 26, 18, 41, 51, 13, 60, 34, 37, 28, 22, 8, 62, 92, 58, 72, 68, 55, 1, 46, 16, 14, 74, 65, 56, 83, 23, 91, 95, 96, 50, 36, 97, 24, 31, 98, 3, 25, 81, 29, 6, 10, 5, 30, 99, 0, 90, 89, 84, 20, 27, 82, 4, 45, 7, 15, 76, 44, 71, 43, 80, 79, 78, 53, 67, 93, 66, 19, 69, 48, 35, 32, 9, 85, 33, 73, 12, 94, 39, 42, 54, 38, 87, 59, 21, 86, 77, 63, 57, 75, 64]"
Sko100a,3100,162406,485.42,6.22,6,70,0.5966,0.5187,10,100,42,"[2, 61, 70, 49, 52, 17, 47, 11, 88, 40, 26, 18, 41, 36, 13, 60, 34, 46, 28, 22, 8, 62, 92, 58, 72, 68, 55, 43, 37, 16, 14, 74, 65, 56, 83, 23, 91, 95, 96, 50, 67, 97, 24, 31, 98, 3, 25, 81, 1, 6, 10, 5, 7, 99, 0, 90, 89, 84, 29, 27, 82, 4, 45, 30, 15, 76, 44, 63, 20, 80, 79, 78, 53, 51, 93, 66, 19, 69, 48, 35, 32, 9, 85, 33, 73, 12, 94, 39, 42, 54, 38, 87, 59, 21, 86, 77, 71, 57, 75, 64]"
Sko100a,3200,162110,488.36,6.22,6,70,0.5966,0.5187,10,100,42,"[2, 61, 70, 49, 52, 17, 47, 11, 37, 40, 36, 18, 41, 26, 24, 60, 34, 46, 28, 22, 8, 58, 92, 62, 89, 68, 55, 43, 88, 16, 14, 74, 65, 56, 83, 23, 91, 95, 96, 50, 67, 97, 45, 0, 98, 3, 25, 81, 1, 6, 4, 7, 5, 99, 31, 90, 72, 84, 29, 27, 82, 10, 13, 30, 53, 76, 44, 63, 20, 80, 38, 78, 15, 51, 66, 93, 19, 69, 48, 35, 32, 9, 85, 59, 87, 12, 94, 39, 57, 75, 79, 73, 33, 21, 86, 77, 71, 42, 54, 64]"
Sko100a,3300,161970,491.27,6.22,6,70,0.5966,0.5187,10,100,42,"[2, 61, 49, 70, 52, 17, 47, 11, 37, 40, 36, 18, 41, 26, 24, 60, 34, 46, 28, 22, 8, 58, 92, 62, 72, 68, 55, 43, 88, 16, 14, 74, 65, 56, 83, 23, 91, 95, 96, 1, 67, 97, 45, 51, 98, 3, 25, 89, 50, 6, 4, 7, 5, 99, 31, 90, 81, 84, 29, 27, 82, 10, 13, 30, 53, 76, 54, 63, 20, 80, 38, 78, 15, 0, 66, 93, 19, 69, 44, 35, 32, 9, 85, 59, 87, 12, 94, 39, 77, 75, 79, 73, 33, 21, 86, 57, 71, 42, 48, 64]"
Sko100a,3400,161518,494.17,6.22,6,70,0.5966,0.5187,10,100,42,"[2, 61, 49, 70, 52, 17, 47, 11, 22, 40, 36, 18, 41, 26, 24, 60, 34, 46, 28, 37, 7, 58, 92, 62, 72, 68, 55, 43, 96, 16, 14, 74, 65, 56, 83, 23, 91, 95, 88, 1, 67, 97, 45, 51, 98, 3, 25, 89, 50, 6, 4, 8, 5, 90, 31, 99, 81, 84, 29, 27, 82, 10, 13, 30, 53, 76, 54, 63, 20, 80, 38, 78, 15, 0, 66, 93, 19, 69, 44, 35, 32, 21, 85, 59, 87, 12, 94, 39, 77, 75, 79, 73, 33, 9, 86, 42, 71, 57, 48, 64]"
Sko100a,3500,161168,497.13,6.22,6,70,0.5966,0.5187,10,100,42,"[2, 61, 34, 70, 52, 17, 16, 11, 22, 40, 36, 18, 41, 26, 24, 60, 49, 46, 28, 37, 7, 58, 92, 62, 72, 68, 55, 43, 96, 47, 14, 74, 23, 56, 83, 65, 91, 95, 88, 1, 67, 97, 45, 51, 98, 3, 25, 89, 50, 6, 4, 8, 5, 90, 31, 99, 81, 84, 29, 27, 82, 10, 13, 30, 53, 76, 54, 63, 20, 80, 38, 78, 15, 0, 66, 93, 19, 71, 44, 35, 32, 21, 85, 77, 94, 12, 87, 39, 59, 75, 79, 73, 33, 9, 86, 42, 69, 57, 48, 64]"
Sko100a,3600,160780,500.07,6.22,6,70,0.5966,0.5187,10,100,42,"[2, 61, 34, 70, 52, 17, 16, 11, 22, 40, 36, 18, 41, 26, 24, 60, 49, 46, 28, 37, 7, 58, 92, 62, 72, 68, 55, 43, 96, 47, 14, 74, 23, 56, 83, 65, 91, 95, 88, 1, 67, 97, 45, 51, 98, 3, 25, 89, 50, 6, 4, 8, 85, 90, 31, 99, 39, 84, 29, 27, 82, 10, 13, 30, 94, 76, 54, 63, 20, 80, 38, 78, 15, 0, 66, 93, 19, 71, 44, 35, 32, 21, 5, 77, 33, 12, 87, 81, 59, 75, 79, 73, 53, 9, 86, 42, 69, 57, 48, 64]"
Sko100a,3700,160632,503.03,6.22,6,70,0.5966,0.5187,10,100,42,"[2, 61, 34, 70, 52, 17, 16, 11, 22, 40, 36, 92, 41, 26, 24, 60, 96, 46, 28, 37, 7, 58, 18, 62, 72, 68, 55, 43, 49, 47, 14, 74, 23, 56, 83, 65, 91, 95, 88, 1, 67, 45, 97, 51, 98, 3, 25, 20, 50, 6, 4, 8, 13, 90, 31, 99, 39, 84, 29, 27, 82, 10, 85, 30, 94, 76, 54, 80, 89, 63, 38, 78, 15, 0, 66, 93, 19, 71, 44, 35, 32, 21, 5, 77, 33, 12, 87, 81, 59, 75, 79, 73, 53, 9, 86, 42, 69, 57, 48, 64]"
Sko100a,3800,160416,505.85,6.22,6,70,0.5966,0.5187,10,100,42,"[2, 61, 34, 70, 52, 17, 16, 11, 22, 40, 36, 92, 41, 26, 24, 60, 96, 46, 28, 49, 7, 58, 18, 62, 72, 68, 55, 43, 37, 47, 14, 74, 23, 56, 83, 65, 91, 95, 88, 1, 67, 45, 97, 51, 98, 3, 25, 20, 50, 6, 4, 8, 13, 90, 31, 99, 39, 84, 29, 27, 82, 10, 85, 30, 94, 76, 54, 80, 89, 63, 38, 78, 15, 0, 66, 93, 19, 71, 44, 35, 32, 21, 5, 77, 33, 12, 87, 81, 59, 75, 79, 73, 53, 9, 86, 42, 48, 57, 69, 64]"
Sko100a,3900,160000,508.8,6.22,6,70,0.5966,0.5187,10,100,42,"[2, 61, 34, 92, 88, 20, 16, 11, 22, 40, 36, 70, 41, 26, 24, 60, 96, 46, 28, 49, 7, 58, 18, 62, 72, 68, 55, 43, 37, 47, 14, 74, 23, 56, 83, 65, 91, 95, 52, 1, 67, 45, 97, 51, 98, 3, 25, 17, 50, 6, 4, 8, 13, 90, 31, 99, 39, 84, 29, 27, 82, 10, 85, 30, 94, 76, 54, 80, 89, 63, 38, 78, 15, 0, 66, 93, 19, 71, 44, 35, 32, 21, 5, 77, 33, 12, 48, 81, 59, 75, 79, 73, 53, 9, 86, 42, 87, 57, 69, 64]"
Sko100a,4000,159800,511.81,6.22,6,70,0.5966,0.5187,10,100,42,"[2, 61, 34, 92, 43, 20, 16, 11, 22, 40, 36, 70, 41, 26, 24, 60, 96, 46, 28, 49, 7, 58, 18, 62, 72, 68, 88, 99, 37, 47, 14, 74, 23, 56, 83, 65, 91, 95, 52, 1, 67, 90, 97, 51, 98, 3, 25, 17, 50, 6, 4, 8, 13, 45, 31, 55, 39, 84, 29, 27, 82, 10, 85, 30, 94, 76, 54, 80, 89, 63, 38, 78, 15, 93, 66, 0, 19, 71, 44, 35, 32, 21, 79, 77, 33, 12, 48, 81, 59, 75, 5, 73, 53, 9, 86, 42, 87, 57, 69, 64]"
Sko100a,4100,159692,514.72,6.22,6,70,0.5966,0.5187,10,100,42,"[2, 61, 34, 92, 43, 20, 16, 11, 22, 28, 36, 70, 41, 26, 83, 60, 96, 46, 40, 49, 7, 58, 18, 62, 72, 68, 88, 99, 37, 47, 14, 74, 23, 56, 24, 65, 91, 95, 1, 52, 67, 90, 97, 51, 98, 3, 25, 17, 50, 6, 4, 8, 15, 45, 31, 55, 39, 84, 29, 27, 82, 10, 85, 30, 94, 76, 54, 80, 89, 63, 38, 78, 13, 93, 66, 0, 19, 71, 44, 35, 32, 21, 79, 77, 33, 12, 48, 69, 59, 75, 5, 73, 53, 9, 86, 42, 87, 57, 81, 64]"
Sko100a,4200,159692,517.56,6.22,6,70,0.5966,0.5187,10,100,42,"[2, 61, 34, 92, 43, 20, 16, 11, 22, 28, 36, 70, 41, 26, 83, 60, 96, 46, 40, 49, 7, 58, 18, 62, 72, 68, 88, 99, 37, 47, 14, 74, 23, 56, 24, 65, 91, 95, 1, 52, 67, 90, 97, 51, 98, 3, 25, 17, 50, 6, 4, 8, 15, 45, 31, 55, 39, 84, 29, 27, 82, 10, 85, 30, 94, 76, 54, 80, 89, 63, 38, 78, 13, 93, 66, 0, 19, 71, 44, 35, 32, 21, 79, 77, 33, 12, 48, 69, 59, 75, 5, 73, 53, 9, 86, 42, 87, 57, 81, 64]"
Sko100a,4300,159556,520.53,6.22,6,70,0.5966,0.5187,10,100,42,"[2, 61, 34, 92, 43, 20, 16, 11, 22, 28, 36, 70, 41, 26, 83, 60, 96, 46, 40, 49, 7, 58, 18, 62, 72, 68, 88, 99, 37, 47, 14, 74, 23, 56, 24, 65, 91, 95, 1, 52, 67, 4, 97, 51, 98, 3, 25, 17, 50, 6, 90, 8, 15, 45, 31, 55, 39, 84, 29, 27, 82, 10, 85, 30, 13, 76, 48, 80, 89, 63, 38, 78, 79, 93, 66, 0, 19, 71, 44, 35, 32, 21, 94, 77, 33, 12, 54, 69, 59, 75, 5, 73, 53, 9, 86, 42, 87, 57, 81, 64]"
Sko100a,4400,159446,523.4,5.52,6,70,0.5966,0.5187,10,100,42,"[2, 61, 34, 92, 43, 20, 16, 11, 22, 28, 36, 70, 41, 26, 83, 60, 96, 46, 40, 49, 7, 58, 18, 62, 72, 68, 88, 99, 17, 47, 14, 74, 23, 56, 24, 65, 91, 95, 1, 52, 67, 4, 97, 51, 98, 3, 25, 37, 50, 6, 90, 8, 15, 45, 31, 55, 39, 84, 29, 27, 78, 10, 85, 30, 13, 76, 48, 80, 89, 63, 82, 38, 79, 93, 66, 0, 19, 71, 44, 35, 32, 21, 94, 77, 33, 12, 54, 69, 59, 75, 5, 73, 53, 9, 86, 42, 87, 57, 81, 64]"
Sko100a,4500,159278,526.36,5.52,6,70,0.5966,0.5187,10,100,42,"[2, 61, 34, 92, 43, 20, 16, 11, 22, 28, 36, 70, 41, 26, 55, 60, 96, 46, 40, 49, 7, 58, 18, 62, 72, 68, 88, 99, 17, 47, 14, 74, 23, 56, 24, 83, 91, 95, 1, 52, 67, 4, 97, 51, 98, 3, 25, 37, 50, 6, 90, 8, 15, 66, 31, 65, 39, 84, 29, 27, 78, 10, 85, 30, 13, 76, 48, 80, 89, 63, 82, 38, 79, 93, 45, 0, 19, 71, 44, 35, 32, 21, 94, 33, 77, 12, 54, 69, 59, 75, 5, 73, 53, 9, 86, 42, 87, 57, 81, 64]"
Sko100a,4600,159206,529.3,6.08,6,70,0.5966,0.5187,10,100,42,"[2, 61, 34, 92, 43, 20, 11, 16, 22, 28, 36, 70, 41, 26, 55, 60, 96, 46, 40, 49, 7, 58, 18, 62, 72, 68, 88, 99, 17, 47, 14, 74, 23, 56, 24, 83, 91, 95, 1, 52, 67, 4, 97, 51, 98, 3, 25, 37, 50, 6, 90, 8, 15, 66, 31, 65, 39, 84, 29, 27, 78, 79, 85, 30, 13, 76, 48, 80, 89, 63, 82, 38, 10, 93, 45, 0, 19, 71, 44, 35, 32, 86, 94, 33, 12, 77, 54, 69, 59, 75, 5, 73, 53, 9, 21, 42, 87, 57, 81, 64]"
Sko100a,4700,159068,532.38,6.08,6,70,0.5966,0.5187,10,100,42,"[2, 61, 34, 92, 43, 20, 11, 16, 22, 28, 36, 70, 41, 26, 55, 60, 96, 46, 40, 49, 7, 58, 18, 62, 72, 88, 68, 99, 17, 47, 14, 74, 23, 56, 24, 83, 91, 95, 1, 52, 67, 4, 97, 51, 98, 48, 25, 37, 50, 6, 90, 8, 15, 66, 31, 65, 39, 84, 29, 27, 78, 79, 85, 30, 13, 76, 3, 80, 89, 63, 82, 38, 10, 93, 45, 0, 19, 71, 44, 35, 32, 86, 12, 33, 94, 77, 54, 69, 59, 75, 5, 73, 53, 9, 21, 42, 87, 57, 81, 64]"
Sko100a,4800,158946,535.37,6.08,6,70,0.5966,0.5187,10,100,42,"[2, 61, 34, 92, 43, 20, 11, 16, 22, 28, 36, 70, 41, 26, 55, 60, 96, 46, 40, 49, 7, 58, 18, 62, 72, 88, 68, 99, 91, 47, 14, 74, 23, 56, 24, 83, 17, 95, 1, 52, 67, 4, 97, 51, 98, 48, 25, 50, 37, 6, 90, 8, 15, 66, 31, 65, 39, 84, 29, 27, 78, 79, 85, 30, 13, 76, 3, 80, 89, 63, 82, 38, 10, 93, 45, 0, 19, 71, 44, 35, 32, 86, 12, 33, 94, 77, 54, 69, 59, 75, 5, 73, 53, 9, 21, 42, 87, 57, 81, 64]"
Sko100a,4900,158800,538.3,6.09,6,70,0.5966,0.5187,10,100,42,"[2, 61, 34, 92, 43, 20, 11, 16, 22, 28, 36, 70, 26, 41, 55, 60, 96, 46, 40, 49, 7, 58, 18, 62, 72, 88, 68, 91, 17, 47, 14, 23, 74, 56, 24, 83, 25, 95, 1, 52, 67, 4, 97, 51, 98, 48, 99, 50, 37, 6, 90, 8, 15, 66, 31, 19, 39, 84, 29, 27, 78, 79, 85, 30, 13, 76, 3, 80, 89, 63, 82, 38, 10, 93, 45, 0, 65, 71, 44, 35, 32, 86, 12, 33, 94, 77, 54, 69, 59, 75, 5, 73, 53, 9, 21, 42, 87, 57, 81, 64]"
Sko100a,5000,158500,541.29,6.09,6,70,0.5966,0.5187,10,100,42,"[2, 61, 34, 92, 43, 20, 11, 16, 22, 28, 36, 78, 26, 41, 55, 60, 96, 46, 40, 49, 7, 58, 18, 62, 68, 88, 72, 91, 6, 47, 14, 23, 74, 56, 24, 97, 25, 95, 1, 52, 67, 4, 83, 51, 98, 48, 99, 50, 37, 17, 90, 8, 15, 66, 31, 19, 39, 84, 29, 27, 70, 79, 85, 30, 13, 76, 3, 80, 89, 63, 82, 38, 10, 93, 45, 0, 65, 71, 44, 35, 32, 86, 12, 33, 94, 77, 54, 69, 59, 75, 5, 73, 53, 9, 21, 42, 87, 57, 81, 64]"
Sko100a,5100,158500,544.27,6.09,6,70,0.5966,0.5187,10,100,42,"[2, 61, 34, 92, 43, 20, 11, 16, 22, 28, 36, 78, 26, 41, 55, 60, 96, 46, 40, 49, 7, 58, 18, 62, 68, 88, 72, 91, 6, 47, 14, 23, 74, 56, 24, 97, 25, 95, 1, 52, 67, 4, 83, 51, 98, 48, 99, 50, 37, 17, 90, 8, 15, 66, 31, 19, 39, 84, 29, 27, 70, 79, 85, 30, 13, 76, 3, 80, 89, 63, 82, 38, 10, 93, 45, 0, 65, 71, 44, 35, 32, 86, 12, 33, 94, 77, 54, 69, 59, 75, 5, 73, 53, 9, 21, 42, 87, 57, 81, 64]"
Sko100a,5200,158348,547.16,6.09,6,70,0.5966,0.5187,10,100,42,"[2, 61, 34, 58, 43, 20, 11, 16, 22, 28, 36, 78, 26, 41, 55, 60, 96, 46, 40, 49, 7, 92, 8, 62, 68, 88, 72, 91, 6, 47, 14, 74, 23, 56, 24, 97, 25, 95, 1, 52, 67, 4, 83, 51, 98, 48, 99, 50, 37, 17, 65, 18, 15, 66, 31, 19, 39, 84, 29, 27, 70, 79, 85, 30, 13, 76, 3, 80, 89, 63, 82, 38, 10, 93, 45, 0, 87, 71, 44, 35, 32, 86, 12, 33, 94, 77, 54, 69, 59, 75, 5, 73, 53, 9, 21, 42, 90, 57, 81, 64]"
Sko100a,5300,158072,550.04,6.09,6,70,0.5966,0.5187,10,100,42,"[2, 61, 34, 58, 43, 20, 11, 16, 22, 28, 36, 78, 26, 41, 55, 60, 96, 46, 52, 48, 7, 92, 8, 62, 68, 88, 72, 91, 6, 17, 14, 74, 23, 56, 24, 97, 25, 95, 1, 40, 67, 4, 18, 51, 98, 49, 99, 50, 37, 47, 65, 83, 15, 66, 31, 19, 39, 84, 29, 27, 70, 79, 85, 30, 13, 76, 3, 80, 89, 63, 82, 38, 10, 93, 45, 0, 87, 71, 44, 35, 32, 86, 12, 33, 94, 77, 54, 69, 59, 75, 5, 73, 53, 9, 21, 42, 90, 57, 81, 64]"
Sko100a,5400,157972,552.98,6.09,6,70,0.5966,0.5187,10,100,42,"[2, 61, 34, 41, 43, 20, 11, 16, 22, 28, 36, 78, 26, 58, 55, 60, 96, 46, 52, 75, 7, 92, 8, 62, 68, 88, 72, 91, 6, 17, 14, 74, 23, 56, 24, 97, 25, 95, 1, 40, 67, 4, 18, 51, 98, 65, 99, 50, 37, 47, 49, 83, 15, 66, 31, 19, 39, 84, 29, 27, 70, 79, 85, 30, 13, 76, 3, 80, 89, 63, 82, 38, 10, 93, 45, 0, 87, 71, 44, 35, 32, 86, 12, 33, 94, 77, 54, 69, 59, 48, 5, 73, 53, 9, 21, 42, 90, 57, 81, 64]"
Sko100a,5500,157970,555.96,6.09,6,70,0.5966,0.5187,10,100,42,"[2, 61, 34, 41, 43, 20, 11, 16, 22, 28, 36, 78, 26, 58, 55, 60, 96, 46, 52, 75, 14, 92, 8, 62, 68, 88, 72, 91, 6, 17, 7, 74, 23, 56, 24, 97, 25, 95, 1, 40, 67, 4, 18, 51, 98, 65, 99, 50, 37, 47, 49, 83, 15, 66, 31, 19, 39, 84, 29, 27, 70, 79, 85, 30, 13, 76, 3, 80, 89, 63, 82, 38, 10, 93, 45, 0, 87, 71, 44, 35, 32, 86, 12, 33, 94, 77, 54, 69, 59, 48, 5, 73, 53, 9, 21, 42, 90, 57, 81, 64]"
Sko100a,5600,157954,558.87,6.09,6,70,0.5966,0.5187,10,100,42,"[2, 61, 34, 41, 43, 20, 11, 22, 16, 28, 36, 78, 26, 58, 55, 60, 96, 46, 52, 75, 14, 92, 8, 62, 68, 88, 72, 91, 6, 17, 7, 74, 23, 56, 24, 97, 25, 95, 1, 40, 67, 4, 18, 51, 98, 65, 99, 50, 37, 47, 49, 83, 15, 66, 31, 19, 39, 84, 29, 27, 70, 79, 85, 30, 13, 76, 3, 80, 89, 63, 82, 38, 10, 93, 45, 0, 87, 71, 44, 35, 32, 86, 12, 33, 94, 77, 54, 81, 59, 48, 5, 73, 53, 9, 21, 42, 90, 57, 69, 64]"
Sko100a,5700,157954,561.8,6.1,6,70,0.5966,0.5187,10,100,42,"[2, 61, 34, 41, 43, 20, 11, 22, 16, 28, 36, 78, 26, 58, 55, 60, 96, 46, 52, 75, 14, 92, 8, 62, 68, 88, 72, 91, 6, 17, 7, 74, 23, 56, 24, 97, 25, 95, 1, 40, 67, 4, 18, 51, 98, 65, 99, 50, 37, 47, 49, 83, 15, 66, 31, 19, 39, 84, 29, 27, 70, 79, 85, 30, 13, 76, 3, 80, 89, 63, 82, 38, 10, 93, 45, 0, 87, 71, 44, 35, 32, 86, 12, 33, 94, 77, 54, 81, 59, 48, 5, 73, 53, 9, 21, 42, 90, 57, 69, 64]"
Sko100a,5800,157880,564.7,6.11,6,70,0.5966,0.5187,10,100,42,"[2, 61, 34, 41, 43, 20, 11, 22, 16, 28, 36, 78, 26, 58, 55, 60, 96, 46, 52, 75, 14, 92, 8, 62, 68, 88, 72, 91, 6, 17, 7, 74, 23, 56, 24, 97, 25, 95, 1, 40, 67, 4, 18, 51, 98, 65, 99, 50, 37, 47, 49, 83, 15, 66, 31, 19, 39, 84, 29, 27, 70, 79, 85, 30, 13, 76, 3, 80, 89, 63, 82, 38, 10, 93, 45, 0, 59, 71, 44, 35, 32, 86, 12, 21, 94, 77, 54, 81, 87, 48, 5, 73, 53, 9, 33, 42, 90, 57, 69, 64]"
Sko100a,5900,157842,567.72,6.11,6,70,0.5966,0.5187,10,100,42,"[2, 61, 34, 41, 43, 20, 11, 22, 16, 28, 36, 78, 26, 58, 55, 60, 96, 46, 52, 75, 14, 92, 8, 62, 68, 88, 72, 91, 6, 17, 7, 74, 23, 56, 24, 97, 25, 95, 1, 40, 67, 4, 18, 51, 98, 65, 99, 50, 37, 47, 49, 83, 15, 66, 31, 63, 39, 84, 29, 27, 70, 79, 85, 30, 13, 76, 3, 80, 89, 19, 82, 38, 10, 93, 45, 0, 59, 71, 44, 35, 32, 86, 12, 21, 94, 77, 54, 81, 87, 48, 5, 73, 53, 9, 33, 42, 90, 57, 69, 64]"
Sko100a,6000,157826,570.62,6.11,6,70,0.5966,0.5187,10,100,42,"[2, 61, 34, 41, 43, 20, 11, 22, 16, 28, 36, 78, 26, 58, 55, 60, 96, 6, 52, 75, 14, 92, 8, 62, 68, 88, 72, 91, 46, 17, 7, 74, 23, 56, 24, 97, 25, 95, 1, 40, 67, 4, 18, 51, 98, 65, 99, 50, 37, 47, 49, 83, 15, 66, 31, 63, 39, 84, 29, 27, 70, 79, 85, 30, 13, 76, 3, 80, 89, 19, 82, 38, 10, 93, 45, 0, 59, 71, 44, 35, 32, 86, 12, 21, 94, 77, 54, 81, 87, 48, 5, 73, 53, 33, 9, 42, 90, 57, 69, 64]"
Sko100a,6100,157676,573.57,6.11,6,70,0.5966,0.5187,10,100,42,"[2, 61, 34, 26, 43, 20, 11, 22, 16, 28, 36, 78, 41, 58, 55, 60, 96, 6, 52, 75, 14, 92, 8, 62, 68, 88, 72, 91, 46, 17, 7, 74, 23, 56, 24, 97, 25, 95, 1, 40, 67, 4, 18, 51, 98, 65, 99, 50, 37, 47, 49, 83, 15, 66, 31, 63, 39, 84, 29, 27, 70, 79, 85, 30, 13, 76, 3, 80, 81, 19, 82, 38, 10, 93, 45, 0, 59, 71, 44, 35, 32, 86, 12, 21, 94, 77, 54, 89, 87, 48, 5, 73, 53, 33, 9, 42, 90, 57, 69, 64]"
Sko100a,6200,157654,576.52,6.11,6,70,0.5966,0.5187,10,100,42,"[2, 61, 34, 26, 43, 20, 11, 22, 16, 28, 36, 78, 41, 58, 55, 60, 96, 6, 52, 75, 14, 92, 8, 97, 68, 88, 72, 91, 46, 17, 7, 74, 23, 56, 24, 62, 25, 95, 1, 40, 67, 4, 18, 51, 98, 65, 99, 50, 37, 47, 49, 83, 15, 66, 31, 63, 39, 84, 29, 27, 70, 79, 85, 30, 13, 76, 3, 80, 81, 19, 82, 38, 10, 93, 45, 0, 59, 71, 44, 35, 32, 86, 12, 21, 94, 77, 54, 89, 87, 57, 5, 73, 53, 33, 9, 42, 90, 48, 69, 64]"
Sko100a,6300,157594,579.44,6.11,6,70,0.5966,0.5187,10,100,42,"[2, 61, 34, 26, 43, 20, 11, 22, 16, 28, 36, 78, 41, 58, 55, 60, 96, 6, 52, 75, 14, 92, 8, 97, 68, 88, 72, 91, 46, 17, 7, 74, 23, 56, 24, 62, 25, 95, 1, 40, 67, 4, 18, 51, 98, 65, 99, 50, 37, 47, 49, 83, 15, 66, 31, 63, 39, 84, 29, 48, 70, 10, 85, 30, 13, 76, 3, 80, 81, 19, 82, 38, 79, 93, 45, 0, 59, 71, 44, 35, 32, 86, 12, 21, 94, 77, 54, 89, 87, 57, 5, 73, 53, 33, 9, 42, 90, 27, 69, 64]"
Sko100a,6400,157594,582.4,6.11,6,70,0.5966,0.5187,10,100,42,"[2, 61, 34, 26, 43, 20, 11, 22, 16, 28, 36, 78, 41, 58, 55, 60, 96, 6, 52, 75, 14, 92, 8, 97, 68, 88, 72, 91, 46, 17, 7, 74, 23, 56, 24, 62, 25, 95, 1, 40, 67, 4, 18, 51, 98, 65, 99, 50, 37, 47, 49, 83, 15, 66, 31, 63, 39, 84, 29, 48, 70, 10, 85, 30, 13, 76, 3, 80, 81, 19, 82, 38, 79, 93, 45, 0, 59, 71, 44, 35, 32, 86, 12, 21, 94, 77, 54, 89, 87, 57, 5, 73, 53, 33, 9, 42, 90, 27, 69, 64]"
Sko100a,6500,157584,585.32,6.11,6,70,0.5966,0.5187,10,100,42,"[2, 61, 34, 26, 43, 20, 11, 22, 16, 28, 36, 78, 41, 58, 55, 60, 96, 6, 52, 75, 14, 92, 8, 97, 68, 88, 72, 91, 46, 17, 7, 74, 23, 56, 24, 62, 25, 95, 1, 40, 67, 4, 18, 51, 98, 65, 99, 50, 37, 47, 49, 83, 15, 66, 31, 63, 39, 84, 29, 48, 70, 10, 85, 30, 13, 76, 3, 80, 81, 19, 82, 38, 79, 93, 45, 0, 59, 71, 44, 35, 32, 86, 12, 21, 94, 33, 54, 89, 87, 57, 5, 73, 53, 77, 9, 42, 90, 27, 69, 64]"
Sko100a,6600,157460,588.17,6.11,6,70,0.5966,0.5187,10,100,42,"[2, 61, 34, 26, 43, 20, 11, 16, 22, 28, 36, 92, 41, 58, 55, 60, 96, 6, 52, 75, 14, 78, 8, 97, 68, 88, 72, 91, 46, 48, 7, 74, 23, 56, 24, 62, 25, 95, 1, 40, 67, 4, 18, 51, 98, 65, 99, 50, 37, 47, 49, 83, 15, 66, 31, 63, 39, 84, 29, 17, 70, 10, 85, 30, 13, 76, 3, 80, 81, 19, 82, 38, 79, 93, 45, 0, 59, 71, 44, 35, 32, 86, 12, 21, 94, 33, 54, 89, 87, 57, 5, 73, 53, 77, 9, 42, 90, 27, 69, 64]"
Sko100a,100,174070,591.18,6.6,6,70,0.5966,0.5187,10,100,42,"[56, 66, 51, 4, 35, 61, 5, 21, 97, 33, 80, 48, 98, 91, 71, 75, 30, 78, 13, 39, 3, 26, 54, 32, 93, 34, 81, 23, 85, 53, 50, 8, 84, 25, 1, 99, 24, 59, 83, 70, 12, 44, 52, 95, 14, 82, 76, 90, 73, 79, 37, 10, 6, 69, 46, 60, 68, 36, 63, 15, 62, 18, 22, 55, 2, 67, 31, 20, 29, 94, 72, 42, 11, 96, 74, 38, 65, 27, 9, 87, 16, 41, 28, 45, 17, 40, 0, 77, 86, 57, 19, 89, 92, 88, 49, 7, 47, 43, 58, 64]"
Sko100a,200,174070,594.06,6.87,6,70,0.5966,0.5187,10,100,42,"[56, 66, 51, 4, 35, 61, 5, 21, 97, 33, 80, 48, 98, 91, 71, 75, 30, 78, 13, 39, 3, 26, 54, 32, 93, 34, 81, 23, 85, 53, 50, 8, 84, 25, 1, 99, 24, 59, 83, 70, 12, 44, 52, 95, 14, 82, 76, 90, 73, 79, 37, 10, 6, 69, 46, 60, 68, 36, 63, 15, 62, 18, 22, 55, 2, 67, 31, 20, 29, 94, 72, 42, 11, 96, 74, 38, 65, 27, 9, 87, 16, 41, 28, 45, 17, 40, 0, 77, 86, 57, 19, 89, 92, 88, 49, 7, 47, 43, 58, 64]"
Sko100a,300,174070,596.83,6.87,6,70,0.5966,0.5187,10,100,42,"[56, 66, 51, 4, 35, 61, 5, 21, 97, 33, 80, 48, 98, 91, 71, 75, 30, 78, 13, 39, 3, 26, 54, 32, 93, 34, 81, 23, 85, 53, 50, 8, 84, 25, 1, 99, 24, 59, 83, 70, 12, 44, 52, 95, 14, 82, 76, 90, 73, 79, 37, 10, 6, 69, 46, 60, 68, 36, 63, 15, 62, 18, 22, 55, 2, 67, 31, 20, 29, 94, 72, 42, 11, 96, 74, 38, 65, 27, 9, 87, 16, 41, 28, 45, 17, 40, 0, 77, 86, 57, 19, 89, 92, 88, 49, 7, 47, 43, 58, 64]"
Sko100a,400,174012,599.82,6.87,6,70,0.5966,0.5187,10,100,42,"[16, 19, 56, 96, 18, 14, 85, 34, 72, 62, 79, 80, 50, 89, 87, 55, 90, 30, 98, 23, 27, 22, 33, 26, 61, 81, 66, 0, 41, 84, 35, 32, 91, 75, 11, 6, 29, 92, 21, 17, 48, 9, 44, 60, 57, 31, 68, 46, 74, 82, 54, 3, 40, 58, 86, 78, 95, 99, 69, 42, 63, 52, 12, 76, 25, 71, 53, 70, 45, 38, 13, 37, 59, 73, 36, 4, 8, 64, 77, 88, 39, 49, 28, 43, 97, 65, 51, 5, 83, 15, 10, 24, 47, 20, 7, 67, 1, 93, 2, 94]"
