Tai150b,100,607023331,10.88,19.72,10,63,0.5523,0.4319,10,150,42,"[46, 38, 78, 100, 117, 143, 95, 119, 136, 139, 87, 71, 140, 65, 18, 114, 89, 145, 122, 55, 25, 123, 129, 12, 56, 30, 19, 131, 64, 73, 82, 137, 75, 130, 96, 2, 110, 146, 41, 14, 99, 126, 17, 39, 120, 76, 135, 26, 118, 109, 74, 10, 83, 70, 94, 103, 86, 44, 36, 21, 0, 147, 80, 112, 33, 31, 8, 48, 61, 53, 45, 60, 54, 59, 4, 144, 91, 32, 116, 15, 81, 29, 68, 7, 79, 134, 43, 113, 84, 47, 58, 62, 149, 57, 5, 69, 106, 67, 37, 97, 125, 63, 40, 9, 128, 105, 20, 133, 121, 13, 115, 102, 138, 88, 85, 23, 11, 108, 28, 111, 34, 24, 104, 93, 142, 51, 22, 141, 49, 124, 148, 52, 77, 98, 6, 1, 92, 35, 101, 50, 127, 16, 72, 66, 3, 107, 90, 27, 132, 42]"
Tai150b,200,597040956,17.37,12.72,10,63,0.5523,0.4319,10,150,42,"[46, 0, 78, 82, 117, 86, 95, 18, 136, 139, 28, 71, 140, 65, 119, 114, 89, 145, 122, 55, 25, 123, 129, 143, 56, 30, 130, 113, 64, 73, 97, 137, 75, 19, 96, 2, 81, 31, 41, 109, 99, 126, 63, 39, 120, 116, 135, 26, 118, 14, 74, 10, 83, 70, 94, 103, 12, 44, 36, 21, 111, 107, 80, 112, 38, 146, 8, 48, 61, 53, 45, 60, 54, 59, 121, 144, 91, 32, 33, 15, 110, 29, 68, 7, 79, 134, 43, 131, 84, 47, 58, 62, 141, 57, 5, 69, 125, 67, 37, 100, 106, 17, 40, 9, 128, 105, 20, 133, 4, 13, 115, 102, 138, 88, 85, 23, 11, 108, 87, 76, 34, 24, 104, 93, 142, 51, 22, 149, 49, 124, 148, 52, 77, 98, 6, 1, 92, 35, 101, 50, 127, 16, 72, 66, 3, 147, 90, 27, 132, 42]"
Tai150b,300,585014325,22.86,7.07,10,63,0.5523,0.4319,10,150,42,"[46, 0, 78, 96, 117, 86, 95, 18, 136, 139, 71, 114, 140, 65, 119, 28, 89, 145, 122, 55, 25, 123, 129, 143, 22, 30, 130, 103, 64, 92, 97, 137, 75, 19, 82, 73, 45, 2, 63, 109, 148, 126, 41, 20, 120, 116, 135, 26, 118, 14, 74, 10, 83, 70, 94, 113, 12, 44, 36, 21, 23, 107, 80, 112, 38, 146, 8, 48, 61, 53, 81, 60, 3, 59, 100, 144, 91, 32, 33, 6, 110, 29, 68, 7, 79, 134, 43, 131, 84, 58, 47, 62, 141, 57, 5, 69, 138, 67, 37, 49, 111, 17, 40, 9, 101, 105, 39, 133, 4, 13, 115, 102, 125, 88, 128, 106, 11, 108, 87, 76, 34, 24, 93, 104, 142, 51, 56, 149, 147, 124, 99, 52, 77, 98, 15, 1, 31, 35, 85, 50, 127, 16, 72, 66, 54, 121, 90, 27, 132, 42]"
Tai150b,400,579113324,28.11,7.07,10,63,0.5523,0.4319,10,150,42,"[46, 0, 78, 96, 117, 86, 95, 18, 136, 139, 71, 114, 140, 65, 144, 28, 89, 145, 122, 55, 25, 123, 129, 143, 22, 30, 130, 103, 49, 16, 35, 137, 75, 110, 82, 73, 45, 2, 63, 109, 148, 126, 41, 20, 121, 107, 135, 26, 118, 14, 74, 12, 83, 70, 94, 113, 141, 44, 36, 81, 116, 23, 80, 112, 38, 146, 8, 48, 61, 53, 115, 60, 3, 59, 100, 119, 64, 32, 42, 6, 19, 43, 68, 7, 79, 134, 29, 131, 84, 58, 47, 62, 10, 138, 5, 69, 57, 67, 37, 91, 111, 17, 40, 9, 101, 105, 39, 133, 4, 13, 21, 102, 125, 88, 128, 106, 11, 108, 87, 76, 34, 24, 93, 104, 124, 51, 56, 149, 147, 142, 99, 52, 77, 98, 15, 1, 31, 97, 85, 50, 127, 92, 72, 66, 54, 120, 90, 27, 132, 33]"
Tai150b,500,572934223,33.95,7.09,10,63,0.5523,0.4319,10,150,42,"[46, 0, 78, 96, 117, 140, 95, 18, 136, 139, 71, 114, 86, 65, 144, 28, 89, 126, 16, 55, 82, 123, 129, 143, 22, 30, 130, 103, 49, 32, 75, 137, 104, 110, 25, 73, 45, 2, 40, 109, 148, 145, 41, 20, 121, 107, 69, 26, 118, 14, 74, 12, 83, 70, 94, 138, 141, 44, 36, 81, 116, 23, 80, 112, 38, 146, 8, 48, 61, 53, 115, 60, 3, 59, 51, 119, 64, 1, 57, 6, 19, 43, 68, 7, 79, 31, 29, 131, 84, 58, 47, 62, 10, 113, 5, 135, 42, 67, 37, 91, 111, 17, 63, 9, 101, 105, 39, 133, 4, 13, 21, 102, 125, 56, 128, 106, 11, 108, 87, 76, 34, 24, 93, 35, 124, 100, 88, 149, 147, 142, 99, 52, 77, 98, 15, 122, 134, 97, 85, 50, 127, 92, 72, 66, 54, 120, 90, 27, 132, 33]"
Tai150b,600,571843644,39.99,7.1,10,63,0.5523,0.4319,10,150,42,"[92, 0, 78, 96, 139, 140, 95, 18, 136, 117, 71, 114, 86, 65, 144, 28, 89, 16, 126, 55, 82, 123, 129, 41, 22, 30, 130, 103, 49, 32, 75, 137, 104, 110, 25, 73, 45, 2, 40, 109, 148, 145, 131, 20, 121, 107, 69, 26, 118, 14, 74, 12, 83, 67, 94, 138, 141, 44, 36, 81, 116, 23, 80, 112, 38, 146, 8, 100, 61, 53, 115, 60, 3, 59, 51, 119, 64, 1, 57, 6, 19, 43, 68, 7, 79, 31, 29, 143, 84, 58, 47, 62, 10, 113, 5, 135, 42, 70, 37, 91, 111, 17, 63, 9, 101, 105, 39, 133, 4, 13, 21, 102, 125, 56, 128, 106, 11, 108, 87, 76, 34, 24, 93, 35, 124, 48, 88, 149, 147, 142, 99, 97, 77, 98, 15, 122, 134, 52, 85, 50, 127, 46, 72, 66, 54, 120, 90, 27, 132, 33]"
Tai150b,700,567699269,46.05,7.11,10,63,0.5523,0.4319,10,150,42,"[92, 0, 78, 96, 139, 140, 95, 18, 30, 117, 89, 114, 86, 65, 144, 3, 71, 16, 126, 55, 82, 123, 129, 2, 22, 136, 130, 103, 49, 32, 75, 137, 104, 134, 25, 73, 45, 41, 131, 35, 148, 145, 40, 20, 121, 107, 113, 26, 118, 14, 74, 109, 83, 67, 69, 91, 141, 110, 36, 81, 116, 23, 80, 112, 38, 146, 8, 100, 61, 53, 115, 60, 28, 59, 51, 119, 64, 1, 57, 6, 19, 43, 68, 7, 79, 31, 29, 44, 84, 58, 47, 62, 10, 94, 5, 135, 42, 70, 37, 138, 111, 17, 63, 9, 101, 128, 39, 133, 4, 13, 21, 102, 125, 56, 105, 106, 11, 108, 87, 76, 34, 98, 93, 12, 124, 48, 88, 149, 147, 142, 99, 97, 77, 24, 15, 122, 143, 52, 85, 50, 127, 46, 72, 66, 54, 120, 90, 27, 132, 33]"
Tai150b,800,566085519,51.9,7.11,10,63,0.5523,0.4319,10,150,42,"[54, 0, 78, 96, 139, 140, 104, 18, 30, 117, 89, 114, 86, 131, 144, 3, 71, 16, 126, 55, 82, 123, 129, 2, 22, 136, 130, 103, 49, 32, 75, 137, 95, 134, 25, 73, 45, 41, 65, 35, 148, 145, 40, 20, 121, 107, 113, 26, 118, 14, 74, 109, 83, 67, 69, 91, 141, 110, 36, 81, 116, 23, 106, 112, 38, 146, 8, 100, 61, 53, 115, 60, 28, 59, 51, 119, 64, 1, 12, 6, 19, 43, 68, 7, 79, 31, 29, 44, 84, 58, 47, 62, 10, 94, 5, 135, 42, 70, 37, 138, 111, 17, 63, 9, 101, 128, 13, 133, 4, 39, 21, 102, 125, 56, 105, 80, 11, 108, 87, 76, 34, 98, 93, 57, 124, 88, 48, 149, 147, 142, 99, 97, 77, 24, 15, 122, 143, 52, 85, 50, 127, 46, 72, 66, 92, 120, 90, 27, 132, 33]"
Tai150b,900,562225669,57.89,7.11,10,63,0.5523,0.4319,10,150,42,"[54, 0, 78, 96, 139, 140, 104, 18, 30, 117, 89, 114, 86, 131, 144, 3, 71, 47, 123, 55, 82, 126, 129, 2, 22, 136, 130, 103, 49, 32, 75, 137, 95, 134, 25, 73, 45, 41, 65, 35, 148, 145, 40, 20, 107, 121, 113, 26, 118, 14, 74, 109, 83, 42, 69, 91, 141, 110, 36, 81, 116, 23, 106, 88, 38, 146, 8, 100, 67, 53, 115, 60, 28, 59, 51, 119, 64, 1, 12, 6, 31, 43, 68, 7, 70, 19, 29, 44, 84, 58, 16, 62, 10, 94, 5, 135, 61, 79, 37, 9, 111, 17, 63, 138, 101, 128, 13, 133, 4, 39, 21, 102, 125, 105, 56, 80, 11, 108, 87, 76, 34, 98, 93, 57, 124, 112, 48, 149, 147, 142, 99, 97, 77, 24, 15, 122, 143, 52, 85, 50, 127, 46, 72, 66, 92, 120, 90, 27, 132, 33]"
Tai150b,1000,559884486,63.52,7.11,10,63,0.5523,0.4319,10,150,42,"[54, 0, 78, 96, 22, 140, 104, 18, 30, 117, 89, 23, 86, 131, 144, 3, 71, 47, 123, 55, 82, 126, 129, 2, 139, 136, 130, 103, 49, 32, 75, 137, 95, 134, 25, 73, 45, 41, 65, 35, 148, 145, 40, 20, 107, 121, 109, 26, 118, 14, 74, 113, 83, 42, 69, 91, 141, 110, 36, 81, 116, 114, 106, 88, 38, 146, 8, 100, 67, 53, 115, 60, 28, 59, 51, 119, 64, 1, 12, 6, 31, 43, 68, 7, 16, 98, 29, 44, 84, 58, 70, 62, 10, 94, 5, 135, 61, 79, 37, 9, 111, 17, 63, 138, 101, 128, 13, 133, 4, 39, 21, 102, 125, 105, 56, 80, 11, 108, 87, 76, 34, 19, 122, 57, 124, 112, 15, 149, 147, 142, 99, 97, 77, 24, 92, 72, 143, 52, 85, 50, 127, 46, 93, 66, 48, 120, 90, 27, 132, 33]"
Tai150b,1100,557781487,69.17,7.11,10,63,0.5523,0.4319,10,150,42,"[54, 77, 78, 96, 22, 140, 104, 18, 144, 117, 89, 23, 86, 131, 30, 3, 71, 47, 123, 45, 82, 126, 129, 137, 103, 136, 130, 139, 49, 32, 75, 2, 95, 134, 25, 73, 55, 41, 65, 35, 148, 145, 40, 20, 107, 51, 109, 1, 118, 14, 74, 113, 83, 42, 69, 91, 141, 110, 36, 81, 116, 114, 106, 88, 100, 146, 8, 38, 128, 53, 115, 60, 85, 59, 121, 119, 64, 26, 12, 6, 31, 43, 68, 7, 16, 98, 29, 62, 84, 58, 70, 44, 10, 94, 5, 135, 61, 79, 37, 9, 111, 101, 63, 138, 17, 67, 13, 133, 80, 39, 21, 102, 125, 105, 56, 4, 11, 108, 87, 76, 34, 19, 122, 57, 124, 99, 15, 90, 147, 142, 112, 97, 0, 24, 92, 72, 143, 52, 28, 50, 127, 46, 93, 48, 66, 120, 149, 27, 132, 33]"
Tai150b,1200,554716547,74.75,7.12,10,63,0.5523,0.4319,10,150,42,"[54, 66, 78, 96, 22, 140, 47, 18, 144, 70, 89, 23, 86, 131, 30, 3, 71, 104, 123, 45, 82, 126, 129, 137, 103, 136, 130, 139, 49, 32, 75, 2, 95, 117, 25, 73, 55, 41, 65, 35, 148, 145, 40, 20, 107, 10, 109, 5, 118, 14, 74, 113, 83, 42, 69, 91, 141, 114, 36, 81, 116, 121, 106, 88, 100, 146, 38, 8, 128, 53, 115, 60, 85, 59, 110, 119, 64, 26, 12, 6, 31, 43, 44, 7, 16, 98, 29, 62, 84, 58, 134, 68, 51, 94, 1, 135, 61, 79, 37, 9, 111, 101, 80, 138, 17, 67, 13, 133, 63, 39, 21, 102, 125, 105, 56, 4, 11, 108, 87, 76, 34, 50, 122, 27, 124, 99, 15, 90, 147, 142, 112, 97, 0, 24, 92, 72, 143, 52, 28, 19, 127, 46, 93, 48, 77, 120, 149, 57, 132, 33]"
Tai150b,1300,551891228,80.4,7.12,10,63,0.5523,0.4319,10,150,42,"[54, 66, 78, 96, 22, 140, 47, 18, 144, 70, 89, 23, 86, 131, 30, 3, 71, 104, 123, 95, 82, 148, 129, 137, 103, 73, 130, 139, 49, 32, 75, 2, 45, 135, 25, 136, 55, 41, 65, 35, 126, 145, 40, 20, 107, 10, 109, 5, 118, 14, 74, 1, 83, 42, 69, 91, 141, 114, 36, 81, 116, 121, 106, 88, 100, 146, 38, 8, 128, 53, 115, 60, 17, 59, 110, 119, 64, 26, 79, 6, 31, 43, 44, 7, 16, 98, 29, 62, 84, 58, 134, 68, 51, 94, 113, 117, 61, 12, 37, 9, 111, 101, 80, 138, 85, 67, 13, 133, 63, 39, 21, 102, 125, 105, 56, 4, 11, 108, 87, 76, 34, 50, 122, 27, 0, 99, 15, 90, 147, 142, 112, 97, 124, 24, 92, 72, 143, 52, 28, 19, 127, 46, 93, 48, 77, 120, 149, 57, 132, 33]"
Tai150b,1400,548438247,86.31,7.12,10,63,0.5523,0.4319,10,150,42,"[54, 66, 78, 96, 22, 140, 47, 18, 144, 70, 89, 23, 86, 131, 30, 3, 71, 104, 123, 95, 82, 37, 129, 148, 103, 73, 141, 139, 49, 32, 75, 2, 45, 135, 25, 136, 55, 41, 65, 35, 126, 130, 40, 20, 107, 10, 118, 5, 109, 14, 74, 1, 83, 42, 69, 91, 145, 114, 36, 81, 116, 121, 97, 88, 100, 52, 59, 8, 128, 53, 115, 60, 17, 38, 110, 119, 64, 26, 79, 6, 31, 43, 44, 7, 16, 98, 29, 62, 84, 58, 134, 68, 51, 94, 113, 117, 61, 12, 127, 9, 111, 101, 80, 138, 85, 67, 13, 133, 63, 39, 21, 102, 125, 105, 56, 4, 11, 108, 87, 76, 99, 50, 122, 27, 0, 34, 15, 90, 147, 142, 112, 106, 124, 24, 92, 72, 143, 146, 28, 19, 137, 46, 93, 48, 77, 120, 149, 57, 132, 33]"
Tai150b,1500,546857703,92.29,7.13,10,63,0.5523,0.4319,10,150,42,"[64, 66, 78, 96, 18, 140, 47, 22, 144, 70, 89, 23, 86, 131, 30, 3, 10, 104, 123, 95, 82, 148, 129, 37, 103, 73, 141, 139, 49, 45, 75, 2, 32, 135, 25, 136, 55, 41, 65, 35, 126, 130, 40, 20, 107, 71, 118, 5, 109, 14, 74, 1, 83, 42, 69, 91, 145, 114, 116, 81, 36, 121, 97, 88, 100, 52, 59, 8, 128, 53, 115, 60, 17, 38, 110, 7, 54, 134, 79, 6, 31, 43, 44, 119, 16, 98, 29, 62, 84, 58, 26, 68, 51, 94, 113, 101, 61, 12, 127, 9, 111, 117, 80, 138, 85, 67, 13, 133, 63, 39, 21, 102, 125, 105, 56, 4, 11, 108, 87, 76, 99, 50, 122, 27, 0, 34, 15, 90, 147, 142, 112, 106, 124, 24, 92, 72, 143, 146, 28, 19, 137, 46, 93, 48, 77, 120, 149, 57, 132, 33]"
Tai150b,1600,543980486,98.24,7.13,10,63,0.5523,0.4319,10,150,42,"[64, 66, 114, 96, 18, 140, 47, 22, 144, 70, 89, 23, 86, 131, 30, 3, 10, 104, 123, 95, 82, 148, 129, 37, 103, 73, 141, 139, 49, 45, 75, 2, 32, 135, 25, 136, 55, 41, 65, 35, 126, 130, 71, 20, 107, 40, 118, 5, 109, 14, 74, 28, 83, 42, 69, 91, 145, 78, 116, 81, 36, 121, 97, 88, 100, 52, 59, 8, 128, 53, 115, 60, 17, 38, 110, 7, 54, 134, 79, 6, 31, 43, 44, 119, 16, 98, 29, 62, 84, 58, 26, 68, 51, 94, 113, 101, 61, 12, 127, 9, 111, 117, 80, 138, 85, 67, 13, 133, 63, 39, 21, 102, 125, 105, 56, 4, 11, 108, 87, 76, 99, 34, 122, 90, 0, 50, 15, 27, 147, 142, 112, 106, 124, 24, 92, 72, 143, 146, 1, 19, 137, 46, 93, 48, 77, 120, 149, 57, 132, 33]"
Tai150b,1700,542142643,104.31,7.13,10,63,0.5523,0.4319,10,150,42,"[64, 146, 114, 96, 47, 140, 18, 22, 144, 70, 89, 23, 86, 131, 30, 3, 10, 104, 123, 95, 82, 148, 129, 37, 103, 73, 141, 139, 49, 45, 75, 2, 32, 135, 25, 136, 55, 41, 65, 35, 126, 130, 71, 20, 107, 40, 118, 19, 109, 14, 9, 28, 83, 42, 69, 91, 145, 78, 116, 81, 36, 121, 97, 88, 100, 52, 124, 8, 128, 53, 115, 60, 17, 63, 1, 26, 54, 134, 31, 6, 79, 7, 58, 119, 16, 98, 29, 62, 84, 44, 43, 68, 51, 94, 113, 101, 61, 12, 127, 74, 111, 117, 80, 138, 85, 67, 102, 133, 38, 39, 21, 13, 125, 105, 56, 4, 11, 108, 87, 76, 99, 34, 122, 90, 0, 50, 15, 27, 147, 142, 112, 106, 59, 24, 92, 72, 143, 66, 110, 5, 137, 46, 93, 48, 77, 120, 149, 57, 33, 132]"
Tai150b,1800,542142643,110.21,7.14,10,63,0.5523,0.4319,10,150,42,"[64, 146, 114, 96, 47, 140, 18, 22, 144, 70, 89, 23, 86, 131, 30, 3, 10, 104, 123, 95, 82, 148, 129, 37, 103, 73, 141, 139, 49, 45, 75, 2, 32, 135, 25, 136, 55, 41, 65, 35, 126, 130, 71, 20, 107, 40, 118, 19, 109, 14, 9, 28, 83, 42, 69, 91, 145, 78, 116, 81, 36, 121, 97, 88, 100, 52, 124, 8, 128, 53, 115, 60, 17, 63, 1, 26, 54, 134, 31, 6, 79, 7, 58, 119, 16, 98, 29, 62, 84, 44, 43, 68, 51, 94, 113, 101, 61, 12, 127, 74, 111, 117, 80, 138, 85, 67, 102, 133, 38, 39, 21, 13, 125, 105, 56, 4, 11, 108, 87, 76, 99, 34, 122, 90, 0, 50, 15, 27, 147, 142, 112, 106, 59, 24, 92, 72, 143, 66, 110, 5, 137, 46, 93, 48, 77, 120, 149, 57, 33, 132]"
Tai150b,1900,541945132,115.99,7.14,10,63,0.5523,0.4319,10,150,42,"[64, 146, 89, 96, 47, 140, 18, 22, 114, 70, 144, 23, 86, 131, 30, 3, 10, 104, 45, 95, 82, 148, 129, 37, 103, 73, 141, 139, 49, 123, 75, 2, 32, 135, 25, 136, 55, 41, 65, 35, 126, 130, 71, 20, 107, 40, 118, 19, 109, 14, 9, 28, 83, 42, 69, 91, 145, 78, 116, 81, 36, 121, 97, 88, 34, 52, 124, 8, 128, 53, 115, 60, 17, 63, 1, 26, 54, 134, 31, 6, 79, 7, 58, 119, 16, 98, 29, 62, 84, 44, 43, 68, 51, 94, 113, 101, 61, 12, 127, 74, 111, 117, 80, 138, 85, 67, 102, 133, 38, 39, 21, 13, 125, 105, 56, 4, 11, 108, 87, 76, 99, 5, 122, 90, 0, 50, 15, 27, 147, 142, 112, 106, 59, 24, 92, 72, 143, 66, 110, 100, 137, 46, 93, 48, 33, 120, 149, 57, 77, 132]"
Tai150b,2000,541251630,121.63,6.89,10,63,0.5523,0.4319,10,150,42,"[64, 146, 89, 96, 47, 49, 18, 22, 114, 70, 144, 23, 86, 131, 30, 3, 10, 104, 45, 95, 82, 148, 129, 37, 103, 73, 141, 139, 140, 123, 75, 2, 32, 135, 25, 136, 55, 41, 126, 35, 65, 130, 71, 20, 107, 40, 118, 19, 109, 14, 9, 28, 83, 42, 69, 91, 145, 78, 116, 81, 36, 60, 128, 88, 34, 52, 124, 8, 97, 53, 115, 121, 17, 63, 1, 26, 54, 134, 31, 6, 79, 62, 58, 119, 16, 98, 29, 7, 84, 44, 43, 68, 51, 94, 113, 127, 61, 12, 101, 74, 111, 117, 80, 138, 85, 67, 102, 133, 38, 39, 21, 13, 125, 105, 56, 4, 11, 108, 87, 76, 99, 5, 122, 90, 0, 33, 15, 27, 147, 142, 112, 106, 59, 24, 92, 72, 143, 66, 110, 100, 137, 46, 93, 48, 50, 120, 149, 57, 77, 132]"
Tai150b,2100,539786528,127.43,6.9,10,63,0.5523,0.4319,10,150,42,"[64, 146, 89, 96, 65, 49, 18, 22, 139, 70, 144, 23, 86, 131, 30, 3, 10, 104, 45, 95, 82, 148, 129, 37, 103, 73, 141, 114, 140, 123, 75, 2, 32, 135, 25, 136, 55, 41, 126, 35, 56, 130, 71, 20, 107, 40, 118, 19, 109, 14, 9, 28, 83, 42, 69, 91, 145, 78, 116, 81, 36, 60, 128, 88, 34, 52, 124, 8, 97, 53, 115, 121, 17, 63, 1, 26, 54, 134, 31, 6, 79, 62, 58, 119, 16, 66, 29, 7, 84, 44, 43, 68, 51, 94, 113, 127, 61, 12, 101, 74, 111, 117, 80, 138, 85, 67, 102, 133, 38, 39, 21, 13, 125, 105, 47, 4, 11, 108, 87, 76, 99, 5, 122, 90, 0, 33, 15, 27, 147, 142, 112, 106, 59, 24, 92, 72, 143, 98, 110, 100, 137, 46, 93, 48, 50, 120, 149, 77, 57, 132]"
Tai150b,2200,539400864,134.06,6.9,10,63,0.5523,0.4319,10,150,42,"[64, 146, 89, 96, 65, 49, 18, 22, 139, 70, 144, 23, 86, 131, 30, 3, 10, 104, 45, 95, 82, 148, 129, 37, 103, 73, 141, 114, 140, 123, 75, 2, 32, 135, 25, 136, 55, 41, 126, 35, 130, 56, 71, 20, 107, 40, 118, 19, 109, 51, 9, 127, 83, 42, 69, 91, 145, 78, 116, 81, 36, 60, 128, 88, 34, 52, 124, 8, 97, 53, 115, 121, 17, 63, 1, 26, 54, 134, 31, 6, 79, 62, 58, 119, 16, 66, 29, 7, 84, 44, 43, 68, 14, 94, 113, 28, 61, 111, 101, 74, 12, 117, 80, 138, 85, 67, 102, 133, 38, 39, 21, 13, 125, 105, 47, 4, 11, 108, 87, 76, 99, 5, 122, 90, 0, 33, 15, 27, 147, 142, 112, 106, 59, 24, 92, 72, 143, 98, 110, 100, 137, 46, 93, 48, 50, 120, 149, 77, 57, 132]"
Tai150b,2300,538857092,140.45,6.91,10,63,0.5523,0.4319,10,150,42,"[64, 146, 49, 96, 65, 89, 18, 22, 139, 70, 144, 23, 86, 131, 30, 2, 10, 104, 45, 95, 82, 148, 129, 37, 130, 73, 141, 114, 140, 123, 75, 3, 32, 135, 25, 136, 55, 41, 126, 35, 103, 56, 71, 20, 61, 40, 118, 19, 109, 127, 9, 91, 83, 42, 69, 51, 145, 78, 116, 81, 36, 60, 128, 88, 34, 52, 124, 8, 97, 13, 115, 121, 67, 63, 1, 26, 54, 134, 31, 6, 79, 62, 58, 119, 16, 66, 29, 7, 84, 44, 43, 68, 14, 94, 113, 28, 107, 111, 101, 74, 12, 117, 80, 138, 85, 17, 102, 133, 38, 39, 21, 53, 125, 105, 47, 4, 11, 108, 87, 76, 99, 5, 122, 90, 0, 33, 15, 27, 147, 142, 112, 106, 59, 24, 92, 72, 143, 98, 110, 100, 137, 46, 93, 48, 50, 120, 149, 77, 57, 132]"
Tai150b,2400,538016897,146.85,6.91,10,63,0.5523,0.4319,10,150,42,"[64, 146, 49, 96, 65, 89, 18, 22, 139, 70, 144, 23, 86, 131, 30, 2, 10, 104, 45, 95, 82, 114, 129, 37, 130, 73, 141, 148, 140, 123, 75, 3, 32, 135, 25, 136, 55, 41, 126, 35, 103, 56, 71, 20, 61, 40, 118, 19, 109, 127, 9, 91, 83, 42, 69, 51, 145, 78, 116, 81, 34, 60, 128, 88, 36, 52, 124, 8, 97, 13, 115, 121, 67, 63, 1, 26, 54, 134, 31, 6, 79, 62, 58, 119, 16, 66, 29, 7, 84, 44, 43, 68, 14, 94, 113, 28, 107, 111, 101, 74, 12, 138, 17, 117, 85, 80, 102, 133, 39, 38, 21, 53, 125, 105, 47, 4, 11, 108, 87, 76, 99, 5, 122, 90, 0, 33, 15, 72, 147, 142, 112, 106, 59, 24, 92, 27, 143, 98, 110, 100, 137, 46, 93, 48, 50, 120, 149, 77, 57, 132]"
Tai150b,2500,536582691,153.25,6.92,10,63,0.5523,0.4319,10,150,42,"[64, 146, 49, 96, 65, 89, 18, 22, 139, 70, 144, 23, 86, 131, 30, 2, 10, 104, 45, 95, 82, 114, 94, 37, 130, 73, 135, 148, 140, 123, 75, 3, 32, 141, 25, 136, 55, 41, 126, 35, 103, 56, 71, 20, 61, 40, 118, 90, 109, 127, 9, 91, 14, 42, 69, 51, 145, 78, 116, 81, 34, 52, 128, 88, 36, 60, 124, 8, 97, 13, 115, 121, 67, 63, 1, 26, 54, 134, 31, 6, 79, 62, 58, 119, 16, 66, 29, 7, 84, 44, 43, 68, 83, 129, 113, 28, 107, 111, 101, 74, 12, 138, 17, 117, 85, 80, 102, 133, 39, 38, 21, 53, 125, 105, 47, 4, 11, 108, 87, 76, 99, 5, 122, 19, 0, 33, 15, 72, 147, 142, 112, 106, 59, 24, 92, 27, 143, 98, 110, 100, 137, 46, 93, 48, 50, 120, 149, 77, 57, 132]"
Tai150b,2600,536408381,159.82,6.93,10,63,0.5523,0.4319,10,150,42,"[64, 146, 49, 96, 65, 89, 18, 22, 139, 10, 144, 23, 86, 131, 30, 2, 70, 104, 45, 95, 82, 114, 94, 37, 130, 73, 135, 148, 140, 123, 75, 3, 32, 141, 25, 136, 55, 41, 126, 35, 103, 56, 71, 20, 61, 40, 118, 90, 109, 127, 9, 91, 14, 42, 69, 51, 145, 78, 116, 53, 34, 52, 128, 88, 36, 60, 124, 8, 97, 13, 115, 121, 67, 63, 1, 26, 54, 134, 31, 6, 79, 62, 58, 119, 16, 66, 29, 7, 84, 44, 43, 68, 83, 129, 113, 28, 107, 111, 101, 74, 12, 138, 17, 117, 85, 80, 102, 133, 39, 38, 21, 81, 125, 105, 47, 4, 11, 108, 87, 76, 99, 5, 122, 19, 0, 33, 15, 72, 147, 142, 110, 106, 59, 24, 92, 27, 143, 98, 112, 100, 137, 46, 93, 48, 50, 120, 149, 77, 57, 132]"
Tai150b,2700,535955912,165.79,6.69,10,63,0.5523,0.4319,10,150,42,"[64, 146, 49, 96, 65, 89, 18, 22, 139, 10, 144, 23, 86, 131, 30, 2, 70, 104, 45, 95, 82, 114, 103, 37, 130, 73, 135, 148, 140, 123, 75, 3, 32, 126, 25, 136, 55, 41, 141, 35, 94, 56, 71, 20, 61, 40, 118, 90, 109, 127, 12, 91, 14, 42, 69, 51, 145, 78, 116, 53, 34, 52, 128, 88, 36, 60, 124, 8, 97, 13, 115, 121, 67, 63, 1, 26, 54, 134, 31, 6, 79, 62, 58, 119, 16, 66, 29, 7, 84, 44, 43, 68, 83, 129, 113, 28, 107, 111, 101, 74, 9, 138, 17, 117, 85, 80, 102, 133, 39, 38, 21, 81, 125, 105, 47, 4, 11, 108, 87, 76, 99, 5, 122, 19, 0, 33, 15, 72, 147, 142, 110, 106, 59, 50, 92, 27, 143, 98, 112, 100, 137, 46, 93, 48, 24, 120, 149, 77, 57, 132]"
Tai150b,2800,535739900,170.3,5.78,10,63,0.5523,0.4319,10,150,42,"[64, 146, 49, 96, 135, 89, 18, 22, 139, 10, 144, 23, 86, 131, 30, 2, 70, 104, 45, 95, 82, 114, 103, 37, 130, 73, 65, 148, 140, 123, 75, 3, 32, 126, 25, 136, 55, 41, 141, 35, 94, 56, 71, 20, 61, 40, 118, 90, 109, 127, 12, 91, 14, 42, 69, 51, 145, 78, 116, 53, 34, 52, 128, 88, 36, 60, 124, 8, 97, 13, 80, 121, 67, 63, 1, 26, 54, 134, 31, 6, 79, 62, 58, 119, 16, 66, 29, 7, 84, 44, 43, 68, 83, 129, 113, 28, 107, 111, 101, 74, 9, 138, 17, 117, 85, 115, 102, 133, 39, 38, 21, 81, 125, 105, 47, 4, 11, 108, 87, 76, 99, 143, 122, 19, 0, 33, 15, 72, 147, 142, 110, 106, 59, 50, 92, 27, 5, 98, 112, 100, 137, 46, 93, 48, 24, 120, 149, 77, 57, 132]"
Tai150b,2900,535512522,175.74,5.07,10,63,0.5523,0.4319,10,150,42,"[64, 146, 49, 96, 135, 89, 18, 22, 139, 10, 144, 23, 86, 131, 30, 2, 70, 104, 45, 75, 82, 114, 103, 37, 130, 73, 65, 148, 140, 123, 95, 3, 32, 126, 25, 136, 71, 41, 141, 35, 94, 56, 55, 20, 61, 40, 118, 90, 109, 127, 12, 91, 14, 42, 69, 51, 145, 78, 116, 53, 34, 52, 128, 88, 36, 60, 124, 8, 97, 13, 80, 121, 67, 1, 63, 26, 54, 134, 31, 6, 79, 62, 58, 119, 16, 66, 29, 7, 84, 44, 43, 68, 83, 129, 113, 28, 107, 111, 101, 74, 9, 138, 17, 117, 85, 115, 102, 133, 39, 38, 21, 81, 125, 105, 4, 47, 11, 108, 87, 76, 99, 143, 122, 19, 0, 120, 15, 72, 147, 142, 110, 106, 59, 50, 92, 27, 5, 98, 112, 100, 137, 46, 93, 48, 24, 33, 149, 77, 57, 132]"
Tai150b,3000,535037196,182.19,5.08,10,63,0.5523,0.4319,10,150,42,"[64, 146, 49, 96, 135, 89, 18, 22, 139, 10, 144, 23, 86, 131, 30, 2, 70, 104, 45, 75, 82, 114, 103, 37, 130, 73, 65, 148, 140, 123, 95, 3, 32, 126, 25, 136, 71, 41, 141, 35, 94, 56, 55, 20, 61, 40, 118, 90, 109, 127, 12, 91, 14, 42, 69, 51, 145, 78, 52, 53, 34, 116, 128, 88, 36, 60, 124, 8, 97, 13, 80, 121, 67, 1, 63, 26, 54, 134, 31, 6, 79, 62, 58, 119, 16, 66, 29, 7, 84, 44, 43, 68, 83, 129, 113, 28, 107, 111, 101, 74, 9, 138, 17, 117, 85, 115, 102, 133, 39, 38, 21, 81, 125, 105, 4, 47, 11, 108, 87, 76, 99, 143, 122, 19, 0, 120, 15, 72, 147, 142, 110, 106, 59, 93, 92, 27, 5, 98, 112, 100, 137, 46, 50, 48, 24, 33, 149, 77, 57, 132]"
Tai150b,3100,534528286,188.67,5.08,10,63,0.5523,0.4319,10,150,42,"[64, 146, 49, 96, 135, 89, 18, 22, 139, 10, 144, 23, 86, 131, 30, 2, 70, 104, 45, 37, 82, 114, 103, 75, 130, 73, 65, 148, 136, 123, 95, 3, 32, 126, 25, 140, 71, 41, 141, 35, 94, 56, 55, 20, 61, 40, 118, 90, 109, 127, 12, 91, 14, 42, 69, 51, 145, 78, 52, 53, 34, 116, 13, 88, 36, 60, 124, 8, 97, 1, 80, 121, 67, 128, 63, 26, 54, 134, 31, 6, 79, 62, 58, 119, 16, 66, 29, 7, 84, 44, 43, 68, 83, 129, 113, 28, 107, 111, 101, 74, 9, 138, 17, 117, 85, 115, 102, 133, 39, 38, 21, 81, 125, 105, 4, 47, 11, 108, 87, 76, 99, 143, 122, 19, 0, 120, 15, 72, 147, 142, 110, 106, 59, 93, 92, 27, 5, 98, 112, 100, 137, 46, 50, 48, 24, 33, 149, 77, 57, 132]"
Tai150b,3200,534333600,195.33,5.08,10,63,0.5523,0.4319,10,150,42,"[64, 146, 49, 96, 135, 89, 18, 22, 139, 10, 144, 23, 86, 131, 30, 2, 70, 104, 45, 37, 82, 56, 103, 75, 130, 73, 65, 148, 136, 123, 95, 3, 32, 126, 25, 140, 71, 41, 141, 35, 94, 114, 55, 20, 61, 40, 118, 90, 109, 127, 12, 91, 14, 42, 69, 51, 145, 78, 52, 8, 34, 116, 13, 88, 36, 60, 124, 53, 97, 1, 80, 121, 67, 128, 63, 26, 54, 134, 31, 6, 79, 62, 58, 119, 16, 66, 29, 7, 84, 44, 43, 68, 83, 129, 113, 28, 107, 111, 101, 74, 9, 138, 17, 117, 85, 115, 102, 133, 39, 38, 21, 81, 125, 105, 4, 47, 11, 108, 87, 76, 99, 143, 27, 19, 0, 120, 15, 72, 147, 142, 93, 106, 59, 110, 92, 122, 5, 98, 112, 100, 137, 46, 50, 48, 24, 33, 149, 77, 57, 132]"
Tai150b,3300,533963273,201.84,5.08,10,63,0.5523,0.4319,10,150,42,"[64, 146, 49, 96, 137, 89, 18, 22, 139, 10, 144, 23, 86, 131, 30, 2, 70, 104, 45, 37, 82, 56, 103, 75, 130, 73, 65, 148, 136, 123, 95, 3, 32, 126, 25, 140, 71, 41, 141, 35, 94, 114, 55, 20, 61, 40, 118, 90, 109, 127, 12, 91, 14, 42, 69, 51, 145, 78, 52, 8, 34, 116, 13, 88, 36, 60, 124, 53, 97, 1, 80, 121, 67, 128, 63, 26, 54, 134, 31, 6, 79, 62, 58, 59, 16, 66, 29, 7, 84, 44, 43, 68, 83, 129, 113, 28, 107, 111, 101, 74, 9, 138, 17, 117, 85, 115, 102, 133, 39, 38, 21, 81, 125, 105, 4, 47, 11, 108, 87, 76, 99, 143, 27, 19, 0, 120, 15, 72, 147, 142, 93, 106, 119, 110, 92, 122, 5, 24, 112, 100, 135, 46, 50, 48, 98, 33, 149, 77, 57, 132]"
Tai150b,3400,533703171,208.36,5.08,10,63,0.5523,0.4319,10,150,42,"[64, 146, 139, 96, 137, 89, 18, 22, 49, 10, 144, 23, 86, 131, 30, 2, 70, 104, 45, 37, 82, 56, 103, 75, 130, 73, 3, 148, 136, 123, 95, 65, 32, 126, 25, 140, 71, 41, 141, 35, 94, 114, 55, 20, 61, 40, 118, 90, 109, 127, 12, 91, 14, 42, 69, 51, 145, 78, 52, 8, 34, 116, 13, 88, 36, 60, 1, 53, 97, 124, 80, 121, 67, 128, 63, 26, 54, 134, 31, 6, 79, 62, 58, 59, 68, 66, 29, 7, 84, 44, 43, 16, 83, 129, 113, 28, 107, 111, 101, 74, 9, 138, 17, 117, 85, 115, 102, 133, 39, 38, 21, 81, 125, 105, 4, 47, 11, 108, 87, 76, 100, 143, 27, 19, 0, 120, 15, 72, 147, 142, 93, 106, 119, 110, 92, 122, 5, 24, 112, 99, 135, 46, 50, 48, 98, 33, 149, 77, 57, 132]"
Tai150b,3500,533262383,214.64,5.09,10,63,0.5523,0.4319,10,150,42,"[64, 146, 139, 56, 137, 89, 18, 22, 49, 10, 144, 23, 86, 131, 30, 2, 70, 104, 45, 37, 82, 96, 65, 148, 130, 73, 3, 75, 101, 123, 95, 103, 32, 126, 25, 140, 71, 41, 141, 35, 94, 114, 55, 20, 61, 40, 118, 90, 109, 127, 12, 91, 14, 42, 69, 51, 145, 78, 52, 8, 34, 116, 13, 88, 36, 60, 1, 53, 97, 124, 80, 121, 67, 128, 63, 26, 54, 134, 31, 6, 79, 62, 58, 59, 68, 66, 29, 7, 84, 44, 43, 16, 83, 129, 113, 28, 107, 111, 136, 74, 9, 138, 17, 117, 85, 115, 102, 133, 39, 38, 21, 81, 125, 105, 4, 47, 11, 108, 87, 76, 100, 143, 27, 19, 0, 120, 15, 122, 147, 142, 93, 106, 119, 110, 92, 72, 5, 24, 112, 99, 135, 46, 50, 48, 98, 33, 149, 77, 57, 132]"
Tai150b,3600,533207254,220.65,4.96,10,63,0.5523,0.4319,10,150,42,"[64, 146, 139, 56, 137, 89, 18, 22, 49, 10, 144, 23, 86, 131, 30, 2, 70, 104, 45, 37, 82, 96, 65, 148, 130, 73, 3, 75, 101, 123, 95, 103, 32, 126, 25, 140, 71, 41, 141, 35, 94, 114, 55, 20, 61, 40, 118, 90, 109, 127, 12, 91, 14, 42, 69, 51, 145, 78, 52, 8, 34, 116, 13, 88, 36, 60, 1, 53, 97, 124, 80, 121, 67, 128, 63, 26, 54, 134, 31, 6, 79, 62, 58, 59, 68, 66, 29, 7, 84, 44, 43, 16, 83, 129, 113, 28, 107, 111, 136, 74, 9, 138, 17, 117, 85, 115, 102, 133, 39, 38, 21, 81, 125, 105, 4, 47, 11, 108, 87, 76, 100, 143, 5, 19, 0, 120, 15, 122, 147, 142, 93, 106, 119, 110, 92, 72, 27, 24, 112, 99, 135, 46, 50, 48, 98, 33, 149, 77, 57, 132]"
Tai150b,3700,532932447,227.77,4.82,10,63,0.5523,0.4319,10,150,42,"[64, 146, 139, 56, 137, 89, 18, 22, 49, 10, 144, 23, 86, 131, 30, 2, 70, 104, 45, 37, 82, 101, 65, 148, 130, 73, 3, 75, 96, 123, 95, 103, 32, 126, 25, 140, 71, 41, 141, 35, 94, 114, 55, 20, 61, 40, 118, 90, 17, 127, 12, 91, 14, 42, 69, 51, 145, 78, 52, 8, 34, 116, 13, 112, 36, 60, 1, 53, 97, 124, 80, 121, 67, 128, 63, 26, 54, 134, 66, 6, 79, 62, 58, 59, 68, 31, 29, 7, 84, 44, 43, 16, 83, 129, 113, 28, 107, 111, 136, 74, 9, 138, 109, 117, 85, 115, 102, 133, 39, 38, 21, 81, 125, 105, 4, 47, 11, 108, 87, 76, 100, 143, 5, 19, 0, 120, 15, 122, 147, 142, 93, 106, 119, 110, 92, 72, 24, 27, 88, 99, 135, 46, 77, 48, 98, 33, 149, 50, 57, 132]"
Tai150b,3800,532292287,235.42,6.02,10,63,0.5523,0.4319,10,150,42,"[64, 146, 139, 56, 137, 89, 18, 22, 49, 10, 144, 23, 86, 131, 30, 2, 70, 104, 45, 37, 82, 101, 65, 148, 130, 73, 3, 75, 96, 123, 95, 103, 32, 126, 25, 140, 71, 41, 141, 35, 94, 114, 55, 20, 61, 40, 118, 90, 17, 127, 12, 91, 14, 42, 69, 51, 145, 78, 52, 97, 34, 116, 13, 112, 36, 60, 1, 53, 8, 124, 80, 121, 67, 128, 63, 26, 54, 134, 66, 149, 79, 62, 58, 59, 68, 31, 29, 7, 84, 44, 43, 16, 83, 129, 113, 28, 107, 111, 136, 74, 9, 138, 109, 117, 85, 115, 102, 133, 39, 38, 21, 81, 125, 105, 4, 47, 11, 108, 87, 76, 100, 143, 5, 19, 0, 120, 15, 122, 147, 142, 93, 106, 119, 110, 92, 72, 6, 27, 88, 99, 135, 46, 77, 48, 98, 33, 24, 50, 57, 132]"
Tai150b,3900,532106359,241.41,6.02,10,63,0.5523,0.4319,10,150,42,"[64, 146, 139, 56, 86, 89, 18, 22, 49, 10, 144, 23, 137, 131, 30, 2, 70, 104, 45, 37, 82, 101, 65, 148, 130, 73, 25, 75, 96, 123, 95, 103, 32, 126, 3, 140, 71, 41, 141, 35, 94, 114, 55, 20, 61, 40, 118, 90, 17, 127, 12, 91, 14, 42, 69, 51, 145, 107, 52, 97, 34, 116, 13, 112, 36, 124, 1, 53, 8, 60, 80, 121, 67, 128, 63, 26, 54, 134, 66, 149, 79, 62, 58, 59, 68, 31, 29, 7, 84, 44, 43, 16, 83, 129, 113, 28, 78, 111, 136, 74, 9, 138, 109, 117, 4, 115, 102, 133, 39, 38, 21, 81, 125, 105, 85, 47, 11, 108, 87, 76, 100, 143, 5, 19, 0, 120, 15, 122, 147, 142, 93, 106, 119, 110, 92, 72, 6, 27, 88, 99, 135, 46, 77, 48, 98, 33, 24, 50, 57, 132]"
Tai150b,4000,532050713,247.59,6.04,10,63,0.5523,0.4319,10,150,42,"[64, 146, 139, 56, 86, 89, 18, 22, 49, 10, 104, 23, 137, 131, 30, 2, 70, 144, 45, 37, 82, 101, 65, 148, 130, 73, 25, 75, 96, 123, 95, 103, 32, 126, 3, 140, 71, 41, 141, 35, 94, 114, 55, 20, 61, 40, 74, 90, 17, 127, 12, 91, 14, 42, 69, 51, 145, 107, 52, 97, 34, 116, 13, 112, 36, 124, 1, 53, 8, 60, 80, 121, 67, 128, 63, 26, 54, 134, 66, 149, 79, 62, 58, 59, 68, 31, 29, 7, 84, 44, 43, 16, 83, 129, 113, 28, 78, 136, 111, 118, 9, 138, 109, 117, 4, 115, 102, 133, 39, 38, 21, 81, 125, 105, 85, 47, 11, 108, 87, 76, 100, 143, 5, 19, 0, 120, 15, 122, 147, 142, 93, 106, 119, 110, 92, 72, 6, 27, 88, 99, 135, 46, 77, 48, 98, 33, 24, 50, 57, 132]"
Tai150b,4100,532028527,253.85,6.05,10,63,0.5523,0.4319,10,150,42,"[64, 146, 18, 56, 86, 89, 139, 22, 49, 10, 104, 23, 137, 131, 30, 2, 70, 144, 45, 37, 82, 101, 65, 148, 130, 73, 25, 75, 96, 123, 95, 103, 32, 126, 3, 140, 71, 41, 141, 35, 94, 114, 55, 20, 61, 40, 74, 90, 17, 127, 12, 111, 14, 42, 69, 51, 145, 107, 52, 97, 34, 116, 13, 112, 36, 124, 1, 53, 8, 60, 80, 121, 67, 128, 63, 26, 54, 134, 66, 149, 79, 62, 58, 59, 68, 31, 29, 7, 84, 44, 43, 16, 83, 129, 113, 28, 78, 136, 91, 118, 9, 138, 109, 117, 4, 115, 102, 133, 39, 38, 21, 81, 125, 105, 85, 47, 11, 108, 87, 76, 100, 143, 5, 19, 0, 120, 15, 122, 147, 142, 93, 106, 119, 110, 92, 72, 6, 27, 88, 99, 135, 46, 24, 48, 98, 33, 77, 50, 57, 132]"
Tai150b,4200,531964517,260.23,6.05,10,63,0.5523,0.4319,10,150,42,"[64, 146, 18, 56, 86, 89, 139, 22, 49, 10, 104, 23, 137, 131, 30, 2, 70, 144, 45, 37, 82, 101, 65, 148, 130, 73, 25, 75, 96, 123, 95, 103, 32, 126, 3, 140, 71, 41, 141, 35, 94, 114, 55, 20, 61, 40, 74, 90, 17, 127, 12, 111, 14, 42, 69, 51, 145, 107, 52, 97, 34, 116, 13, 112, 36, 124, 1, 53, 8, 60, 80, 121, 67, 128, 63, 26, 54, 134, 66, 149, 79, 62, 58, 59, 68, 31, 29, 7, 44, 84, 43, 16, 83, 129, 113, 28, 78, 136, 91, 118, 9, 138, 109, 117, 4, 115, 102, 133, 39, 38, 21, 81, 125, 105, 85, 47, 11, 108, 87, 76, 100, 143, 5, 19, 0, 120, 15, 122, 147, 142, 93, 106, 119, 110, 92, 72, 6, 27, 88, 99, 135, 46, 24, 48, 98, 33, 77, 50, 57, 132]"
Tai150b,4300,531527130,266.45,6.06,10,63,0.5523,0.4319,10,150,42,"[64, 146, 23, 56, 86, 89, 139, 22, 49, 10, 104, 18, 137, 30, 131, 2, 70, 144, 45, 37, 82, 101, 65, 148, 130, 73, 25, 75, 96, 123, 95, 103, 71, 126, 3, 140, 32, 41, 141, 35, 94, 114, 55, 20, 61, 40, 74, 90, 17, 127, 12, 111, 14, 42, 69, 51, 145, 107, 52, 97, 34, 116, 13, 112, 36, 124, 1, 53, 8, 60, 80, 121, 67, 128, 63, 26, 54, 134, 66, 149, 79, 62, 58, 59, 68, 31, 29, 7, 44, 84, 43, 16, 83, 129, 113, 28, 78, 136, 91, 118, 9, 138, 109, 117, 4, 115, 102, 133, 39, 38, 21, 81, 125, 105, 85, 47, 11, 108, 87, 76, 100, 143, 5, 19, 0, 120, 15, 122, 147, 142, 93, 106, 119, 110, 92, 72, 6, 27, 88, 99, 135, 46, 24, 48, 98, 33, 77, 50, 57, 132]"
Tai150b,4400,531444643,272.21,6.07,10,63,0.5523,0.4319,10,150,42,"[64, 146, 23, 56, 86, 89, 139, 22, 49, 10, 104, 18, 137, 30, 131, 2, 70, 144, 45, 37, 82, 101, 65, 148, 130, 73, 25, 75, 96, 123, 95, 103, 71, 126, 94, 140, 32, 41, 141, 35, 3, 114, 55, 20, 61, 40, 74, 90, 17, 127, 12, 111, 14, 51, 69, 42, 145, 107, 52, 97, 34, 116, 13, 112, 36, 124, 1, 53, 8, 60, 80, 121, 67, 128, 63, 26, 54, 134, 66, 149, 79, 62, 58, 59, 68, 31, 29, 7, 44, 84, 43, 16, 83, 129, 113, 28, 78, 136, 91, 118, 9, 138, 109, 117, 4, 115, 102, 133, 11, 39, 21, 47, 125, 105, 85, 81, 38, 108, 87, 76, 100, 143, 5, 19, 0, 120, 15, 122, 147, 142, 93, 106, 119, 110, 92, 72, 6, 27, 88, 99, 135, 46, 24, 48, 98, 33, 77, 50, 57, 132]"
Tai150b,4500,531385313,278.1,5.46,10,63,0.5523,0.4319,10,150,42,"[64, 146, 23, 56, 86, 89, 139, 22, 49, 10, 104, 18, 137, 30, 131, 2, 70, 144, 123, 37, 82, 65, 101, 148, 130, 73, 25, 75, 96, 45, 95, 103, 71, 126, 94, 140, 32, 41, 141, 35, 3, 114, 55, 20, 61, 40, 74, 90, 17, 127, 12, 111, 14, 51, 69, 42, 145, 107, 52, 97, 34, 116, 13, 112, 36, 124, 1, 53, 8, 60, 80, 121, 67, 128, 63, 26, 54, 134, 66, 149, 79, 62, 58, 59, 68, 31, 29, 7, 44, 84, 43, 16, 83, 129, 113, 28, 78, 136, 91, 118, 9, 138, 109, 117, 4, 115, 102, 133, 11, 39, 21, 47, 125, 105, 85, 81, 38, 108, 87, 76, 100, 92, 5, 19, 0, 120, 15, 122, 147, 142, 93, 106, 119, 110, 143, 72, 6, 27, 88, 99, 135, 46, 24, 48, 98, 33, 77, 50, 57, 132]"
Tai150b,4600,531248890,284.53,5.12,10,63,0.5523,0.4319,10,150,42,"[64, 146, 23, 56, 86, 89, 139, 22, 49, 10, 104, 135, 137, 30, 131, 2, 70, 144, 123, 37, 82, 65, 101, 148, 130, 73, 25, 75, 96, 45, 95, 103, 71, 126, 94, 41, 32, 140, 141, 35, 3, 114, 55, 20, 61, 40, 74, 90, 17, 127, 12, 111, 14, 51, 69, 42, 91, 107, 52, 97, 34, 116, 13, 112, 36, 124, 1, 53, 8, 60, 80, 121, 67, 128, 63, 26, 54, 134, 66, 149, 79, 62, 58, 59, 68, 31, 29, 7, 44, 84, 43, 16, 83, 129, 113, 28, 78, 136, 145, 118, 9, 138, 109, 117, 4, 115, 102, 133, 11, 39, 21, 47, 125, 105, 85, 81, 38, 108, 87, 76, 100, 92, 5, 19, 0, 120, 15, 72, 147, 142, 93, 106, 119, 110, 143, 122, 6, 27, 88, 99, 18, 46, 24, 48, 98, 33, 77, 50, 57, 132]"
Tai150b,4700,530701175,290.81,5.12,10,63,0.5523,0.4319,10,150,42,"[64, 146, 23, 56, 86, 89, 139, 22, 49, 10, 104, 135, 137, 30, 131, 2, 70, 144, 123, 37, 82, 65, 130, 148, 101, 73, 25, 75, 96, 45, 95, 103, 71, 126, 94, 41, 32, 140, 141, 35, 3, 114, 55, 74, 61, 40, 20, 90, 17, 127, 12, 111, 14, 51, 69, 42, 91, 107, 52, 97, 34, 116, 13, 112, 36, 124, 1, 53, 8, 60, 80, 121, 67, 128, 63, 26, 54, 134, 66, 149, 79, 62, 58, 59, 68, 31, 29, 7, 44, 84, 43, 16, 83, 129, 113, 28, 78, 136, 145, 100, 9, 138, 109, 117, 4, 115, 102, 133, 11, 39, 21, 47, 125, 105, 85, 81, 38, 108, 87, 76, 118, 92, 5, 19, 0, 120, 15, 72, 147, 142, 93, 106, 119, 110, 143, 122, 6, 27, 88, 99, 18, 46, 24, 48, 98, 33, 77, 50, 57, 132]"
Tai150b,4800,530644377,297.06,5.13,10,63,0.5523,0.4319,10,150,42,"[64, 146, 23, 131, 86, 89, 139, 22, 49, 10, 104, 135, 137, 30, 56, 2, 70, 144, 123, 37, 82, 65, 130, 148, 101, 73, 25, 75, 96, 45, 95, 103, 71, 126, 94, 41, 32, 140, 141, 35, 3, 114, 55, 74, 61, 40, 20, 90, 17, 127, 12, 111, 14, 51, 69, 42, 91, 107, 52, 97, 34, 116, 13, 112, 36, 124, 1, 53, 8, 60, 80, 121, 67, 128, 63, 26, 54, 134, 66, 149, 79, 62, 58, 59, 68, 31, 29, 7, 44, 84, 43, 16, 83, 129, 113, 28, 78, 136, 145, 100, 9, 138, 109, 117, 4, 115, 87, 133, 11, 39, 21, 47, 125, 105, 85, 81, 38, 108, 102, 76, 118, 92, 5, 19, 0, 120, 15, 72, 147, 142, 93, 106, 119, 110, 143, 122, 6, 27, 88, 99, 18, 46, 24, 48, 98, 33, 77, 50, 57, 132]"
Tai150b,4900,530644377,303.09,5.13,10,63,0.5523,0.4319,10,150,42,"[64, 146, 23, 131, 86, 89, 139, 22, 49, 10, 104, 135, 137, 30, 56, 2, 70, 144, 123, 37, 82, 65, 130, 148, 101, 73, 25, 75, 96, 45, 95, 103, 71, 126, 94, 41, 32, 140, 141, 35, 3, 114, 55, 74, 61, 40, 20, 90, 17, 127, 12, 111, 14, 51, 69, 42, 91, 107, 52, 97, 34, 116, 13, 112, 36, 124, 1, 53, 8, 60, 80, 121, 67, 128, 63, 26, 54, 134, 66, 149, 79, 62, 58, 59, 68, 31, 29, 7, 44, 84, 43, 16, 83, 129, 113, 28, 78, 136, 145, 100, 9, 138, 109, 117, 4, 115, 87, 133, 11, 39, 21, 47, 125, 105, 85, 81, 38, 108, 102, 76, 118, 92, 5, 19, 0, 120, 15, 72, 147, 142, 93, 106, 119, 110, 143, 122, 6, 27, 88, 99, 18, 46, 24, 48, 98, 33, 77, 50, 57, 132]"
Tai150b,5000,529911394,309.17,5.13,10,63,0.5523,0.4319,10,150,42,"[64, 146, 23, 131, 86, 89, 139, 22, 49, 10, 104, 135, 137, 30, 56, 2, 70, 144, 123, 37, 82, 65, 130, 148, 101, 73, 25, 75, 96, 45, 95, 103, 71, 126, 94, 41, 32, 140, 141, 35, 3, 114, 55, 0, 61, 40, 20, 90, 17, 127, 12, 111, 14, 51, 69, 42, 91, 107, 15, 97, 34, 116, 13, 112, 36, 124, 1, 53, 8, 60, 80, 121, 67, 128, 63, 26, 54, 134, 66, 149, 79, 62, 58, 59, 68, 31, 29, 7, 44, 84, 43, 16, 83, 129, 113, 145, 78, 136, 28, 100, 9, 138, 109, 117, 4, 115, 87, 133, 11, 39, 21, 47, 125, 105, 85, 81, 38, 108, 102, 76, 118, 92, 5, 19, 74, 52, 120, 72, 147, 142, 93, 106, 119, 110, 143, 122, 6, 27, 88, 99, 18, 46, 24, 48, 98, 33, 77, 50, 57, 132]"
Tai150b,5100,529851294,315.07,5.13,10,63,0.5523,0.4319,10,150,42,"[64, 146, 23, 131, 86, 89, 139, 22, 49, 10, 104, 135, 137, 30, 56, 2, 70, 144, 123, 37, 82, 65, 130, 148, 101, 73, 25, 75, 96, 45, 95, 103, 71, 126, 94, 41, 32, 140, 141, 35, 3, 114, 55, 0, 61, 40, 20, 90, 17, 127, 12, 111, 14, 51, 69, 42, 91, 107, 15, 97, 34, 116, 13, 112, 36, 124, 1, 53, 8, 60, 80, 121, 67, 128, 63, 26, 54, 134, 66, 149, 79, 29, 58, 59, 68, 31, 62, 7, 44, 84, 43, 16, 83, 129, 113, 145, 78, 136, 28, 100, 9, 138, 109, 117, 4, 115, 87, 133, 108, 39, 21, 47, 125, 105, 85, 81, 38, 11, 102, 76, 118, 92, 5, 106, 74, 52, 120, 72, 147, 142, 93, 19, 119, 110, 143, 122, 6, 27, 88, 99, 18, 46, 24, 48, 98, 33, 77, 50, 57, 132]"
Tai150b,5200,529636082,321.05,5.13,10,63,0.5523,0.4319,10,150,42,"[64, 146, 23, 131, 86, 89, 139, 22, 49, 10, 104, 135, 137, 30, 56, 2, 70, 144, 123, 37, 82, 65, 130, 148, 101, 73, 25, 75, 96, 45, 95, 103, 71, 126, 94, 41, 32, 140, 141, 35, 3, 114, 55, 0, 61, 40, 20, 90, 17, 14, 12, 111, 127, 51, 69, 138, 91, 107, 15, 97, 34, 116, 13, 112, 36, 124, 1, 53, 8, 60, 80, 121, 67, 128, 63, 54, 26, 134, 66, 149, 79, 29, 58, 59, 68, 31, 62, 7, 44, 84, 43, 16, 83, 129, 113, 145, 78, 136, 28, 100, 9, 42, 109, 117, 4, 115, 87, 133, 108, 39, 21, 47, 125, 105, 85, 81, 38, 11, 102, 76, 118, 92, 5, 106, 74, 52, 120, 72, 147, 142, 93, 19, 119, 110, 143, 122, 6, 27, 88, 99, 18, 46, 24, 48, 98, 33, 77, 50, 57, 132]"
Tai150b,5300,529533282,327.52,5.13,10,63,0.5523,0.4319,10,150,42,"[64, 146, 23, 131, 86, 89, 56, 22, 49, 10, 104, 135, 137, 30, 139, 2, 70, 144, 123, 37, 82, 65, 130, 148, 101, 73, 25, 75, 96, 45, 95, 103, 71, 126, 94, 41, 32, 140, 141, 35, 3, 114, 55, 0, 83, 40, 20, 138, 17, 14, 12, 111, 127, 51, 69, 90, 91, 107, 15, 97, 34, 116, 13, 112, 36, 124, 1, 53, 8, 60, 80, 121, 67, 128, 63, 54, 26, 134, 66, 149, 79, 29, 58, 59, 68, 31, 62, 7, 44, 84, 43, 16, 61, 129, 113, 145, 78, 136, 28, 100, 9, 42, 109, 117, 4, 115, 87, 133, 108, 39, 21, 47, 125, 105, 85, 81, 38, 11, 102, 76, 118, 92, 5, 106, 74, 110, 120, 72, 147, 142, 93, 19, 119, 52, 143, 122, 6, 27, 88, 99, 18, 46, 24, 48, 98, 33, 77, 50, 57, 132]"
Tai150b,5400,529220125,334.25,5.13,10,63,0.5523,0.4319,10,150,42,"[64, 146, 23, 131, 86, 89, 56, 22, 49, 10, 104, 135, 137, 30, 139, 2, 70, 144, 123, 37, 82, 65, 130, 148, 101, 73, 25, 28, 96, 45, 95, 103, 71, 126, 94, 41, 32, 140, 141, 35, 3, 114, 55, 0, 83, 40, 20, 138, 17, 100, 12, 111, 127, 51, 69, 90, 91, 107, 15, 97, 34, 116, 13, 112, 36, 124, 1, 53, 8, 60, 80, 121, 67, 128, 63, 54, 26, 134, 66, 149, 79, 29, 58, 59, 68, 31, 62, 7, 44, 84, 43, 16, 61, 129, 113, 145, 78, 136, 75, 14, 9, 42, 109, 117, 4, 115, 87, 133, 108, 39, 21, 47, 125, 105, 85, 81, 38, 11, 102, 76, 118, 92, 5, 106, 74, 110, 120, 27, 147, 142, 93, 19, 119, 52, 143, 122, 6, 72, 88, 99, 18, 46, 24, 48, 98, 33, 77, 50, 57, 132]"
Tai150b,5500,529036990,340.8,5.13,10,63,0.5523,0.4319,10,150,42,"[64, 146, 23, 131, 86, 89, 56, 22, 49, 10, 104, 135, 137, 30, 139, 2, 70, 144, 123, 37, 82, 65, 130, 148, 101, 73, 25, 28, 96, 45, 95, 103, 71, 126, 94, 41, 32, 140, 141, 35, 3, 114, 55, 0, 83, 40, 20, 138, 17, 100, 12, 111, 145, 51, 69, 90, 91, 107, 15, 97, 34, 116, 13, 112, 36, 124, 1, 53, 115, 60, 80, 121, 67, 128, 63, 54, 26, 134, 66, 149, 79, 31, 58, 59, 68, 29, 62, 7, 44, 84, 43, 16, 61, 129, 113, 127, 78, 136, 75, 14, 9, 42, 109, 117, 4, 8, 87, 133, 108, 39, 21, 47, 125, 105, 85, 81, 38, 11, 102, 76, 118, 92, 5, 143, 74, 110, 120, 27, 147, 142, 93, 19, 119, 52, 106, 122, 6, 72, 88, 99, 18, 46, 24, 48, 98, 33, 77, 50, 57, 132]"
Tai150b,5600,528596571,347.48,5.13,10,63,0.5523,0.4319,10,150,42,"[64, 146, 23, 131, 86, 89, 56, 22, 49, 10, 104, 135, 137, 30, 139, 2, 70, 144, 123, 37, 82, 65, 130, 148, 101, 73, 25, 28, 96, 45, 95, 114, 71, 126, 94, 41, 32, 140, 141, 35, 3, 103, 55, 0, 83, 40, 20, 138, 17, 100, 12, 111, 145, 51, 69, 90, 91, 107, 15, 97, 34, 63, 13, 112, 36, 124, 1, 53, 115, 60, 80, 121, 67, 128, 116, 54, 26, 134, 66, 149, 79, 59, 58, 31, 68, 29, 62, 7, 44, 84, 43, 16, 61, 129, 113, 127, 78, 136, 75, 14, 9, 42, 109, 117, 4, 8, 87, 133, 108, 39, 21, 47, 125, 105, 85, 81, 38, 11, 102, 76, 118, 92, 5, 143, 74, 110, 120, 27, 147, 142, 93, 19, 119, 52, 106, 122, 6, 72, 88, 99, 18, 46, 24, 48, 98, 33, 77, 50, 57, 132]"
Tai150b,5700,528259768,353.81,5.13,10,63,0.5523,0.4319,10,150,42,"[64, 146, 23, 131, 86, 89, 56, 22, 49, 10, 104, 135, 137, 30, 139, 2, 70, 144, 123, 37, 82, 65, 130, 148, 101, 73, 25, 28, 96, 45, 95, 114, 71, 126, 94, 41, 32, 140, 141, 35, 3, 103, 55, 0, 52, 40, 20, 138, 17, 100, 12, 111, 145, 51, 69, 90, 91, 107, 15, 97, 34, 63, 13, 112, 36, 124, 1, 53, 115, 60, 80, 121, 67, 128, 81, 54, 26, 134, 66, 149, 79, 59, 58, 31, 68, 29, 62, 7, 44, 84, 43, 16, 61, 129, 113, 127, 78, 136, 75, 14, 9, 42, 109, 117, 4, 8, 87, 133, 108, 39, 21, 47, 125, 105, 85, 116, 38, 11, 102, 76, 118, 92, 5, 143, 74, 110, 120, 27, 147, 142, 93, 19, 119, 83, 106, 122, 6, 72, 88, 99, 18, 46, 24, 48, 98, 33, 77, 50, 57, 132]"
Tai150b,5800,527854840,360.23,5.13,10,63,0.5523,0.4319,10,150,42,"[64, 146, 23, 131, 86, 89, 56, 22, 49, 10, 104, 135, 137, 30, 139, 2, 70, 144, 123, 37, 82, 65, 130, 148, 101, 73, 25, 28, 96, 45, 95, 114, 71, 126, 94, 41, 32, 140, 141, 35, 3, 103, 55, 0, 52, 40, 20, 138, 17, 100, 12, 111, 145, 51, 69, 90, 91, 107, 15, 97, 34, 63, 13, 112, 36, 124, 1, 53, 115, 60, 80, 121, 67, 128, 81, 54, 26, 134, 66, 149, 79, 57, 58, 31, 68, 29, 62, 7, 44, 84, 43, 16, 61, 129, 113, 127, 78, 136, 75, 14, 9, 42, 109, 117, 4, 8, 87, 133, 108, 39, 21, 47, 125, 105, 85, 116, 38, 11, 102, 76, 118, 92, 5, 143, 74, 110, 120, 27, 147, 142, 93, 19, 119, 83, 106, 122, 6, 72, 88, 99, 18, 46, 24, 48, 98, 33, 77, 50, 59, 132]"
Tai150b,5900,527584456,366.62,5.13,10,63,0.5523,0.4319,10,150,42,"[64, 146, 23, 131, 86, 89, 56, 22, 49, 10, 104, 135, 137, 30, 139, 2, 70, 144, 18, 37, 82, 65, 130, 148, 101, 73, 25, 28, 96, 45, 95, 114, 71, 126, 94, 41, 32, 140, 141, 35, 3, 103, 55, 0, 52, 40, 20, 138, 17, 100, 12, 42, 145, 51, 69, 90, 91, 107, 15, 97, 34, 63, 13, 112, 36, 124, 1, 53, 128, 60, 80, 121, 67, 115, 81, 54, 26, 134, 66, 149, 79, 57, 58, 31, 29, 68, 62, 7, 44, 84, 43, 16, 61, 129, 113, 127, 78, 136, 75, 14, 9, 111, 109, 117, 4, 8, 87, 133, 108, 39, 21, 47, 125, 105, 85, 116, 38, 11, 102, 76, 118, 92, 5, 143, 74, 110, 120, 27, 147, 142, 93, 19, 119, 83, 72, 122, 6, 106, 88, 99, 123, 46, 24, 48, 98, 33, 77, 50, 59, 132]"
Tai150b,6000,527250991,373.15,5.13,10,63,0.5523,0.4319,10,150,42,"[64, 50, 23, 131, 86, 89, 56, 22, 49, 10, 104, 135, 137, 30, 139, 2, 70, 144, 18, 37, 82, 65, 130, 148, 101, 73, 25, 28, 96, 45, 95, 114, 71, 126, 94, 41, 32, 140, 141, 35, 3, 103, 55, 0, 52, 40, 20, 138, 17, 100, 12, 42, 145, 51, 69, 113, 91, 107, 15, 97, 34, 63, 13, 112, 36, 124, 1, 53, 128, 60, 80, 121, 67, 115, 81, 54, 26, 134, 66, 149, 79, 57, 58, 31, 29, 68, 62, 7, 44, 84, 43, 16, 61, 129, 90, 127, 78, 136, 75, 14, 9, 111, 109, 117, 4, 8, 87, 39, 76, 133, 21, 47, 125, 105, 85, 116, 38, 11, 102, 108, 118, 92, 5, 143, 74, 110, 120, 27, 147, 142, 93, 19, 119, 83, 72, 122, 6, 106, 88, 99, 123, 46, 24, 48, 98, 33, 77, 146, 59, 132]"
Tai150b,6100,526740533,379.63,5.13,10,63,0.5523,0.4319,10,150,42,"[64, 50, 23, 131, 86, 89, 56, 22, 49, 10, 104, 135, 137, 30, 139, 2, 70, 144, 18, 37, 82, 65, 130, 148, 101, 73, 25, 28, 96, 45, 95, 114, 71, 126, 94, 41, 32, 140, 141, 35, 3, 103, 55, 0, 52, 40, 20, 138, 17, 100, 12, 42, 145, 51, 9, 113, 91, 107, 15, 97, 34, 63, 13, 112, 36, 124, 1, 53, 128, 60, 80, 121, 67, 115, 81, 54, 26, 134, 66, 149, 79, 57, 58, 31, 29, 68, 62, 7, 44, 84, 43, 16, 61, 129, 90, 127, 78, 136, 75, 14, 69, 111, 109, 117, 4, 8, 87, 39, 76, 133, 21, 47, 125, 105, 85, 116, 38, 11, 102, 108, 118, 92, 5, 143, 74, 77, 33, 27, 147, 142, 93, 120, 119, 83, 72, 122, 6, 106, 88, 99, 123, 46, 24, 48, 98, 19, 110, 146, 59, 132]"
Tai150b,6200,526713373,386.2,5.14,10,63,0.5523,0.4319,10,150,42,"[64, 50, 23, 131, 86, 89, 56, 22, 49, 135, 104, 10, 137, 30, 139, 2, 70, 144, 18, 37, 82, 65, 130, 148, 101, 73, 25, 28, 96, 45, 95, 114, 71, 126, 94, 41, 32, 140, 141, 35, 3, 55, 103, 0, 52, 40, 20, 138, 17, 100, 12, 42, 145, 51, 9, 113, 91, 107, 15, 97, 34, 63, 13, 112, 36, 124, 1, 53, 128, 60, 80, 121, 67, 115, 81, 54, 26, 134, 66, 149, 79, 57, 58, 31, 29, 68, 62, 7, 44, 84, 43, 16, 61, 129, 90, 127, 78, 136, 75, 14, 69, 111, 109, 117, 4, 8, 87, 39, 76, 133, 21, 47, 125, 105, 85, 116, 38, 11, 102, 108, 118, 92, 5, 143, 74, 77, 33, 27, 147, 142, 93, 120, 119, 83, 72, 122, 6, 106, 88, 99, 123, 46, 24, 48, 98, 19, 110, 146, 59, 132]"
Tai150b,6300,526586968,392.83,5.14,10,63,0.5523,0.4319,10,150,42,"[64, 50, 23, 49, 86, 89, 56, 22, 131, 135, 104, 10, 137, 30, 139, 2, 70, 144, 18, 37, 82, 65, 130, 148, 3, 73, 25, 28, 96, 45, 95, 114, 71, 126, 94, 41, 32, 140, 141, 35, 101, 55, 103, 0, 52, 40, 20, 138, 17, 100, 12, 42, 145, 51, 9, 113, 91, 107, 15, 97, 34, 63, 13, 112, 36, 124, 1, 53, 128, 60, 80, 121, 67, 115, 81, 54, 26, 134, 66, 149, 79, 58, 57, 31, 29, 68, 62, 7, 44, 84, 43, 16, 61, 129, 90, 127, 78, 136, 75, 14, 69, 111, 109, 117, 4, 8, 87, 39, 76, 133, 21, 47, 125, 105, 85, 116, 38, 11, 102, 108, 118, 92, 5, 143, 74, 77, 33, 27, 147, 142, 93, 120, 119, 83, 72, 122, 6, 106, 88, 99, 123, 46, 24, 59, 98, 19, 110, 146, 48, 132]"
Tai150b,6400,525857598,399.39,5.14,10,63,0.5523,0.4319,10,150,42,"[64, 50, 96, 49, 16, 89, 56, 22, 131, 135, 104, 10, 137, 30, 139, 2, 70, 144, 18, 37, 82, 65, 130, 148, 3, 73, 25, 28, 23, 45, 95, 114, 71, 126, 94, 41, 32, 140, 141, 35, 101, 55, 103, 0, 52, 40, 20, 138, 17, 100, 12, 42, 145, 113, 9, 51, 91, 107, 15, 97, 34, 63, 13, 112, 36, 124, 1, 53, 128, 60, 80, 121, 67, 115, 81, 54, 26, 134, 66, 149, 79, 58, 57, 31, 29, 68, 62, 7, 44, 84, 43, 86, 61, 129, 90, 127, 78, 136, 75, 14, 69, 111, 109, 117, 4, 8, 87, 39, 76, 133, 21, 47, 125, 105, 85, 116, 38, 11, 102, 108, 118, 92, 5, 143, 74, 119, 33, 27, 147, 142, 93, 120, 77, 83, 72, 122, 6, 106, 88, 99, 123, 46, 24, 132, 98, 19, 110, 146, 48, 59]"
Tai150b,6500,525844701,405.77,5.14,10,63,0.5523,0.4319,10,150,42,"[64, 50, 96, 49, 16, 89, 56, 22, 131, 135, 104, 10, 137, 30, 139, 2, 70, 144, 18, 37, 82, 65, 130, 148, 3, 73, 25, 28, 23, 45, 95, 114, 71, 126, 94, 41, 32, 140, 141, 35, 101, 55, 103, 0, 113, 40, 20, 138, 17, 100, 12, 42, 145, 52, 9, 51, 91, 107, 15, 97, 34, 63, 13, 112, 36, 124, 1, 53, 128, 60, 80, 121, 67, 115, 81, 54, 26, 134, 66, 149, 79, 58, 57, 31, 29, 68, 62, 7, 44, 84, 43, 86, 61, 129, 90, 127, 78, 136, 75, 14, 69, 111, 109, 117, 4, 8, 87, 39, 76, 133, 21, 47, 125, 105, 85, 116, 38, 11, 102, 108, 118, 92, 5, 143, 74, 119, 33, 27, 147, 142, 93, 120, 77, 83, 72, 122, 6, 106, 88, 99, 123, 46, 24, 132, 98, 19, 110, 146, 48, 59]"
Tai150b,6600,525809133,412.11,5.14,10,63,0.5523,0.4319,10,150,42,"[64, 50, 96, 22, 16, 89, 56, 49, 10, 135, 104, 131, 137, 30, 139, 2, 70, 144, 18, 37, 82, 65, 130, 148, 3, 73, 25, 28, 23, 45, 95, 114, 71, 126, 94, 41, 32, 140, 141, 35, 101, 55, 103, 0, 113, 40, 20, 138, 17, 100, 12, 42, 145, 52, 9, 51, 91, 107, 15, 97, 34, 63, 13, 112, 36, 124, 1, 53, 128, 60, 80, 121, 67, 115, 81, 54, 26, 134, 66, 149, 79, 58, 57, 31, 29, 68, 62, 7, 44, 84, 43, 86, 61, 129, 90, 127, 78, 136, 75, 14, 69, 111, 109, 117, 4, 8, 87, 39, 76, 133, 21, 47, 125, 105, 85, 116, 38, 11, 102, 108, 118, 92, 5, 143, 74, 119, 33, 27, 147, 142, 93, 120, 77, 83, 72, 122, 6, 106, 88, 99, 123, 46, 24, 132, 98, 19, 110, 146, 48, 59]"
Tai150b,100,606854675,418.57,5.53,10,63,0.5523,0.4319,10,150,42,"[46, 3, 10, 22, 117, 143, 95, 14, 136, 139, 87, 4, 127, 2, 96, 131, 75, 129, 82, 73, 93, 130, 19, 18, 56, 69, 132, 15, 102, 55, 122, 30, 24, 114, 17, 28, 31, 11, 81, 119, 99, 140, 111, 39, 76, 98, 80, 74, 118, 109, 61, 78, 83, 70, 0, 103, 86, 44, 36, 21, 42, 137, 125, 26, 33, 126, 35, 48, 112, 53, 45, 60, 54, 88, 108, 144, 94, 32, 116, 38, 16, 29, 68, 7, 110, 134, 71, 58, 84, 47, 97, 62, 92, 67, 5, 23, 9, 104, 37, 89, 6, 63, 40, 135, 128, 105, 20, 133, 66, 13, 1, 52, 138, 59, 8, 12, 27, 141, 65, 79, 34, 113, 57, 64, 142, 120, 51, 43, 49, 124, 148, 85, 77, 100, 106, 115, 91, 25, 101, 50, 145, 41, 72, 121, 123, 107, 90, 146, 147, 149]"
Tai150b,200,596318864,425.05,6.78,10,63,0.5523,0.4319,10,150,42,"[46, 3, 10, 22, 122, 143, 95, 14, 136, 2, 87, 56, 145, 131, 96, 139, 75, 129, 82, 25, 93, 130, 19, 18, 4, 69, 132, 15, 123, 55, 117, 30, 33, 114, 17, 28, 98, 11, 38, 119, 99, 140, 134, 39, 76, 31, 116, 74, 118, 135, 61, 78, 83, 70, 0, 103, 86, 44, 36, 21, 1, 137, 125, 26, 100, 126, 35, 48, 112, 81, 120, 60, 54, 88, 108, 144, 94, 32, 80, 142, 16, 29, 68, 7, 110, 24, 53, 58, 84, 47, 97, 62, 49, 67, 5, 23, 9, 104, 37, 89, 6, 63, 40, 109, 128, 105, 20, 133, 66, 13, 42, 52, 138, 59, 8, 12, 79, 141, 65, 27, 34, 113, 57, 64, 71, 45, 51, 43, 92, 124, 148, 107, 115, 111, 106, 77, 91, 73, 101, 50, 127, 41, 72, 121, 102, 85, 90, 146, 147, 149]"
Tai150b,300,590089121,431.36,6.74,10,63,0.5523,0.4319,10,150,42,"[46, 85, 10, 70, 122, 143, 95, 14, 136, 131, 87, 56, 37, 2, 96, 139, 75, 129, 82, 126, 6, 130, 19, 18, 4, 69, 50, 15, 123, 55, 117, 30, 48, 114, 17, 28, 98, 11, 38, 119, 99, 140, 134, 39, 76, 31, 116, 74, 118, 135, 61, 78, 83, 22, 0, 103, 86, 44, 41, 21, 1, 137, 125, 26, 100, 72, 27, 33, 112, 81, 120, 60, 54, 88, 115, 144, 94, 32, 80, 142, 16, 29, 68, 7, 110, 24, 53, 58, 84, 47, 132, 62, 49, 67, 5, 23, 9, 104, 145, 89, 93, 63, 40, 109, 128, 105, 20, 133, 66, 13, 42, 52, 138, 59, 8, 12, 79, 124, 65, 71, 34, 113, 148, 64, 35, 147, 51, 43, 92, 141, 57, 107, 108, 111, 106, 77, 91, 73, 101, 97, 127, 36, 25, 121, 102, 3, 90, 146, 45, 149]"
Tai150b,400,582530191,437.69,6.74,10,63,0.5523,0.4319,10,150,42,"[66, 110, 10, 70, 122, 137, 95, 130, 136, 131, 87, 56, 37, 2, 96, 139, 75, 129, 50, 115, 6, 104, 41, 18, 4, 126, 82, 15, 123, 55, 117, 30, 140, 114, 17, 28, 98, 39, 38, 119, 99, 47, 134, 11, 76, 89, 116, 23, 118, 135, 61, 78, 83, 22, 0, 103, 86, 44, 19, 21, 1, 143, 57, 26, 100, 72, 27, 33, 112, 81, 120, 60, 54, 88, 14, 144, 3, 106, 80, 142, 16, 29, 68, 7, 85, 24, 53, 58, 84, 48, 132, 62, 49, 67, 5, 74, 9, 69, 145, 31, 93, 63, 40, 109, 52, 105, 20, 133, 46, 13, 42, 128, 138, 59, 8, 12, 79, 124, 65, 71, 34, 113, 148, 64, 35, 147, 51, 77, 92, 141, 125, 107, 108, 111, 32, 43, 91, 36, 101, 97, 127, 73, 25, 121, 102, 94, 90, 146, 45, 149]"
Tai150b,500,579286655,443.95,6.74,10,63,0.5523,0.4319,10,150,42,"[66, 110, 2, 70, 122, 137, 95, 130, 131, 136, 87, 56, 37, 10, 96, 139, 75, 129, 50, 115, 6, 104, 41, 18, 4, 126, 82, 15, 123, 55, 117, 30, 140, 114, 17, 28, 98, 86, 38, 119, 99, 47, 134, 45, 63, 89, 116, 23, 118, 135, 61, 14, 83, 22, 0, 103, 39, 44, 19, 21, 1, 143, 57, 26, 100, 72, 27, 33, 112, 81, 120, 60, 91, 88, 78, 43, 3, 106, 80, 142, 16, 29, 84, 7, 85, 24, 53, 35, 68, 48, 62, 132, 49, 67, 5, 74, 9, 69, 145, 31, 93, 76, 40, 109, 52, 105, 20, 133, 46, 13, 42, 128, 138, 8, 59, 12, 79, 124, 65, 71, 34, 113, 148, 64, 58, 147, 51, 77, 92, 141, 125, 107, 108, 111, 73, 144, 54, 36, 101, 97, 127, 32, 25, 121, 102, 94, 90, 146, 11, 149]"
Tai150b,600,573038137,450.55,6.74,10,63,0.5523,0.4319,10,150,42,"[66, 126, 2, 70, 122, 137, 95, 130, 99, 127, 87, 56, 37, 10, 96, 139, 75, 15, 50, 115, 6, 41, 104, 30, 4, 110, 82, 129, 123, 55, 117, 18, 140, 89, 17, 28, 98, 86, 38, 119, 131, 47, 134, 45, 63, 114, 116, 23, 118, 135, 61, 14, 83, 22, 144, 103, 39, 44, 19, 21, 1, 143, 11, 26, 100, 72, 27, 33, 112, 81, 120, 60, 59, 88, 78, 43, 3, 106, 80, 142, 16, 29, 84, 7, 85, 24, 53, 35, 68, 48, 62, 132, 49, 67, 5, 74, 31, 69, 145, 9, 93, 76, 40, 109, 52, 105, 20, 133, 46, 13, 42, 128, 138, 8, 97, 12, 148, 124, 65, 71, 34, 101, 79, 64, 58, 147, 51, 77, 92, 141, 125, 107, 108, 111, 73, 0, 54, 36, 113, 91, 136, 32, 25, 121, 102, 94, 90, 146, 57, 149]"
Tai150b,700,568711041,456.83,6.74,10,63,0.5523,0.4319,10,150,42,"[66, 126, 2, 70, 122, 137, 95, 130, 99, 127, 87, 56, 37, 10, 96, 139, 75, 15, 50, 115, 6, 41, 104, 30, 4, 110, 82, 129, 123, 55, 117, 18, 140, 89, 17, 28, 98, 86, 38, 119, 131, 47, 80, 147, 63, 114, 135, 23, 118, 116, 61, 14, 83, 22, 144, 103, 39, 44, 64, 21, 1, 143, 11, 26, 100, 72, 27, 33, 12, 81, 120, 60, 59, 88, 78, 3, 43, 106, 134, 142, 16, 29, 84, 7, 85, 132, 53, 35, 68, 48, 62, 24, 49, 67, 36, 74, 40, 69, 145, 9, 93, 45, 31, 109, 52, 105, 20, 133, 46, 13, 42, 128, 138, 8, 97, 112, 148, 124, 65, 71, 34, 101, 79, 19, 58, 76, 51, 77, 92, 141, 125, 107, 108, 111, 73, 0, 54, 5, 113, 91, 136, 32, 25, 121, 102, 94, 90, 146, 57, 149]"
Tai150b,800,566014655,463.34,6.74,10,63,0.5523,0.4319,10,150,42,"[66, 126, 2, 70, 122, 137, 139, 130, 99, 127, 87, 56, 37, 10, 96, 95, 75, 15, 50, 115, 6, 41, 104, 30, 93, 110, 82, 129, 123, 19, 117, 18, 140, 89, 17, 28, 98, 86, 38, 119, 131, 47, 80, 59, 63, 114, 135, 23, 118, 144, 61, 14, 83, 22, 116, 103, 39, 44, 12, 21, 1, 143, 11, 5, 100, 72, 27, 33, 64, 81, 120, 60, 147, 88, 0, 3, 43, 106, 134, 142, 16, 29, 48, 7, 85, 132, 53, 35, 68, 84, 62, 24, 49, 67, 36, 74, 40, 69, 145, 9, 4, 45, 31, 109, 52, 105, 20, 133, 46, 13, 138, 128, 42, 8, 97, 112, 148, 124, 65, 71, 34, 101, 79, 57, 58, 76, 51, 77, 92, 141, 125, 107, 108, 111, 73, 78, 54, 26, 113, 91, 136, 32, 25, 121, 102, 94, 90, 146, 55, 149]"
Tai150b,900,561401784,469.77,6.74,10,63,0.5523,0.4319,10,150,42,"[66, 126, 2, 70, 122, 137, 139, 130, 99, 127, 87, 56, 37, 10, 96, 95, 75, 98, 68, 115, 6, 41, 104, 30, 93, 110, 82, 129, 123, 19, 117, 18, 140, 89, 17, 28, 15, 86, 38, 119, 131, 47, 80, 59, 63, 114, 135, 23, 118, 144, 61, 14, 83, 22, 116, 54, 39, 44, 36, 21, 1, 143, 11, 64, 100, 72, 27, 33, 5, 81, 120, 60, 147, 88, 0, 32, 43, 106, 134, 142, 16, 29, 48, 7, 85, 146, 53, 35, 50, 84, 62, 24, 49, 67, 73, 74, 40, 69, 145, 9, 4, 45, 31, 109, 52, 105, 20, 133, 46, 13, 138, 128, 42, 8, 97, 112, 148, 124, 65, 71, 34, 101, 79, 57, 58, 76, 51, 77, 92, 141, 125, 107, 108, 103, 12, 78, 111, 26, 113, 91, 136, 3, 25, 121, 102, 94, 90, 132, 55, 149]"
Tai150b,1000,557902655,476.25,6.74,10,63,0.5523,0.4319,10,150,42,"[66, 126, 2, 70, 122, 137, 139, 130, 99, 68, 19, 56, 37, 10, 96, 95, 75, 98, 127, 115, 6, 41, 104, 30, 93, 110, 82, 129, 123, 87, 117, 18, 140, 89, 17, 28, 15, 86, 38, 119, 131, 47, 80, 59, 1, 14, 135, 23, 118, 144, 61, 114, 83, 73, 116, 54, 39, 44, 36, 21, 63, 143, 11, 64, 100, 72, 27, 33, 5, 81, 120, 60, 147, 88, 0, 32, 43, 106, 134, 142, 16, 29, 48, 7, 35, 146, 53, 85, 50, 84, 62, 24, 49, 67, 22, 74, 40, 69, 145, 9, 101, 45, 31, 109, 52, 65, 20, 133, 46, 13, 138, 128, 42, 8, 97, 112, 148, 124, 105, 71, 34, 4, 79, 57, 26, 76, 51, 77, 92, 141, 125, 107, 108, 103, 58, 78, 111, 12, 113, 91, 136, 3, 25, 121, 102, 94, 90, 132, 55, 149]"
Tai150b,1100,556160064,482.87,6.74,10,63,0.5523,0.4319,10,150,42,"[66, 126, 2, 70, 122, 137, 139, 130, 99, 68, 19, 56, 37, 10, 96, 95, 75, 98, 127, 115, 86, 23, 104, 30, 93, 110, 82, 129, 123, 87, 117, 18, 140, 105, 17, 28, 15, 6, 38, 119, 131, 47, 80, 59, 1, 14, 135, 41, 118, 144, 61, 25, 83, 73, 116, 54, 39, 44, 36, 21, 63, 143, 74, 64, 100, 72, 27, 33, 5, 81, 120, 60, 147, 88, 0, 32, 43, 106, 134, 142, 16, 29, 48, 7, 35, 146, 53, 85, 50, 84, 62, 24, 49, 67, 22, 11, 40, 69, 145, 9, 101, 45, 31, 109, 52, 65, 20, 133, 46, 13, 138, 128, 42, 8, 97, 112, 148, 124, 89, 71, 34, 4, 79, 57, 26, 76, 51, 77, 92, 141, 107, 125, 108, 103, 58, 78, 111, 12, 113, 91, 136, 3, 114, 121, 102, 94, 90, 132, 55, 149]"
Tai150b,1200,553274284,489.36,6.74,10,63,0.5523,0.4319,10,150,42,"[66, 126, 2, 70, 68, 137, 139, 95, 99, 84, 19, 56, 37, 10, 96, 130, 75, 98, 127, 115, 86, 23, 104, 30, 93, 110, 53, 129, 123, 87, 117, 89, 140, 105, 17, 28, 15, 6, 38, 119, 131, 47, 80, 59, 1, 14, 135, 41, 118, 144, 61, 25, 83, 73, 116, 54, 39, 44, 36, 21, 63, 143, 74, 64, 100, 72, 27, 33, 5, 81, 120, 60, 147, 88, 0, 32, 43, 106, 142, 134, 16, 29, 114, 7, 35, 146, 82, 85, 50, 122, 62, 24, 49, 67, 22, 11, 40, 69, 145, 9, 101, 45, 31, 109, 52, 65, 20, 133, 46, 13, 148, 128, 42, 8, 97, 112, 138, 124, 18, 71, 34, 4, 79, 57, 26, 76, 51, 77, 92, 141, 107, 125, 108, 103, 58, 78, 111, 12, 113, 91, 136, 3, 48, 121, 102, 94, 90, 132, 55, 149]"
Tai150b,1300,551192967,495.69,6.74,10,63,0.5523,0.4319,10,150,42,"[51, 126, 2, 70, 68, 137, 139, 95, 99, 84, 19, 56, 37, 10, 96, 140, 75, 98, 127, 115, 86, 23, 104, 131, 93, 110, 53, 129, 123, 87, 116, 89, 130, 105, 17, 28, 15, 38, 6, 119, 30, 47, 80, 59, 1, 14, 135, 41, 118, 144, 61, 25, 83, 73, 117, 54, 21, 44, 36, 39, 63, 143, 74, 64, 100, 72, 27, 33, 5, 81, 120, 60, 147, 88, 0, 32, 43, 106, 142, 134, 16, 29, 114, 7, 35, 146, 82, 85, 50, 122, 62, 24, 49, 67, 22, 11, 40, 69, 145, 9, 101, 45, 31, 109, 52, 65, 20, 133, 46, 13, 148, 128, 42, 8, 97, 112, 138, 124, 18, 71, 34, 4, 79, 57, 26, 76, 66, 77, 92, 141, 107, 125, 108, 103, 58, 78, 111, 12, 113, 91, 136, 3, 48, 121, 102, 94, 90, 132, 55, 149]"
Tai150b,1400,550252707,502.29,6.93,10,63,0.5523,0.4319,10,150,42,"[51, 126, 2, 70, 68, 137, 139, 95, 99, 84, 106, 56, 37, 10, 96, 140, 75, 19, 127, 115, 86, 23, 104, 131, 93, 110, 53, 129, 123, 87, 116, 89, 130, 105, 17, 28, 15, 38, 6, 119, 30, 47, 80, 59, 1, 14, 135, 41, 118, 144, 61, 54, 83, 73, 117, 25, 21, 44, 36, 39, 42, 143, 74, 64, 100, 27, 72, 33, 5, 81, 120, 60, 147, 88, 0, 32, 43, 98, 142, 134, 16, 29, 114, 7, 35, 146, 82, 85, 50, 122, 62, 24, 49, 67, 22, 11, 40, 109, 145, 9, 101, 45, 31, 69, 52, 65, 20, 133, 46, 13, 148, 128, 63, 8, 97, 112, 138, 124, 18, 71, 34, 4, 79, 57, 26, 76, 66, 77, 92, 141, 107, 125, 108, 103, 58, 78, 111, 12, 113, 91, 136, 3, 48, 121, 102, 94, 90, 132, 55, 149]"
Tai150b,1500,549218129,508.92,6.93,10,63,0.5523,0.4319,10,150,42,"[51, 126, 2, 70, 68, 131, 139, 95, 99, 84, 106, 56, 37, 10, 96, 140, 75, 19, 127, 89, 86, 23, 104, 137, 93, 110, 53, 129, 123, 87, 116, 115, 130, 105, 39, 28, 15, 38, 6, 119, 30, 47, 80, 59, 1, 14, 135, 41, 118, 144, 61, 54, 83, 117, 73, 25, 21, 44, 36, 17, 42, 143, 74, 64, 100, 27, 72, 33, 5, 81, 120, 60, 147, 88, 0, 32, 85, 98, 142, 134, 16, 29, 114, 7, 35, 146, 82, 43, 50, 122, 62, 24, 109, 67, 22, 11, 40, 49, 145, 9, 101, 45, 31, 69, 52, 65, 20, 133, 46, 13, 148, 128, 63, 8, 97, 112, 138, 124, 71, 18, 34, 4, 79, 57, 26, 76, 66, 77, 92, 141, 107, 125, 108, 103, 58, 78, 111, 12, 113, 91, 136, 3, 48, 121, 102, 94, 90, 132, 55, 149]"
Tai150b,1600,548517739,515.23,6.93,10,63,0.5523,0.4319,10,150,42,"[51, 126, 116, 70, 68, 131, 139, 95, 99, 84, 106, 56, 37, 10, 96, 140, 75, 19, 127, 89, 86, 23, 104, 137, 93, 110, 53, 129, 123, 28, 2, 115, 130, 105, 39, 87, 15, 38, 6, 119, 30, 47, 80, 59, 1, 14, 135, 41, 118, 144, 61, 54, 83, 117, 73, 25, 21, 44, 36, 65, 42, 143, 138, 64, 100, 27, 72, 33, 5, 81, 120, 60, 147, 88, 0, 32, 85, 98, 142, 58, 16, 29, 114, 7, 35, 146, 82, 43, 50, 122, 62, 24, 109, 67, 22, 11, 40, 49, 145, 9, 101, 45, 31, 69, 52, 20, 17, 133, 46, 13, 148, 128, 63, 8, 97, 112, 74, 124, 71, 18, 34, 4, 79, 57, 26, 76, 66, 77, 108, 141, 107, 125, 92, 103, 134, 78, 111, 12, 113, 91, 136, 3, 48, 121, 102, 94, 90, 132, 55, 149]"
Tai150b,1700,544967447,521.19,6.18,10,63,0.5523,0.4319,10,150,42,"[51, 126, 116, 70, 68, 131, 139, 95, 43, 99, 106, 56, 37, 10, 19, 110, 75, 96, 127, 89, 86, 23, 84, 137, 93, 140, 53, 129, 123, 28, 2, 115, 130, 105, 39, 87, 15, 133, 6, 119, 30, 47, 80, 59, 1, 14, 135, 41, 118, 144, 61, 54, 117, 83, 73, 12, 21, 44, 36, 65, 42, 143, 138, 64, 100, 27, 72, 33, 5, 81, 147, 60, 120, 88, 0, 32, 85, 98, 104, 58, 16, 29, 114, 7, 35, 146, 82, 142, 50, 122, 62, 24, 109, 67, 22, 11, 40, 136, 145, 9, 101, 45, 31, 69, 52, 20, 17, 38, 46, 13, 148, 128, 63, 8, 97, 112, 74, 124, 71, 18, 34, 4, 79, 57, 26, 76, 66, 77, 108, 141, 107, 125, 92, 103, 134, 78, 111, 25, 113, 91, 49, 3, 48, 121, 102, 94, 90, 132, 55, 149]"
Tai150b,1800,543185518,527.37,5.63,10,63,0.5523,0.4319,10,150,42,"[51, 126, 116, 70, 68, 139, 131, 95, 43, 99, 106, 56, 37, 10, 19, 23, 75, 96, 127, 89, 86, 110, 84, 137, 93, 140, 53, 129, 123, 28, 2, 115, 130, 133, 39, 87, 15, 105, 6, 119, 30, 47, 80, 59, 1, 14, 41, 135, 118, 144, 61, 54, 117, 83, 73, 12, 21, 44, 36, 65, 42, 143, 138, 64, 100, 148, 72, 33, 5, 81, 147, 60, 120, 88, 0, 32, 57, 98, 104, 58, 16, 29, 114, 7, 35, 146, 82, 142, 50, 122, 62, 24, 109, 67, 22, 11, 40, 136, 145, 9, 101, 45, 31, 69, 52, 20, 17, 38, 46, 13, 27, 128, 63, 8, 71, 112, 74, 124, 97, 18, 34, 4, 79, 121, 26, 76, 66, 77, 108, 141, 107, 125, 92, 103, 134, 78, 111, 25, 113, 91, 49, 3, 48, 85, 102, 94, 90, 132, 55, 149]"
Tai150b,1900,542130032,533.23,5.66,10,63,0.5523,0.4319,10,150,42,"[51, 126, 116, 70, 56, 139, 131, 95, 43, 99, 106, 68, 37, 10, 19, 23, 75, 96, 127, 89, 86, 110, 84, 137, 93, 140, 53, 129, 123, 28, 2, 115, 130, 133, 39, 87, 15, 105, 6, 119, 30, 47, 80, 59, 1, 14, 41, 135, 118, 144, 61, 54, 117, 83, 73, 12, 21, 7, 36, 65, 42, 143, 138, 64, 100, 148, 72, 33, 5, 81, 147, 60, 120, 88, 0, 32, 57, 98, 104, 58, 16, 29, 114, 82, 35, 146, 44, 142, 50, 122, 62, 24, 109, 67, 40, 11, 22, 136, 145, 9, 101, 45, 31, 69, 52, 20, 17, 38, 46, 13, 97, 74, 63, 8, 71, 112, 128, 124, 27, 18, 34, 4, 79, 121, 26, 3, 66, 77, 108, 141, 107, 111, 92, 103, 134, 78, 125, 25, 113, 91, 49, 76, 48, 85, 102, 94, 90, 132, 55, 149]"
Tai150b,2000,541567227,539.26,5.29,10,63,0.5523,0.4319,10,150,42,"[51, 126, 116, 70, 56, 139, 131, 95, 43, 99, 106, 68, 37, 10, 19, 140, 75, 96, 127, 89, 86, 130, 84, 137, 93, 23, 53, 129, 123, 28, 2, 115, 110, 133, 39, 87, 15, 105, 6, 119, 30, 47, 80, 59, 1, 14, 69, 135, 118, 144, 61, 54, 117, 83, 73, 12, 21, 7, 36, 65, 42, 143, 138, 64, 100, 148, 72, 33, 5, 81, 147, 60, 120, 88, 0, 32, 57, 98, 104, 58, 44, 29, 114, 82, 35, 146, 16, 142, 50, 122, 62, 24, 109, 67, 40, 11, 9, 136, 145, 22, 101, 45, 31, 41, 52, 20, 17, 38, 46, 13, 97, 74, 63, 8, 71, 112, 128, 124, 27, 18, 4, 34, 79, 121, 26, 3, 66, 77, 108, 141, 107, 111, 92, 103, 134, 78, 125, 25, 113, 91, 49, 76, 48, 85, 102, 94, 90, 132, 55, 149]"
Tai150b,2100,539961579,544.86,5.29,10,63,0.5523,0.4319,10,150,42,"[51, 126, 116, 70, 56, 139, 131, 95, 43, 99, 106, 68, 37, 10, 19, 140, 75, 96, 127, 89, 86, 130, 84, 137, 93, 30, 53, 129, 123, 28, 2, 115, 110, 133, 39, 87, 15, 105, 6, 119, 23, 47, 80, 59, 1, 14, 69, 135, 118, 144, 61, 4, 117, 83, 73, 12, 21, 7, 36, 65, 42, 143, 138, 64, 100, 148, 72, 33, 5, 81, 147, 60, 120, 88, 108, 32, 57, 98, 104, 58, 44, 29, 114, 82, 35, 146, 16, 142, 50, 122, 62, 24, 109, 67, 40, 11, 9, 136, 145, 22, 101, 45, 31, 41, 52, 20, 17, 38, 46, 13, 97, 74, 63, 8, 71, 112, 128, 124, 27, 18, 54, 34, 79, 121, 26, 3, 66, 77, 0, 141, 107, 111, 92, 103, 134, 78, 125, 25, 113, 91, 49, 76, 48, 85, 102, 94, 90, 132, 55, 149]"
Tai150b,2200,538847185,551.19,5.3,10,63,0.5523,0.4319,10,150,42,"[51, 126, 116, 70, 56, 139, 131, 95, 43, 99, 106, 68, 37, 10, 19, 140, 75, 96, 127, 89, 86, 137, 84, 130, 93, 30, 53, 129, 123, 28, 2, 115, 110, 133, 39, 87, 15, 105, 6, 119, 23, 47, 80, 59, 1, 14, 69, 135, 118, 144, 61, 4, 117, 83, 73, 12, 21, 7, 36, 65, 5, 143, 138, 64, 100, 148, 72, 33, 42, 81, 147, 60, 120, 88, 108, 32, 57, 98, 104, 58, 44, 29, 114, 82, 35, 146, 16, 142, 50, 122, 62, 24, 109, 67, 40, 11, 9, 136, 145, 22, 101, 45, 31, 41, 52, 20, 17, 38, 46, 13, 97, 74, 63, 8, 71, 112, 128, 124, 27, 18, 54, 34, 78, 90, 26, 3, 66, 77, 0, 141, 107, 111, 92, 103, 134, 79, 125, 25, 113, 91, 49, 76, 48, 85, 102, 94, 121, 132, 55, 149]"
Tai150b,2300,538561119,557.48,5.31,10,63,0.5523,0.4319,10,150,42,"[51, 126, 116, 70, 56, 139, 131, 95, 43, 99, 106, 68, 37, 10, 19, 140, 84, 96, 127, 89, 86, 137, 75, 130, 93, 30, 53, 129, 123, 28, 2, 115, 110, 133, 80, 87, 15, 105, 6, 119, 23, 47, 39, 4, 1, 14, 69, 135, 118, 144, 61, 59, 117, 83, 73, 12, 21, 7, 36, 65, 5, 143, 42, 64, 100, 148, 72, 33, 138, 81, 147, 60, 120, 88, 108, 32, 57, 98, 104, 58, 44, 29, 114, 82, 35, 146, 16, 142, 50, 122, 62, 24, 109, 67, 40, 11, 9, 136, 145, 22, 101, 45, 31, 41, 52, 20, 17, 38, 46, 13, 63, 74, 97, 8, 71, 112, 128, 124, 27, 18, 54, 34, 78, 90, 26, 3, 66, 77, 0, 141, 107, 111, 92, 103, 134, 79, 125, 25, 113, 91, 49, 76, 48, 85, 102, 94, 121, 132, 55, 149]"
Tai150b,2400,537811729,563.43,5.32,10,63,0.5523,0.4319,10,150,42,"[51, 126, 116, 70, 131, 139, 56, 95, 43, 99, 106, 68, 37, 10, 19, 140, 84, 96, 127, 89, 28, 137, 75, 130, 93, 30, 53, 129, 123, 86, 2, 115, 110, 1, 80, 87, 15, 105, 6, 119, 23, 47, 67, 4, 133, 14, 69, 135, 118, 125, 61, 59, 117, 83, 73, 12, 21, 7, 36, 65, 5, 143, 42, 64, 100, 148, 72, 33, 138, 81, 147, 60, 120, 88, 108, 32, 57, 98, 104, 58, 44, 29, 114, 82, 35, 146, 16, 142, 50, 122, 62, 24, 109, 39, 40, 11, 9, 136, 145, 22, 101, 45, 31, 41, 52, 20, 17, 38, 46, 13, 63, 74, 97, 8, 71, 112, 128, 124, 27, 18, 54, 34, 78, 92, 26, 3, 66, 77, 0, 141, 107, 111, 90, 103, 132, 79, 144, 25, 113, 91, 49, 76, 48, 85, 102, 94, 121, 134, 55, 149]"
Tai150b,2500,537348128,569.73,5.32,10,63,0.5523,0.4319,10,150,42,"[51, 126, 116, 70, 131, 139, 56, 95, 43, 99, 106, 68, 37, 10, 19, 140, 84, 96, 127, 89, 28, 137, 75, 53, 93, 30, 130, 129, 123, 86, 2, 115, 110, 1, 80, 87, 15, 105, 6, 119, 23, 47, 67, 4, 133, 14, 69, 135, 118, 125, 61, 59, 117, 83, 73, 12, 21, 7, 36, 65, 5, 143, 42, 64, 100, 148, 72, 33, 138, 81, 147, 60, 120, 74, 108, 32, 29, 98, 104, 58, 44, 57, 114, 82, 35, 146, 16, 142, 50, 122, 62, 24, 109, 39, 40, 11, 9, 136, 145, 22, 101, 45, 31, 41, 52, 20, 17, 38, 46, 13, 63, 88, 97, 8, 71, 112, 128, 124, 27, 18, 54, 34, 78, 92, 26, 3, 66, 77, 0, 141, 111, 107, 90, 103, 132, 79, 144, 25, 113, 91, 49, 76, 48, 85, 102, 94, 121, 134, 55, 149]"
Tai150b,2600,536191590,576.13,5.32,10,63,0.5523,0.4319,10,150,42,"[51, 126, 116, 70, 131, 139, 56, 95, 43, 99, 106, 68, 37, 10, 19, 121, 84, 96, 127, 89, 28, 137, 75, 53, 93, 144, 130, 129, 123, 86, 2, 115, 110, 1, 80, 87, 15, 105, 6, 119, 23, 47, 67, 4, 133, 14, 69, 135, 118, 125, 61, 59, 117, 83, 73, 12, 21, 7, 36, 65, 143, 5, 42, 64, 100, 148, 72, 33, 138, 81, 147, 60, 120, 74, 108, 32, 29, 98, 104, 58, 44, 57, 114, 82, 35, 146, 16, 142, 50, 122, 62, 24, 109, 39, 40, 11, 9, 136, 145, 22, 101, 45, 31, 41, 52, 20, 17, 38, 128, 13, 63, 88, 97, 8, 71, 112, 46, 124, 27, 18, 54, 34, 78, 92, 26, 3, 66, 77, 0, 141, 111, 107, 90, 103, 132, 79, 30, 25, 113, 91, 49, 76, 48, 85, 102, 94, 140, 134, 55, 149]"
Tai150b,2700,535998167,581.91,5.33,10,63,0.5523,0.4319,10,150,42,"[51, 126, 116, 43, 131, 139, 56, 95, 70, 99, 106, 68, 37, 10, 19, 121, 84, 96, 127, 89, 28, 137, 75, 53, 93, 144, 130, 129, 123, 86, 2, 115, 110, 1, 80, 87, 15, 105, 6, 119, 23, 47, 67, 4, 133, 14, 69, 135, 60, 125, 61, 59, 117, 83, 73, 12, 21, 7, 36, 65, 143, 5, 42, 64, 100, 148, 72, 33, 138, 81, 147, 118, 120, 74, 108, 32, 29, 98, 104, 58, 44, 57, 114, 82, 35, 146, 16, 142, 50, 122, 62, 24, 109, 39, 40, 11, 9, 136, 145, 22, 101, 45, 3, 41, 52, 20, 17, 38, 128, 13, 63, 88, 97, 8, 71, 112, 46, 124, 27, 18, 54, 34, 78, 92, 26, 31, 66, 77, 0, 141, 111, 107, 90, 103, 132, 79, 30, 25, 113, 91, 49, 102, 48, 85, 76, 94, 140, 134, 55, 149]"
Tai150b,2800,535365333,587.63,5.33,10,63,0.5523,0.4319,10,150,42,"[51, 126, 116, 43, 99, 139, 56, 95, 70, 131, 106, 68, 37, 121, 19, 10, 84, 96, 130, 89, 28, 137, 75, 53, 49, 144, 127, 129, 123, 86, 2, 115, 110, 1, 80, 87, 15, 105, 6, 119, 23, 47, 67, 4, 133, 14, 69, 135, 90, 125, 61, 59, 117, 83, 73, 12, 45, 7, 36, 65, 143, 5, 42, 64, 100, 148, 72, 33, 138, 81, 147, 88, 120, 74, 108, 30, 29, 98, 104, 58, 44, 57, 114, 82, 35, 146, 16, 142, 50, 122, 62, 24, 109, 39, 9, 11, 40, 136, 145, 22, 101, 21, 3, 41, 52, 20, 17, 38, 128, 13, 63, 118, 97, 8, 71, 112, 46, 124, 27, 18, 54, 34, 78, 92, 26, 31, 66, 77, 0, 141, 111, 107, 60, 103, 132, 79, 32, 25, 113, 91, 93, 102, 48, 85, 76, 94, 140, 134, 55, 149]"
Tai150b,2900,534993104,593.35,5.33,10,63,0.5523,0.4319,10,150,42,"[51, 126, 116, 43, 99, 139, 56, 95, 70, 131, 106, 68, 37, 84, 19, 10, 121, 96, 130, 89, 115, 137, 93, 53, 49, 144, 127, 129, 123, 86, 2, 28, 110, 1, 80, 87, 15, 105, 6, 119, 23, 47, 67, 4, 133, 61, 69, 135, 90, 125, 14, 59, 117, 83, 73, 12, 45, 7, 36, 65, 143, 5, 42, 64, 100, 148, 72, 33, 138, 81, 147, 88, 120, 74, 108, 30, 29, 98, 104, 58, 44, 57, 114, 82, 35, 146, 16, 142, 50, 122, 62, 24, 109, 39, 9, 11, 40, 136, 145, 22, 101, 21, 3, 41, 52, 20, 17, 38, 128, 13, 63, 118, 97, 8, 71, 112, 46, 124, 27, 18, 54, 66, 78, 92, 26, 31, 34, 77, 0, 141, 111, 107, 60, 103, 132, 79, 32, 25, 113, 91, 75, 102, 48, 85, 76, 94, 140, 134, 55, 149]"
Tai150b,3000,534806418,599.51,5.33,10,63,0.5523,0.4319,10,150,42,"[51, 126, 116, 43, 99, 139, 56, 95, 70, 131, 19, 68, 37, 84, 106, 10, 121, 96, 130, 89, 115, 137, 93, 53, 49, 144, 127, 129, 123, 86, 2, 28, 110, 1, 80, 87, 15, 105, 6, 119, 23, 47, 67, 4, 133, 61, 69, 135, 90, 125, 14, 59, 117, 83, 73, 12, 45, 7, 36, 65, 143, 5, 42, 64, 100, 148, 72, 33, 138, 81, 147, 88, 120, 74, 54, 30, 29, 98, 104, 58, 44, 57, 114, 82, 35, 146, 16, 142, 50, 122, 62, 24, 109, 39, 9, 11, 40, 136, 145, 22, 101, 21, 3, 41, 52, 20, 17, 38, 128, 13, 63, 118, 97, 8, 71, 112, 46, 124, 27, 18, 108, 66, 78, 92, 26, 31, 34, 77, 0, 141, 111, 107, 60, 103, 132, 79, 32, 25, 113, 91, 75, 102, 48, 85, 76, 94, 140, 134, 55, 149]"
