Tho150,100,9476964,3.98,19.49,10,63,0.5523,0.4319,10,150,42,"[27, 55, 121, 63, 15, 31, 73, 8, 59, 123, 2, 58, 105, 17, 11, 3, 9, 87, 60, 30, 10, 29, 79, 110, 120, 126, 131, 28, 113, 149, 78, 16, 75, 25, 24, 42, 82, 1, 139, 92, 76, 37, 4, 122, 86, 39, 98, 95, 64, 61, 106, 90, 99, 13, 144, 32, 40, 0, 26, 38, 80, 84, 74, 20, 147, 109, 108, 72, 12, 18, 143, 103, 107, 91, 141, 115, 46, 146, 138, 51, 118, 97, 127, 57, 116, 56, 52, 130, 19, 45, 133, 36, 81, 53, 148, 69, 94, 101, 68, 67, 54, 50, 7, 140, 5, 124, 33, 34, 104, 137, 71, 6, 43, 85, 49, 142, 47, 132, 93, 70, 88, 129, 111, 83, 100, 135, 128, 96, 89, 134, 77, 114, 22, 23, 14, 136, 35, 125, 66, 48, 62, 65, 145, 119, 112, 117, 102, 41, 44, 21]"
Tho150,200,9335782,5.93,19.53,10,63,0.5523,0.4319,10,150,42,"[27, 55, 121, 63, 15, 31, 73, 8, 59, 123, 2, 58, 106, 17, 11, 3, 9, 87, 60, 30, 10, 29, 109, 110, 120, 126, 144, 28, 113, 149, 78, 82, 84, 25, 24, 42, 16, 1, 40, 92, 76, 37, 4, 122, 86, 44, 98, 95, 64, 61, 105, 90, 99, 13, 131, 139, 32, 0, 26, 38, 135, 117, 39, 20, 83, 46, 108, 72, 12, 18, 143, 103, 107, 91, 104, 48, 79, 146, 138, 7, 118, 97, 127, 57, 116, 56, 52, 130, 74, 45, 124, 36, 96, 53, 148, 69, 94, 132, 68, 67, 54, 50, 75, 140, 5, 133, 33, 34, 141, 128, 71, 6, 43, 85, 49, 142, 47, 101, 93, 70, 129, 88, 111, 147, 100, 80, 137, 81, 115, 134, 77, 114, 22, 23, 14, 136, 35, 125, 66, 89, 62, 65, 145, 119, 112, 51, 102, 41, 19, 21]"
Tho150,300,9260572,7.84,19.53,10,63,0.5523,0.4319,10,150,42,"[27, 55, 121, 63, 15, 31, 73, 8, 80, 123, 58, 11, 106, 17, 2, 3, 9, 87, 60, 30, 10, 83, 109, 110, 120, 126, 144, 139, 113, 149, 78, 82, 84, 25, 24, 42, 16, 1, 4, 92, 76, 37, 40, 122, 86, 44, 98, 95, 64, 65, 6, 36, 99, 13, 131, 28, 32, 0, 26, 38, 135, 117, 90, 93, 29, 46, 108, 72, 12, 18, 143, 103, 107, 91, 67, 48, 79, 141, 138, 7, 118, 97, 127, 57, 116, 56, 52, 142, 74, 128, 124, 39, 96, 53, 148, 69, 102, 140, 68, 104, 54, 50, 75, 132, 49, 133, 33, 134, 146, 45, 71, 105, 94, 85, 5, 130, 47, 101, 20, 70, 129, 88, 111, 147, 100, 59, 137, 81, 115, 34, 77, 114, 22, 23, 14, 136, 35, 125, 66, 89, 62, 61, 145, 119, 112, 51, 43, 41, 19, 21]"
Tho150,400,9144554,9.74,19.54,10,63,0.5523,0.4319,10,150,42,"[63, 82, 121, 30, 15, 145, 73, 8, 80, 123, 92, 11, 106, 17, 2, 3, 9, 87, 60, 27, 10, 83, 109, 46, 120, 126, 144, 139, 113, 4, 78, 55, 84, 25, 24, 42, 16, 128, 149, 58, 76, 37, 40, 122, 86, 32, 98, 99, 64, 65, 6, 36, 95, 13, 131, 28, 38, 130, 26, 44, 135, 117, 90, 93, 12, 29, 108, 72, 138, 18, 143, 103, 107, 91, 67, 48, 79, 133, 110, 7, 118, 97, 127, 57, 116, 56, 52, 142, 74, 1, 124, 39, 96, 53, 35, 69, 102, 140, 68, 112, 54, 50, 75, 132, 49, 141, 33, 134, 146, 45, 71, 105, 94, 85, 5, 0, 47, 101, 20, 70, 129, 88, 111, 147, 100, 59, 137, 81, 115, 41, 77, 114, 22, 23, 21, 136, 148, 125, 66, 89, 62, 61, 31, 119, 104, 51, 43, 34, 19, 14]"
Tho150,500,9074734,11.67,19.54,10,63,0.5523,0.4319,10,150,42,"[63, 82, 121, 9, 15, 145, 73, 8, 80, 123, 75, 11, 106, 17, 2, 3, 30, 141, 60, 27, 10, 83, 109, 46, 120, 126, 144, 139, 113, 4, 84, 55, 78, 25, 24, 42, 16, 128, 149, 58, 76, 127, 40, 122, 86, 32, 98, 99, 64, 108, 6, 22, 95, 13, 131, 28, 38, 130, 26, 44, 135, 117, 90, 93, 12, 29, 65, 67, 138, 18, 143, 103, 107, 91, 59, 105, 79, 133, 41, 7, 118, 97, 37, 57, 116, 56, 52, 142, 74, 1, 124, 39, 96, 53, 35, 137, 102, 140, 50, 112, 54, 89, 92, 132, 49, 87, 33, 134, 146, 45, 71, 48, 94, 85, 5, 0, 47, 36, 20, 70, 129, 88, 111, 147, 100, 72, 69, 81, 115, 34, 77, 114, 101, 23, 21, 148, 136, 125, 66, 68, 62, 61, 31, 119, 104, 51, 43, 110, 19, 14]"
Tho150,600,9033658,13.52,19.54,10,63,0.5523,0.4319,10,150,42,"[63, 82, 121, 9, 15, 145, 3, 8, 80, 123, 75, 11, 106, 17, 2, 73, 89, 67, 141, 27, 10, 83, 109, 46, 120, 126, 144, 40, 113, 4, 84, 55, 78, 25, 24, 42, 16, 128, 149, 58, 76, 127, 139, 122, 86, 32, 98, 99, 64, 108, 6, 125, 95, 13, 130, 28, 38, 131, 26, 44, 135, 117, 90, 93, 45, 29, 65, 60, 138, 18, 143, 103, 107, 91, 61, 105, 79, 133, 41, 7, 118, 97, 37, 57, 116, 56, 52, 142, 74, 112, 124, 39, 96, 53, 35, 137, 102, 140, 50, 1, 54, 30, 92, 132, 49, 87, 33, 134, 146, 12, 71, 48, 94, 85, 5, 0, 47, 36, 101, 70, 129, 88, 111, 147, 100, 72, 69, 81, 115, 34, 77, 114, 20, 23, 21, 148, 136, 22, 66, 68, 62, 59, 31, 119, 104, 51, 43, 110, 19, 14]"
Tho150,700,8983426,15.32,19.54,10,63,0.5523,0.4319,10,150,42,"[63, 82, 121, 9, 15, 145, 67, 8, 80, 123, 75, 11, 112, 17, 76, 73, 89, 16, 141, 27, 10, 83, 109, 46, 120, 126, 144, 40, 113, 4, 84, 55, 78, 25, 24, 42, 3, 128, 149, 58, 2, 61, 139, 38, 86, 32, 98, 99, 64, 108, 6, 125, 95, 13, 130, 41, 122, 131, 26, 44, 135, 117, 90, 93, 45, 29, 65, 60, 138, 18, 143, 103, 107, 91, 127, 105, 79, 133, 129, 7, 118, 97, 37, 57, 116, 56, 52, 142, 74, 106, 124, 39, 96, 53, 35, 137, 102, 140, 50, 1, 54, 30, 92, 132, 49, 22, 33, 146, 134, 12, 71, 48, 94, 85, 5, 0, 47, 36, 101, 70, 28, 88, 111, 147, 100, 68, 69, 81, 115, 34, 77, 114, 20, 23, 21, 148, 136, 87, 66, 72, 62, 59, 31, 119, 104, 51, 43, 110, 19, 14]"
Tho150,800,8937648,17.24,19.54,10,63,0.5523,0.4319,10,150,42,"[63, 64, 121, 9, 15, 145, 67, 8, 80, 123, 75, 32, 112, 17, 76, 73, 89, 16, 141, 27, 10, 83, 109, 4, 120, 126, 144, 40, 113, 46, 84, 55, 78, 25, 24, 42, 3, 128, 149, 58, 2, 37, 139, 38, 86, 11, 98, 99, 129, 108, 6, 57, 77, 13, 130, 115, 122, 131, 26, 44, 135, 117, 0, 93, 45, 95, 65, 60, 138, 18, 143, 103, 107, 91, 127, 105, 79, 133, 82, 7, 118, 97, 61, 125, 116, 56, 52, 142, 74, 106, 124, 39, 96, 53, 35, 137, 102, 140, 36, 30, 54, 68, 92, 132, 49, 22, 33, 146, 134, 12, 71, 48, 94, 85, 5, 90, 47, 50, 101, 70, 28, 88, 111, 147, 100, 69, 1, 81, 41, 34, 29, 114, 20, 23, 21, 148, 136, 87, 66, 72, 62, 59, 31, 119, 104, 51, 43, 110, 19, 14]"
Tho150,900,8916904,19.21,19.54,10,63,0.5523,0.4319,10,150,42,"[63, 64, 121, 9, 15, 145, 67, 8, 80, 123, 24, 32, 112, 17, 76, 73, 89, 16, 141, 27, 10, 83, 109, 4, 120, 126, 144, 40, 113, 6, 84, 39, 78, 25, 75, 42, 3, 128, 149, 58, 2, 37, 139, 38, 86, 11, 98, 99, 129, 108, 46, 57, 77, 90, 130, 115, 122, 131, 26, 44, 135, 117, 0, 93, 45, 95, 65, 60, 138, 18, 143, 103, 107, 91, 127, 105, 79, 133, 82, 7, 118, 97, 61, 125, 116, 56, 52, 142, 74, 106, 124, 55, 96, 53, 35, 137, 102, 140, 36, 30, 54, 68, 92, 132, 49, 22, 33, 146, 134, 12, 71, 48, 94, 21, 5, 13, 47, 50, 101, 70, 28, 87, 111, 147, 100, 69, 1, 81, 41, 34, 29, 114, 20, 23, 85, 148, 136, 88, 66, 72, 62, 59, 31, 119, 104, 51, 43, 110, 19, 14]"
Tho150,1000,8900252,21.25,19.54,10,63,0.5523,0.4319,10,150,42,"[63, 25, 121, 9, 15, 145, 67, 8, 80, 123, 24, 32, 112, 17, 76, 73, 89, 16, 141, 27, 10, 83, 109, 4, 3, 126, 144, 40, 113, 6, 84, 39, 78, 64, 75, 42, 120, 128, 149, 58, 2, 37, 139, 38, 86, 11, 98, 99, 129, 108, 46, 57, 77, 90, 130, 115, 122, 131, 106, 44, 135, 117, 124, 93, 30, 95, 65, 60, 138, 18, 143, 103, 107, 91, 127, 105, 79, 133, 82, 7, 118, 97, 61, 125, 116, 56, 52, 142, 74, 26, 0, 55, 96, 53, 35, 137, 102, 140, 36, 34, 54, 68, 92, 132, 49, 22, 33, 146, 134, 12, 29, 48, 94, 21, 5, 13, 47, 50, 101, 70, 28, 87, 111, 147, 100, 69, 104, 81, 41, 45, 71, 114, 20, 23, 85, 148, 136, 88, 66, 72, 62, 59, 31, 119, 1, 51, 43, 110, 19, 14]"
Tho150,1100,8876408,23.17,19.54,10,63,0.5523,0.4319,10,150,42,"[63, 25, 121, 9, 15, 145, 67, 8, 80, 123, 24, 32, 2, 17, 76, 73, 89, 16, 141, 27, 10, 83, 109, 4, 3, 126, 144, 40, 113, 6, 84, 39, 78, 64, 118, 42, 120, 128, 149, 58, 112, 37, 139, 38, 86, 11, 98, 100, 129, 108, 46, 57, 77, 90, 130, 115, 122, 131, 106, 44, 135, 117, 124, 93, 30, 95, 65, 75, 138, 18, 143, 103, 107, 91, 127, 105, 79, 133, 82, 7, 60, 97, 43, 125, 116, 56, 52, 142, 74, 26, 0, 55, 96, 53, 99, 137, 102, 140, 36, 34, 54, 68, 92, 132, 49, 22, 33, 146, 134, 12, 13, 48, 94, 21, 5, 29, 47, 50, 101, 70, 28, 87, 111, 147, 35, 69, 104, 81, 41, 45, 71, 114, 20, 23, 85, 148, 136, 88, 66, 72, 62, 59, 31, 119, 1, 51, 61, 110, 19, 14]"
Tho150,1200,8866372,25.16,19.54,10,63,0.5523,0.4319,10,150,42,"[63, 78, 95, 9, 15, 145, 67, 88, 80, 123, 24, 32, 2, 17, 76, 73, 89, 16, 141, 27, 10, 83, 109, 4, 3, 126, 144, 40, 113, 6, 84, 97, 25, 64, 118, 42, 120, 128, 149, 58, 112, 37, 139, 38, 86, 11, 98, 100, 129, 108, 46, 57, 77, 90, 130, 115, 122, 131, 106, 44, 135, 117, 124, 93, 30, 121, 75, 65, 138, 18, 143, 103, 107, 91, 127, 105, 79, 133, 82, 7, 60, 39, 43, 125, 116, 56, 52, 142, 74, 26, 0, 55, 96, 53, 99, 137, 102, 140, 36, 34, 54, 68, 92, 132, 49, 22, 33, 146, 134, 12, 13, 48, 94, 21, 5, 29, 47, 50, 101, 70, 28, 87, 111, 147, 35, 69, 104, 81, 41, 45, 71, 114, 20, 23, 85, 148, 136, 8, 66, 72, 62, 59, 31, 119, 1, 51, 61, 110, 19, 14]"
Tho150,1300,8838918,27.16,19.54,10,63,0.5523,0.4319,10,150,42,"[63, 78, 95, 11, 15, 145, 67, 88, 80, 123, 24, 32, 2, 17, 76, 73, 89, 16, 141, 27, 10, 83, 109, 4, 3, 126, 77, 40, 113, 6, 84, 97, 25, 64, 118, 42, 120, 5, 149, 108, 112, 37, 139, 38, 86, 9, 98, 100, 129, 58, 46, 99, 144, 90, 130, 115, 122, 131, 106, 44, 33, 117, 124, 93, 30, 121, 75, 65, 138, 18, 47, 103, 107, 91, 127, 105, 79, 133, 82, 7, 60, 39, 43, 125, 116, 56, 52, 142, 74, 26, 0, 55, 96, 53, 57, 137, 102, 140, 36, 34, 54, 68, 92, 132, 49, 69, 135, 146, 134, 12, 13, 87, 94, 21, 128, 29, 143, 50, 101, 70, 28, 48, 111, 147, 35, 22, 104, 81, 41, 45, 71, 114, 20, 23, 85, 148, 61, 8, 66, 72, 62, 59, 31, 119, 1, 51, 136, 110, 19, 14]"
Tho150,1400,8831452,29.15,19.55,10,63,0.5523,0.4319,10,150,42,"[63, 78, 95, 11, 15, 145, 67, 88, 80, 123, 24, 17, 32, 2, 76, 73, 9, 16, 141, 27, 10, 83, 109, 4, 3, 126, 77, 40, 113, 6, 84, 97, 25, 64, 118, 42, 120, 5, 149, 108, 112, 37, 139, 38, 86, 89, 98, 100, 129, 58, 46, 99, 144, 90, 130, 115, 122, 131, 106, 44, 33, 117, 124, 93, 30, 121, 75, 65, 138, 18, 47, 103, 107, 91, 127, 105, 79, 133, 82, 7, 60, 39, 43, 125, 116, 56, 52, 142, 74, 26, 0, 55, 96, 53, 57, 137, 102, 140, 36, 34, 54, 68, 92, 132, 49, 69, 135, 28, 134, 12, 13, 87, 94, 21, 128, 29, 143, 50, 101, 70, 146, 48, 111, 147, 35, 22, 41, 81, 104, 45, 71, 114, 20, 23, 85, 148, 61, 8, 66, 72, 62, 59, 31, 119, 1, 51, 136, 110, 19, 14]"
Tho150,1500,8810712,31.16,19.55,10,63,0.5523,0.4319,10,150,42,"[63, 78, 45, 11, 15, 145, 67, 25, 80, 123, 24, 17, 32, 2, 76, 73, 9, 16, 83, 27, 10, 141, 121, 4, 3, 126, 77, 40, 113, 6, 84, 97, 88, 64, 56, 42, 120, 5, 149, 108, 112, 37, 139, 38, 86, 89, 98, 100, 129, 58, 46, 99, 144, 90, 130, 115, 122, 131, 106, 44, 33, 117, 124, 93, 30, 109, 75, 65, 138, 18, 47, 103, 107, 91, 127, 105, 79, 133, 82, 7, 60, 39, 43, 125, 116, 118, 52, 142, 74, 26, 0, 55, 96, 53, 57, 137, 102, 140, 36, 34, 54, 68, 92, 132, 49, 69, 135, 28, 134, 12, 13, 87, 94, 21, 128, 29, 143, 50, 101, 70, 146, 48, 111, 147, 35, 22, 41, 81, 104, 95, 71, 114, 20, 23, 85, 148, 61, 8, 66, 72, 62, 59, 31, 119, 1, 51, 136, 110, 19, 14]"
Tho150,1600,8795544,33.04,19.55,10,63,0.5523,0.4319,10,150,42,"[63, 78, 45, 11, 15, 145, 67, 4, 80, 123, 24, 17, 32, 2, 76, 73, 9, 16, 83, 27, 10, 141, 121, 25, 3, 126, 77, 40, 113, 6, 84, 97, 82, 64, 56, 42, 120, 5, 149, 38, 112, 37, 139, 108, 86, 89, 98, 100, 129, 58, 72, 99, 144, 90, 130, 115, 122, 131, 106, 44, 33, 117, 124, 93, 30, 109, 75, 65, 138, 18, 47, 103, 107, 91, 127, 105, 79, 133, 88, 7, 60, 39, 43, 125, 116, 118, 52, 142, 74, 26, 0, 55, 96, 53, 57, 137, 102, 140, 36, 34, 54, 68, 92, 132, 49, 69, 135, 62, 134, 12, 13, 87, 94, 21, 128, 29, 143, 50, 101, 70, 146, 48, 111, 147, 35, 22, 41, 81, 104, 95, 71, 114, 20, 23, 85, 148, 61, 8, 66, 46, 28, 59, 31, 119, 1, 51, 136, 110, 19, 14]"
Tho150,1700,8791188,35.01,19.55,10,63,0.5523,0.4319,10,150,42,"[63, 78, 45, 11, 15, 145, 67, 4, 80, 123, 24, 17, 32, 2, 76, 73, 9, 16, 83, 27, 10, 141, 121, 25, 3, 126, 77, 40, 113, 6, 84, 97, 82, 64, 56, 42, 120, 5, 149, 38, 112, 37, 139, 108, 86, 89, 98, 100, 129, 58, 72, 99, 144, 90, 130, 115, 122, 131, 106, 44, 33, 117, 124, 93, 30, 109, 75, 65, 138, 18, 47, 103, 107, 91, 127, 105, 79, 133, 88, 7, 60, 39, 43, 125, 116, 118, 52, 142, 74, 26, 0, 55, 96, 53, 57, 137, 102, 22, 36, 34, 54, 68, 92, 132, 49, 69, 135, 62, 134, 12, 13, 87, 94, 21, 128, 29, 143, 50, 101, 70, 146, 48, 111, 147, 35, 140, 41, 81, 104, 95, 71, 114, 20, 23, 85, 148, 61, 8, 66, 46, 28, 59, 31, 119, 1, 51, 136, 110, 19, 14]"
Tho150,1800,8778008,36.92,19.55,10,63,0.5523,0.4319,10,150,42,"[63, 78, 45, 11, 15, 145, 67, 4, 24, 123, 80, 17, 32, 3, 76, 73, 9, 16, 83, 27, 121, 141, 10, 25, 2, 126, 77, 40, 113, 6, 84, 97, 82, 64, 56, 42, 120, 5, 149, 38, 112, 37, 139, 108, 86, 89, 98, 100, 129, 58, 72, 99, 144, 90, 130, 115, 122, 131, 106, 44, 33, 117, 124, 93, 30, 109, 75, 65, 138, 18, 47, 103, 107, 91, 127, 0, 79, 133, 88, 7, 60, 39, 43, 21, 116, 118, 52, 142, 74, 26, 105, 55, 96, 53, 57, 137, 102, 69, 36, 34, 54, 68, 92, 132, 49, 119, 135, 62, 134, 12, 41, 87, 94, 125, 128, 29, 143, 50, 101, 70, 146, 48, 111, 147, 35, 140, 13, 81, 104, 95, 71, 114, 20, 23, 85, 148, 61, 8, 66, 46, 28, 59, 31, 22, 1, 51, 136, 110, 19, 14]"
Tho150,1900,8766736,38.92,19.55,10,63,0.5523,0.4319,10,150,42,"[63, 78, 98, 11, 15, 145, 67, 4, 24, 123, 80, 17, 32, 3, 76, 73, 9, 16, 83, 27, 121, 141, 10, 25, 2, 126, 77, 40, 113, 6, 84, 97, 82, 64, 56, 42, 120, 5, 149, 38, 112, 37, 139, 108, 86, 89, 45, 100, 129, 75, 72, 99, 144, 90, 130, 115, 122, 131, 106, 44, 33, 117, 124, 93, 30, 109, 58, 65, 138, 18, 47, 103, 107, 91, 127, 0, 79, 133, 88, 7, 60, 39, 43, 21, 116, 118, 52, 142, 74, 26, 105, 55, 96, 53, 57, 137, 102, 69, 36, 34, 54, 68, 92, 132, 49, 119, 135, 62, 134, 12, 41, 87, 94, 125, 128, 29, 143, 50, 101, 70, 146, 48, 111, 147, 35, 140, 13, 81, 104, 95, 71, 114, 20, 23, 85, 148, 61, 8, 66, 46, 28, 59, 31, 22, 1, 51, 136, 110, 19, 14]"
Tho150,2000,8761394,40.86,19.55,10,63,0.5523,0.4319,10,150,42,"[63, 78, 98, 11, 15, 145, 67, 4, 24, 123, 80, 17, 32, 3, 76, 73, 9, 16, 83, 27, 121, 141, 10, 25, 2, 126, 77, 40, 113, 6, 84, 97, 82, 64, 56, 42, 120, 5, 149, 38, 112, 37, 139, 108, 86, 45, 89, 100, 129, 75, 72, 99, 144, 90, 130, 115, 122, 131, 106, 44, 33, 117, 124, 93, 30, 109, 58, 65, 138, 18, 47, 103, 54, 91, 127, 135, 79, 133, 88, 7, 60, 39, 43, 21, 116, 118, 52, 142, 74, 26, 105, 55, 96, 53, 57, 137, 102, 69, 36, 34, 107, 68, 92, 132, 49, 119, 0, 62, 134, 12, 41, 87, 94, 125, 128, 29, 143, 50, 101, 70, 146, 48, 111, 147, 35, 140, 22, 81, 104, 95, 71, 114, 20, 23, 85, 148, 61, 8, 66, 46, 28, 59, 31, 13, 1, 51, 136, 110, 19, 14]"
Tho150,2100,8749034,42.93,19.55,10,63,0.5523,0.4319,10,150,42,"[63, 78, 73, 11, 15, 145, 67, 4, 24, 123, 80, 17, 32, 3, 76, 98, 9, 16, 83, 27, 121, 141, 10, 25, 2, 126, 77, 40, 113, 6, 84, 97, 82, 64, 56, 42, 120, 5, 149, 38, 112, 37, 139, 108, 86, 105, 89, 100, 109, 75, 90, 99, 144, 44, 130, 115, 122, 131, 106, 72, 33, 117, 124, 93, 30, 129, 58, 65, 138, 18, 47, 103, 54, 91, 127, 135, 79, 133, 88, 7, 60, 39, 43, 21, 116, 118, 52, 142, 74, 26, 45, 55, 96, 53, 57, 137, 102, 69, 104, 34, 107, 68, 92, 132, 49, 119, 0, 62, 134, 12, 41, 87, 94, 125, 128, 29, 143, 50, 101, 70, 146, 48, 111, 147, 35, 140, 22, 81, 36, 95, 71, 114, 20, 23, 85, 148, 61, 8, 66, 46, 28, 59, 31, 13, 1, 51, 136, 110, 19, 14]"
Tho150,2200,8738770,44.95,19.55,10,63,0.5523,0.4319,10,150,42,"[63, 78, 145, 11, 15, 73, 67, 4, 24, 123, 80, 17, 32, 3, 76, 98, 9, 16, 83, 27, 121, 141, 10, 25, 2, 126, 77, 40, 113, 6, 84, 97, 82, 64, 56, 42, 120, 5, 149, 38, 112, 37, 139, 108, 86, 105, 89, 100, 109, 75, 90, 137, 144, 44, 130, 115, 122, 131, 106, 72, 33, 117, 124, 93, 30, 129, 58, 65, 138, 18, 47, 103, 54, 91, 127, 135, 79, 133, 88, 7, 60, 39, 43, 21, 116, 118, 52, 142, 74, 26, 45, 55, 53, 96, 57, 99, 102, 12, 104, 34, 107, 68, 92, 132, 49, 119, 0, 62, 134, 69, 41, 87, 94, 125, 128, 29, 143, 50, 101, 70, 146, 48, 111, 147, 35, 140, 22, 81, 36, 95, 71, 114, 20, 23, 85, 148, 61, 8, 66, 46, 28, 59, 31, 13, 1, 51, 136, 110, 19, 14]"
Tho150,2300,8731634,47.66,19.55,10,63,0.5523,0.4319,10,150,42,"[63, 78, 145, 11, 15, 73, 67, 4, 24, 123, 112, 17, 32, 3, 76, 98, 9, 16, 83, 27, 121, 141, 126, 25, 2, 10, 77, 40, 113, 6, 84, 97, 82, 64, 56, 42, 120, 5, 149, 38, 80, 37, 139, 108, 86, 105, 89, 100, 7, 75, 90, 137, 144, 44, 130, 115, 122, 131, 106, 72, 33, 117, 124, 99, 30, 129, 58, 65, 138, 18, 47, 103, 54, 91, 127, 135, 79, 133, 88, 109, 60, 39, 128, 21, 116, 118, 52, 142, 74, 26, 45, 55, 53, 96, 57, 93, 102, 12, 104, 34, 107, 68, 92, 132, 49, 119, 0, 62, 134, 69, 41, 87, 94, 125, 43, 29, 143, 50, 101, 70, 146, 48, 111, 147, 35, 140, 22, 81, 36, 95, 71, 114, 20, 23, 85, 148, 61, 8, 66, 46, 28, 59, 31, 13, 1, 51, 136, 110, 19, 14]"
Tho150,2400,8727338,53.87,19.55,10,63,0.5523,0.4319,10,150,42,"[63, 78, 145, 11, 15, 73, 67, 4, 24, 123, 112, 17, 32, 3, 76, 98, 9, 16, 83, 27, 121, 141, 126, 25, 2, 10, 77, 40, 113, 6, 84, 97, 82, 64, 56, 42, 120, 5, 149, 38, 80, 131, 139, 108, 86, 105, 100, 89, 7, 75, 90, 137, 144, 44, 130, 115, 122, 37, 106, 72, 33, 117, 124, 99, 30, 129, 58, 65, 138, 18, 47, 103, 54, 91, 127, 135, 79, 133, 88, 109, 60, 39, 128, 21, 116, 118, 52, 142, 74, 26, 45, 55, 53, 96, 57, 93, 102, 12, 104, 34, 107, 132, 92, 68, 49, 119, 0, 62, 134, 69, 41, 87, 94, 125, 43, 29, 143, 50, 101, 70, 146, 48, 111, 147, 35, 140, 22, 81, 36, 20, 71, 114, 95, 23, 85, 148, 61, 8, 66, 46, 28, 59, 31, 13, 1, 51, 136, 110, 19, 14]"
Tho150,2500,8724026,60.13,19.55,10,63,0.5523,0.4319,10,150,42,"[63, 78, 82, 11, 15, 73, 67, 4, 24, 123, 112, 17, 32, 3, 76, 98, 9, 16, 83, 27, 121, 141, 126, 25, 2, 10, 77, 40, 113, 6, 84, 97, 145, 64, 56, 42, 120, 5, 149, 38, 80, 131, 139, 108, 86, 105, 100, 89, 7, 75, 90, 137, 144, 44, 130, 115, 122, 37, 106, 72, 33, 117, 124, 99, 30, 129, 58, 65, 138, 18, 47, 103, 54, 91, 127, 135, 79, 133, 88, 93, 60, 39, 128, 118, 116, 21, 52, 142, 74, 26, 45, 55, 53, 96, 57, 109, 102, 12, 104, 34, 107, 132, 92, 70, 49, 119, 0, 62, 134, 69, 41, 87, 94, 125, 43, 29, 143, 50, 101, 68, 146, 48, 111, 147, 35, 140, 22, 81, 36, 20, 71, 114, 95, 23, 85, 148, 61, 8, 66, 46, 28, 59, 31, 13, 1, 51, 136, 110, 19, 14]"
Tho150,2600,8710640,66.42,19.55,10,63,0.5523,0.4319,10,150,42,"[63, 78, 82, 11, 15, 73, 67, 141, 24, 123, 112, 17, 32, 3, 76, 98, 9, 16, 83, 27, 121, 4, 126, 25, 2, 10, 77, 40, 113, 6, 84, 97, 145, 64, 56, 42, 120, 5, 149, 38, 80, 131, 139, 108, 86, 105, 100, 89, 7, 75, 90, 137, 144, 44, 130, 115, 122, 37, 106, 72, 33, 117, 124, 99, 30, 129, 58, 65, 138, 18, 47, 103, 54, 91, 127, 135, 79, 133, 88, 93, 69, 39, 128, 118, 116, 21, 52, 142, 74, 26, 45, 55, 53, 96, 57, 109, 102, 12, 104, 34, 107, 132, 143, 70, 49, 119, 0, 62, 134, 125, 41, 87, 94, 60, 43, 29, 92, 50, 101, 136, 146, 48, 111, 147, 35, 140, 22, 81, 36, 20, 71, 114, 95, 23, 85, 148, 61, 8, 66, 46, 28, 59, 31, 13, 1, 51, 68, 110, 19, 14]"
Tho150,2700,8699204,72.64,19.55,10,63,0.5523,0.4319,10,150,42,"[63, 78, 82, 11, 15, 73, 67, 141, 112, 123, 10, 17, 32, 3, 76, 98, 9, 16, 83, 27, 121, 4, 126, 25, 2, 24, 77, 40, 113, 6, 84, 97, 145, 64, 56, 42, 120, 5, 149, 38, 80, 131, 139, 108, 86, 105, 100, 89, 7, 75, 90, 137, 144, 44, 130, 115, 122, 37, 106, 72, 33, 117, 124, 99, 30, 129, 58, 12, 138, 18, 47, 103, 54, 91, 127, 135, 79, 133, 88, 93, 69, 39, 128, 118, 116, 21, 52, 142, 74, 26, 45, 55, 53, 96, 57, 109, 102, 65, 104, 34, 107, 132, 143, 70, 49, 119, 0, 62, 134, 125, 41, 87, 94, 60, 43, 29, 110, 50, 101, 136, 146, 48, 111, 147, 35, 140, 22, 81, 36, 20, 71, 114, 95, 23, 85, 148, 61, 8, 66, 46, 28, 59, 31, 13, 1, 51, 68, 92, 19, 14]"
Tho150,2800,8670730,78.64,19.55,10,63,0.5523,0.4319,10,150,42,"[63, 78, 82, 11, 15, 73, 67, 141, 112, 123, 10, 17, 32, 25, 76, 98, 9, 16, 83, 27, 121, 4, 126, 3, 2, 24, 44, 40, 113, 6, 84, 97, 145, 64, 56, 42, 120, 5, 149, 38, 80, 131, 139, 108, 86, 105, 100, 89, 7, 75, 90, 137, 144, 77, 130, 115, 122, 37, 106, 26, 33, 117, 124, 99, 30, 129, 60, 12, 138, 18, 47, 103, 54, 91, 127, 135, 79, 133, 88, 93, 69, 39, 128, 118, 116, 21, 52, 142, 74, 72, 45, 55, 53, 96, 57, 109, 102, 65, 58, 34, 107, 110, 143, 70, 49, 119, 0, 62, 134, 125, 41, 87, 94, 104, 43, 29, 132, 50, 85, 136, 146, 48, 111, 147, 35, 140, 22, 81, 36, 20, 71, 114, 95, 23, 101, 148, 61, 8, 66, 46, 28, 59, 31, 13, 1, 51, 68, 92, 19, 14]"
Tho150,2900,8663980,84.73,19.54,10,63,0.5523,0.4319,10,150,42,"[63, 78, 82, 11, 15, 73, 67, 141, 112, 123, 10, 17, 32, 25, 76, 98, 9, 16, 83, 27, 121, 4, 126, 3, 2, 24, 44, 40, 113, 6, 84, 97, 145, 64, 56, 42, 120, 5, 149, 38, 80, 131, 139, 108, 86, 105, 100, 89, 7, 75, 90, 137, 144, 77, 130, 115, 122, 37, 106, 26, 33, 117, 124, 99, 30, 129, 60, 12, 138, 18, 47, 103, 54, 91, 127, 135, 79, 133, 88, 93, 69, 39, 128, 118, 116, 21, 52, 142, 92, 72, 45, 55, 53, 96, 57, 109, 102, 65, 58, 34, 107, 110, 143, 29, 49, 119, 0, 62, 134, 125, 41, 87, 94, 104, 36, 70, 132, 50, 85, 136, 146, 48, 111, 147, 35, 140, 22, 81, 43, 20, 71, 114, 95, 23, 101, 148, 61, 8, 66, 46, 28, 59, 31, 13, 1, 51, 68, 74, 19, 14]"
Tho150,3000,8662362,90.85,19.55,10,63,0.5523,0.4319,10,150,42,"[63, 78, 16, 11, 15, 73, 67, 141, 112, 123, 10, 17, 32, 25, 76, 98, 9, 82, 83, 27, 121, 4, 126, 3, 2, 24, 44, 40, 113, 6, 84, 97, 145, 64, 56, 42, 120, 5, 149, 38, 80, 131, 139, 108, 86, 105, 100, 89, 7, 75, 90, 137, 144, 77, 130, 115, 122, 37, 106, 26, 33, 117, 124, 99, 30, 129, 60, 12, 138, 18, 47, 103, 54, 91, 127, 135, 79, 133, 88, 93, 69, 39, 128, 118, 116, 21, 52, 142, 92, 72, 45, 55, 53, 96, 57, 109, 102, 65, 58, 34, 107, 110, 143, 29, 49, 119, 0, 62, 134, 125, 41, 87, 94, 104, 36, 70, 132, 50, 85, 136, 146, 48, 111, 147, 35, 140, 22, 81, 43, 20, 71, 114, 95, 23, 101, 148, 61, 8, 66, 46, 28, 59, 31, 13, 1, 51, 68, 74, 19, 14]"
Tho150,3100,8661548,96.66,19.55,10,63,0.5523,0.4319,10,150,42,"[63, 78, 16, 11, 15, 73, 67, 141, 112, 123, 10, 17, 32, 25, 76, 98, 9, 82, 83, 27, 121, 4, 126, 3, 2, 24, 44, 40, 113, 6, 84, 97, 145, 64, 56, 42, 120, 5, 149, 38, 80, 131, 139, 108, 86, 105, 100, 89, 7, 75, 90, 137, 144, 77, 130, 115, 122, 37, 106, 26, 33, 117, 124, 99, 30, 129, 60, 12, 138, 18, 47, 103, 54, 91, 127, 135, 79, 133, 88, 93, 69, 39, 128, 118, 116, 21, 52, 142, 92, 72, 45, 55, 53, 96, 57, 109, 102, 65, 58, 34, 107, 110, 143, 29, 49, 119, 0, 62, 134, 125, 41, 87, 94, 104, 23, 70, 132, 50, 85, 136, 146, 48, 111, 147, 35, 140, 22, 81, 43, 20, 71, 114, 95, 36, 101, 148, 61, 8, 66, 46, 28, 59, 31, 13, 1, 51, 68, 74, 19, 14]"
Tho150,3200,8657638,102.35,19.55,10,63,0.5523,0.4319,10,150,42,"[63, 78, 16, 11, 15, 73, 67, 141, 112, 123, 10, 17, 32, 25, 76, 98, 9, 82, 83, 27, 121, 4, 126, 3, 2, 24, 44, 40, 113, 6, 84, 148, 145, 64, 56, 42, 120, 5, 149, 38, 80, 131, 139, 108, 86, 105, 100, 89, 7, 75, 90, 137, 144, 77, 130, 115, 122, 37, 106, 26, 33, 117, 124, 99, 30, 129, 60, 12, 138, 18, 47, 103, 54, 91, 127, 135, 79, 133, 88, 93, 69, 39, 128, 118, 116, 21, 52, 142, 92, 72, 45, 55, 53, 96, 57, 109, 102, 65, 58, 34, 107, 110, 29, 143, 49, 119, 0, 62, 134, 125, 41, 87, 94, 104, 23, 70, 132, 50, 85, 136, 146, 48, 97, 147, 35, 140, 22, 81, 43, 20, 71, 114, 95, 36, 101, 111, 61, 8, 66, 46, 28, 59, 31, 13, 1, 51, 68, 74, 19, 14]"
Tho150,3300,8657638,108.39,19.55,10,63,0.5523,0.4319,10,150,42,"[63, 78, 16, 11, 15, 73, 67, 141, 112, 123, 10, 17, 32, 25, 76, 98, 9, 82, 83, 27, 121, 4, 126, 3, 2, 24, 44, 40, 113, 6, 84, 148, 145, 64, 56, 42, 120, 5, 149, 38, 80, 131, 139, 108, 86, 105, 100, 89, 7, 75, 90, 137, 144, 77, 130, 115, 122, 37, 106, 26, 33, 117, 124, 99, 30, 129, 60, 12, 138, 18, 47, 103, 54, 91, 127, 135, 79, 133, 88, 93, 69, 39, 128, 118, 116, 21, 52, 142, 92, 72, 45, 55, 53, 96, 57, 109, 102, 65, 58, 34, 107, 110, 29, 143, 49, 119, 0, 62, 134, 125, 41, 87, 94, 104, 23, 70, 132, 50, 85, 136, 146, 48, 97, 147, 35, 140, 22, 81, 43, 20, 71, 114, 95, 36, 101, 111, 61, 8, 66, 46, 28, 59, 31, 13, 1, 51, 68, 74, 19, 14]"
Tho150,3400,8653010,114.09,19.55,10,63,0.5523,0.4319,10,150,42,"[63, 78, 16, 11, 15, 73, 67, 141, 112, 123, 10, 17, 32, 25, 76, 98, 9, 82, 83, 27, 121, 4, 126, 3, 2, 24, 44, 40, 113, 6, 84, 148, 145, 64, 56, 42, 120, 5, 149, 38, 80, 131, 139, 108, 86, 105, 100, 89, 7, 75, 90, 137, 144, 77, 130, 115, 122, 37, 106, 26, 33, 117, 124, 99, 30, 129, 18, 12, 138, 60, 47, 103, 54, 91, 127, 135, 79, 133, 88, 93, 69, 39, 128, 118, 116, 21, 52, 142, 92, 72, 45, 55, 53, 96, 57, 109, 102, 65, 58, 34, 107, 110, 29, 143, 49, 119, 0, 62, 134, 125, 41, 87, 94, 104, 23, 70, 132, 50, 85, 136, 146, 48, 97, 147, 35, 140, 22, 81, 43, 20, 71, 114, 95, 36, 101, 111, 61, 8, 66, 46, 28, 59, 31, 13, 1, 51, 68, 74, 19, 14]"
Tho150,3500,8631762,120.01,19.55,10,63,0.5523,0.4319,10,150,42,"[101, 78, 16, 11, 15, 73, 67, 141, 112, 123, 10, 17, 32, 25, 76, 98, 9, 82, 64, 27, 121, 4, 126, 3, 2, 24, 44, 40, 113, 6, 84, 148, 145, 83, 56, 42, 120, 5, 149, 38, 80, 131, 139, 106, 86, 105, 100, 89, 7, 75, 90, 137, 144, 77, 130, 115, 122, 37, 108, 26, 33, 117, 124, 99, 133, 129, 18, 12, 138, 60, 47, 103, 54, 91, 127, 135, 79, 30, 88, 93, 69, 39, 128, 118, 28, 21, 52, 142, 92, 72, 45, 55, 53, 13, 57, 109, 102, 65, 58, 34, 107, 110, 29, 143, 49, 119, 0, 62, 134, 125, 41, 87, 94, 104, 23, 70, 132, 50, 85, 136, 146, 48, 97, 147, 35, 140, 22, 81, 43, 20, 71, 114, 95, 36, 63, 111, 61, 8, 66, 46, 116, 59, 31, 96, 1, 51, 68, 74, 19, 14]"
Tho150,3600,8626666,126.11,19.55,10,63,0.5523,0.4319,10,150,42,"[101, 78, 16, 11, 15, 73, 67, 141, 112, 123, 10, 17, 32, 25, 76, 98, 9, 82, 64, 27, 121, 4, 126, 3, 2, 24, 86, 40, 113, 6, 84, 148, 145, 83, 56, 42, 120, 5, 149, 38, 80, 131, 139, 106, 44, 105, 100, 89, 7, 75, 90, 137, 144, 77, 130, 115, 122, 37, 108, 26, 33, 117, 124, 99, 133, 129, 18, 12, 138, 60, 47, 103, 54, 91, 127, 135, 0, 30, 88, 93, 69, 39, 128, 118, 28, 21, 52, 142, 92, 72, 45, 55, 53, 13, 57, 109, 102, 65, 58, 34, 107, 110, 29, 143, 49, 119, 79, 62, 134, 125, 41, 87, 94, 104, 23, 70, 132, 63, 85, 136, 146, 48, 61, 147, 35, 140, 22, 81, 43, 20, 71, 114, 50, 36, 95, 111, 97, 8, 66, 46, 116, 59, 31, 96, 1, 68, 51, 74, 19, 14]"
Tho150,3700,8617184,132.0,19.55,10,63,0.5523,0.4319,10,150,42,"[101, 78, 16, 11, 15, 73, 67, 141, 112, 123, 10, 17, 32, 25, 76, 98, 9, 82, 64, 27, 121, 4, 126, 3, 2, 24, 86, 40, 113, 6, 84, 148, 145, 83, 56, 42, 120, 5, 149, 38, 80, 131, 139, 106, 44, 105, 100, 89, 7, 75, 90, 137, 144, 77, 130, 115, 122, 37, 108, 26, 33, 117, 124, 99, 133, 129, 18, 118, 138, 60, 47, 103, 54, 91, 127, 135, 0, 30, 88, 93, 69, 39, 128, 12, 28, 21, 52, 142, 92, 72, 45, 41, 55, 13, 57, 109, 102, 65, 58, 34, 107, 110, 29, 143, 49, 119, 79, 62, 134, 125, 53, 87, 94, 104, 23, 70, 132, 63, 85, 136, 146, 48, 61, 147, 35, 140, 22, 81, 43, 50, 71, 114, 20, 36, 95, 111, 8, 97, 66, 46, 116, 59, 31, 96, 1, 68, 51, 74, 19, 14]"
Tho150,3800,8617184,137.96,19.9,10,63,0.5523,0.4319,10,150,42,"[101, 78, 16, 11, 15, 73, 67, 141, 112, 123, 10, 17, 32, 25, 76, 98, 9, 82, 64, 27, 121, 4, 126, 3, 2, 24, 86, 40, 113, 6, 84, 148, 145, 83, 56, 42, 120, 5, 149, 38, 80, 131, 139, 106, 44, 105, 100, 89, 7, 75, 90, 137, 144, 77, 130, 115, 122, 37, 108, 26, 33, 117, 124, 99, 133, 129, 18, 118, 138, 60, 47, 103, 54, 91, 127, 135, 0, 30, 88, 93, 69, 39, 128, 12, 28, 21, 52, 142, 92, 72, 45, 41, 55, 13, 57, 109, 102, 65, 58, 34, 107, 110, 29, 143, 49, 119, 79, 62, 134, 125, 53, 87, 94, 104, 23, 70, 132, 63, 85, 136, 146, 48, 61, 147, 35, 140, 22, 81, 43, 50, 71, 114, 20, 36, 95, 111, 8, 97, 66, 46, 116, 59, 31, 96, 1, 68, 51, 74, 19, 14]"
Tho150,3900,8613864,143.88,19.9,10,63,0.5523,0.4319,10,150,42,"[101, 78, 16, 11, 15, 73, 67, 141, 112, 123, 10, 17, 32, 25, 76, 98, 9, 82, 64, 27, 121, 4, 126, 3, 2, 24, 86, 40, 113, 6, 84, 148, 145, 83, 56, 42, 120, 5, 149, 38, 80, 131, 139, 106, 44, 105, 100, 89, 7, 75, 90, 18, 144, 77, 130, 115, 122, 37, 108, 26, 33, 117, 124, 99, 133, 129, 137, 118, 138, 60, 63, 103, 54, 91, 127, 135, 0, 30, 88, 93, 69, 39, 128, 12, 28, 21, 52, 142, 92, 72, 45, 41, 55, 13, 57, 109, 102, 65, 58, 34, 107, 110, 29, 143, 49, 119, 79, 62, 134, 125, 53, 87, 94, 104, 70, 23, 132, 47, 85, 136, 146, 48, 61, 147, 35, 140, 22, 81, 43, 50, 71, 114, 20, 36, 95, 111, 8, 97, 66, 46, 116, 59, 31, 96, 1, 68, 51, 74, 19, 14]"
Tho150,4000,8613864,150.02,19.9,10,63,0.5523,0.4319,10,150,42,"[101, 78, 16, 11, 15, 73, 67, 141, 112, 123, 10, 17, 32, 25, 76, 98, 9, 82, 64, 27, 121, 4, 126, 3, 2, 24, 86, 40, 113, 6, 84, 148, 145, 83, 56, 42, 120, 5, 149, 38, 80, 131, 139, 106, 44, 105, 100, 89, 7, 75, 90, 18, 144, 77, 130, 115, 122, 37, 108, 26, 33, 117, 124, 99, 133, 129, 137, 118, 138, 60, 63, 103, 54, 91, 127, 135, 0, 30, 88, 93, 69, 39, 128, 12, 28, 21, 52, 142, 92, 72, 45, 41, 55, 13, 57, 109, 102, 65, 58, 34, 107, 110, 29, 143, 49, 119, 79, 62, 134, 125, 53, 87, 94, 104, 70, 23, 132, 47, 85, 136, 146, 48, 61, 147, 35, 140, 22, 81, 43, 50, 71, 114, 20, 36, 95, 111, 8, 97, 66, 46, 116, 59, 31, 96, 1, 68, 51, 74, 19, 14]"
Tho150,4100,8601576,155.92,19.9,10,63,0.5523,0.4319,10,150,42,"[101, 78, 16, 11, 15, 73, 67, 141, 112, 123, 10, 17, 32, 26, 76, 98, 9, 82, 64, 27, 121, 4, 126, 3, 2, 24, 86, 40, 80, 6, 84, 148, 145, 83, 56, 42, 120, 5, 149, 38, 113, 131, 139, 106, 44, 105, 100, 89, 7, 75, 90, 18, 144, 77, 130, 115, 122, 37, 108, 25, 33, 117, 124, 99, 133, 129, 137, 118, 138, 60, 63, 103, 54, 91, 127, 135, 0, 30, 88, 93, 69, 39, 128, 12, 28, 21, 52, 142, 92, 72, 45, 41, 55, 13, 57, 109, 102, 65, 58, 34, 107, 110, 29, 143, 49, 119, 79, 62, 134, 125, 53, 87, 94, 104, 70, 23, 132, 47, 85, 136, 146, 48, 61, 147, 35, 140, 22, 114, 43, 50, 71, 81, 20, 36, 95, 111, 8, 97, 66, 46, 116, 59, 31, 96, 1, 68, 51, 74, 19, 14]"
Tho150,4200,8600018,161.85,19.9,10,63,0.5523,0.4319,10,150,42,"[101, 78, 16, 11, 15, 73, 67, 141, 112, 123, 10, 17, 32, 76, 26, 98, 9, 82, 64, 27, 121, 4, 126, 3, 2, 24, 86, 40, 80, 6, 84, 148, 145, 83, 56, 42, 120, 5, 149, 38, 113, 131, 139, 106, 44, 105, 100, 89, 7, 75, 90, 18, 144, 77, 130, 115, 122, 37, 108, 25, 33, 117, 124, 99, 133, 129, 137, 118, 138, 60, 63, 103, 54, 91, 127, 135, 0, 30, 88, 93, 69, 39, 128, 12, 28, 21, 52, 142, 92, 72, 45, 48, 55, 13, 57, 109, 102, 65, 58, 34, 107, 110, 29, 143, 49, 119, 79, 62, 134, 125, 53, 87, 94, 104, 70, 23, 132, 47, 85, 136, 146, 41, 61, 147, 35, 140, 22, 114, 43, 50, 71, 81, 20, 36, 95, 111, 8, 97, 66, 46, 116, 59, 31, 96, 1, 68, 51, 74, 19, 14]"
Tho150,4300,8597392,167.76,19.9,10,63,0.5523,0.4319,10,150,42,"[101, 78, 16, 11, 15, 73, 67, 141, 112, 123, 10, 17, 32, 76, 26, 98, 9, 82, 64, 27, 121, 4, 126, 3, 2, 24, 86, 40, 80, 6, 84, 148, 145, 83, 56, 42, 120, 5, 149, 38, 113, 131, 139, 106, 44, 105, 100, 90, 7, 75, 89, 18, 144, 77, 130, 115, 122, 37, 108, 25, 33, 117, 124, 99, 133, 129, 137, 118, 138, 60, 63, 103, 54, 91, 127, 135, 0, 30, 88, 93, 69, 39, 128, 12, 28, 21, 52, 142, 92, 72, 45, 48, 55, 13, 57, 109, 102, 65, 58, 34, 107, 110, 29, 143, 49, 119, 79, 62, 134, 125, 53, 87, 94, 104, 70, 23, 132, 47, 85, 136, 146, 41, 61, 147, 35, 140, 22, 114, 43, 50, 71, 81, 20, 36, 95, 111, 8, 97, 66, 46, 116, 59, 31, 96, 1, 68, 51, 74, 19, 14]"
Tho150,4400,8595650,173.61,19.9,10,63,0.5523,0.4319,10,150,42,"[101, 78, 16, 11, 15, 73, 67, 141, 112, 123, 10, 17, 32, 76, 26, 98, 9, 82, 64, 27, 121, 4, 126, 3, 2, 24, 86, 40, 80, 6, 84, 148, 145, 83, 56, 42, 120, 5, 149, 38, 113, 131, 63, 106, 44, 105, 100, 90, 7, 75, 89, 18, 144, 77, 130, 115, 122, 37, 108, 25, 33, 117, 124, 99, 133, 129, 137, 118, 138, 60, 139, 103, 54, 91, 127, 135, 0, 30, 88, 93, 69, 39, 128, 12, 28, 21, 52, 142, 92, 72, 45, 48, 55, 13, 57, 109, 102, 65, 58, 34, 107, 110, 47, 143, 49, 119, 79, 62, 134, 125, 53, 87, 94, 104, 70, 23, 132, 29, 85, 136, 146, 41, 61, 147, 35, 140, 22, 114, 43, 50, 71, 81, 20, 36, 95, 111, 8, 97, 66, 46, 96, 59, 31, 116, 1, 68, 51, 74, 19, 14]"
Tho150,4500,8594354,179.45,19.9,10,63,0.5523,0.4319,10,150,42,"[101, 78, 16, 11, 15, 73, 67, 141, 112, 123, 10, 17, 32, 76, 26, 98, 9, 82, 64, 27, 121, 4, 126, 3, 2, 24, 86, 40, 80, 6, 84, 148, 145, 83, 56, 42, 120, 5, 149, 38, 113, 131, 63, 106, 44, 105, 100, 90, 7, 75, 89, 18, 144, 77, 58, 115, 122, 37, 108, 25, 33, 117, 124, 99, 133, 129, 137, 118, 138, 60, 139, 103, 54, 91, 127, 135, 0, 30, 88, 93, 69, 39, 128, 12, 28, 21, 52, 142, 92, 72, 45, 48, 55, 13, 57, 109, 102, 65, 130, 34, 107, 110, 47, 143, 49, 119, 79, 62, 134, 125, 53, 87, 94, 104, 70, 23, 132, 29, 85, 136, 146, 41, 61, 147, 35, 140, 22, 114, 43, 50, 71, 81, 20, 36, 95, 111, 8, 97, 66, 46, 96, 59, 31, 116, 1, 68, 51, 74, 19, 14]"
Tho150,4600,8591206,185.57,19.9,10,63,0.5523,0.4319,10,150,42,"[101, 78, 16, 11, 15, 73, 67, 141, 112, 123, 10, 17, 32, 76, 26, 98, 9, 82, 64, 27, 121, 4, 126, 3, 2, 24, 86, 40, 80, 6, 84, 148, 145, 83, 56, 42, 120, 5, 149, 38, 113, 131, 63, 106, 44, 105, 100, 90, 7, 75, 89, 18, 144, 77, 58, 115, 122, 37, 108, 25, 33, 117, 124, 99, 133, 129, 137, 118, 138, 60, 139, 103, 54, 91, 127, 135, 0, 30, 88, 93, 69, 39, 128, 12, 28, 21, 52, 142, 92, 72, 45, 48, 13, 55, 57, 109, 102, 65, 130, 34, 107, 110, 47, 85, 49, 119, 79, 62, 134, 125, 53, 87, 94, 104, 70, 23, 132, 29, 143, 136, 146, 41, 61, 147, 35, 140, 22, 114, 43, 50, 71, 81, 20, 36, 95, 111, 8, 97, 66, 46, 96, 59, 31, 116, 1, 68, 51, 74, 19, 14]"
Tho150,4700,8586204,191.38,19.9,10,63,0.5523,0.4319,10,150,42,"[101, 9, 16, 11, 15, 73, 67, 141, 112, 123, 10, 17, 32, 76, 26, 98, 78, 82, 64, 27, 121, 4, 126, 3, 2, 24, 86, 40, 80, 6, 84, 148, 145, 83, 56, 42, 120, 5, 149, 38, 113, 131, 63, 106, 44, 105, 100, 90, 7, 75, 89, 18, 144, 77, 58, 115, 122, 37, 108, 25, 33, 117, 124, 99, 133, 129, 137, 118, 138, 60, 139, 103, 54, 91, 127, 135, 0, 30, 88, 93, 69, 39, 94, 12, 28, 110, 52, 142, 92, 72, 45, 48, 13, 55, 57, 109, 102, 65, 130, 34, 107, 21, 47, 85, 49, 119, 79, 62, 134, 125, 53, 87, 128, 104, 70, 23, 132, 29, 143, 136, 66, 41, 61, 147, 35, 140, 22, 114, 43, 50, 71, 81, 20, 36, 95, 111, 8, 97, 146, 46, 96, 59, 31, 116, 1, 68, 51, 74, 19, 14]"
Tho150,4800,8579380,197.27,19.9,10,63,0.5523,0.4319,10,150,42,"[101, 9, 16, 11, 15, 73, 120, 141, 112, 5, 10, 17, 32, 76, 26, 98, 78, 82, 64, 27, 121, 4, 126, 3, 2, 24, 86, 40, 80, 6, 84, 148, 145, 83, 56, 42, 118, 123, 149, 38, 113, 131, 63, 106, 44, 105, 100, 90, 7, 75, 89, 18, 144, 77, 58, 115, 122, 37, 108, 25, 33, 117, 124, 99, 133, 129, 137, 67, 138, 60, 139, 103, 54, 91, 127, 135, 0, 30, 88, 79, 69, 39, 94, 12, 28, 110, 52, 142, 92, 72, 45, 48, 13, 55, 57, 109, 102, 65, 130, 34, 107, 21, 47, 85, 49, 119, 93, 62, 134, 125, 53, 87, 128, 104, 70, 23, 132, 29, 143, 136, 66, 41, 61, 147, 35, 140, 22, 114, 43, 50, 71, 81, 20, 36, 95, 111, 8, 97, 146, 46, 96, 59, 31, 116, 1, 68, 51, 74, 19, 14]"
Tho150,4900,8575882,203.18,19.9,10,63,0.5523,0.4319,10,150,42,"[101, 9, 16, 11, 15, 73, 120, 141, 112, 5, 10, 17, 32, 76, 26, 98, 78, 82, 64, 27, 121, 4, 126, 3, 2, 24, 86, 40, 80, 6, 84, 148, 145, 83, 56, 42, 118, 123, 149, 38, 113, 131, 63, 106, 44, 105, 100, 90, 7, 75, 89, 18, 144, 77, 58, 115, 122, 37, 108, 25, 33, 117, 124, 99, 133, 129, 137, 67, 138, 60, 139, 103, 142, 91, 127, 135, 0, 30, 88, 79, 69, 39, 94, 12, 130, 110, 52, 54, 92, 72, 45, 48, 13, 55, 57, 109, 102, 65, 28, 34, 107, 21, 47, 85, 49, 119, 93, 62, 134, 125, 53, 87, 128, 104, 70, 23, 132, 143, 29, 136, 66, 41, 61, 147, 35, 22, 140, 114, 43, 50, 71, 81, 20, 36, 95, 111, 8, 97, 146, 46, 96, 59, 31, 116, 1, 68, 51, 74, 19, 14]"
Tho150,5000,8575882,209.33,19.9,10,63,0.5523,0.4319,10,150,42,"[101, 9, 16, 11, 15, 73, 120, 141, 112, 5, 10, 17, 32, 76, 26, 98, 78, 82, 64, 27, 121, 4, 126, 3, 2, 24, 86, 40, 80, 6, 84, 148, 145, 83, 56, 42, 118, 123, 149, 38, 113, 131, 63, 106, 44, 105, 100, 90, 7, 75, 89, 18, 144, 77, 58, 115, 122, 37, 108, 25, 33, 117, 124, 99, 133, 129, 137, 67, 138, 60, 139, 103, 142, 91, 127, 135, 0, 30, 88, 79, 69, 39, 94, 12, 130, 110, 52, 54, 92, 72, 45, 48, 13, 55, 57, 109, 102, 65, 28, 34, 107, 21, 47, 85, 49, 119, 93, 62, 134, 125, 53, 87, 128, 104, 70, 23, 132, 143, 29, 136, 66, 41, 61, 147, 35, 22, 140, 114, 43, 50, 71, 81, 20, 36, 95, 111, 8, 97, 146, 46, 96, 59, 31, 116, 1, 68, 51, 74, 19, 14]"
Tho150,5100,8568880,215.34,19.9,10,63,0.5523,0.4319,10,150,42,"[101, 9, 16, 11, 15, 73, 120, 141, 112, 5, 10, 17, 32, 76, 26, 98, 78, 82, 64, 27, 121, 4, 126, 3, 2, 24, 86, 40, 80, 6, 84, 148, 145, 13, 56, 42, 118, 123, 149, 38, 113, 131, 63, 106, 44, 105, 100, 90, 7, 144, 89, 18, 75, 77, 58, 115, 122, 37, 108, 25, 33, 117, 124, 99, 133, 129, 137, 67, 138, 60, 139, 103, 142, 91, 127, 135, 0, 30, 88, 79, 69, 39, 94, 12, 130, 110, 52, 54, 92, 72, 45, 48, 83, 55, 57, 109, 102, 65, 28, 34, 107, 21, 47, 85, 49, 119, 93, 62, 134, 125, 53, 87, 128, 104, 70, 23, 132, 143, 29, 136, 66, 41, 61, 147, 35, 22, 140, 114, 43, 50, 71, 81, 20, 36, 95, 111, 8, 97, 146, 46, 96, 59, 31, 116, 1, 68, 51, 74, 19, 14]"
Tho150,5200,8565312,221.29,19.9,10,63,0.5523,0.4319,10,150,42,"[101, 9, 16, 11, 15, 73, 120, 141, 112, 5, 10, 17, 32, 76, 26, 98, 78, 82, 64, 27, 121, 4, 126, 3, 2, 24, 86, 40, 80, 6, 84, 148, 42, 13, 56, 145, 118, 123, 149, 38, 113, 131, 63, 106, 44, 105, 100, 90, 7, 144, 89, 18, 75, 77, 130, 115, 122, 37, 108, 25, 33, 117, 124, 99, 133, 129, 137, 67, 138, 60, 139, 103, 142, 91, 127, 135, 0, 30, 88, 79, 69, 39, 94, 12, 58, 110, 52, 54, 92, 72, 45, 48, 83, 55, 57, 109, 102, 65, 28, 34, 107, 21, 47, 85, 49, 119, 93, 62, 134, 125, 53, 87, 128, 104, 70, 23, 132, 143, 29, 136, 66, 41, 61, 147, 35, 22, 140, 114, 43, 50, 71, 81, 20, 36, 95, 111, 8, 97, 146, 46, 96, 59, 31, 116, 1, 68, 51, 74, 19, 14]"
Tho150,5300,8560086,227.05,19.9,10,63,0.5523,0.4319,10,150,42,"[101, 9, 16, 11, 15, 73, 120, 141, 112, 5, 113, 17, 32, 76, 26, 98, 78, 82, 64, 27, 121, 4, 126, 3, 2, 24, 86, 40, 80, 6, 84, 148, 42, 13, 56, 145, 118, 123, 149, 38, 10, 131, 63, 106, 44, 105, 100, 90, 7, 144, 79, 18, 75, 77, 130, 142, 122, 37, 108, 25, 33, 117, 124, 99, 133, 129, 137, 67, 138, 60, 139, 103, 115, 91, 127, 135, 0, 30, 88, 89, 69, 39, 94, 12, 58, 110, 52, 54, 92, 72, 45, 48, 83, 55, 57, 109, 102, 65, 28, 34, 107, 21, 47, 85, 49, 119, 93, 62, 134, 125, 53, 87, 128, 104, 70, 23, 132, 143, 29, 136, 66, 41, 61, 147, 35, 22, 140, 114, 43, 50, 71, 81, 20, 36, 95, 111, 8, 97, 146, 46, 96, 59, 31, 116, 1, 68, 51, 74, 19, 14]"
Tho150,5400,8552114,232.76,19.9,10,63,0.5523,0.4319,10,150,42,"[101, 9, 16, 11, 15, 73, 120, 141, 112, 5, 113, 17, 32, 76, 26, 98, 78, 82, 64, 27, 121, 4, 126, 3, 2, 24, 86, 40, 80, 6, 84, 148, 42, 13, 56, 145, 118, 123, 149, 38, 10, 60, 63, 106, 44, 105, 100, 90, 7, 144, 79, 18, 75, 77, 130, 142, 122, 37, 108, 25, 33, 117, 124, 99, 133, 129, 137, 67, 138, 131, 139, 103, 115, 91, 127, 135, 0, 30, 88, 89, 69, 39, 94, 12, 58, 110, 52, 54, 92, 72, 45, 48, 83, 55, 57, 109, 102, 65, 28, 34, 107, 21, 47, 85, 49, 119, 93, 62, 134, 125, 53, 87, 128, 104, 70, 23, 132, 143, 29, 136, 66, 41, 61, 147, 35, 22, 140, 114, 43, 50, 71, 36, 20, 81, 95, 111, 8, 97, 146, 46, 96, 59, 31, 116, 1, 68, 51, 74, 19, 14]"
Tho150,5500,8545646,238.49,19.88,10,63,0.5523,0.4319,10,150,42,"[101, 9, 16, 11, 15, 73, 120, 141, 112, 5, 113, 17, 32, 76, 26, 98, 78, 82, 64, 27, 121, 4, 126, 3, 2, 24, 86, 40, 80, 6, 84, 148, 42, 13, 56, 145, 118, 123, 149, 38, 10, 67, 63, 106, 44, 105, 100, 90, 7, 144, 79, 18, 75, 77, 130, 142, 122, 37, 108, 25, 33, 117, 124, 99, 133, 129, 137, 60, 138, 131, 139, 103, 115, 91, 127, 135, 0, 30, 88, 89, 69, 39, 94, 12, 58, 110, 52, 54, 92, 72, 45, 48, 83, 55, 57, 109, 102, 65, 28, 34, 107, 21, 47, 85, 49, 119, 93, 62, 134, 125, 53, 87, 128, 104, 70, 23, 132, 143, 29, 136, 66, 41, 19, 147, 35, 22, 140, 114, 43, 50, 71, 36, 20, 81, 95, 111, 8, 97, 146, 46, 96, 59, 31, 116, 1, 68, 51, 74, 61, 14]"
Tho150,5600,8540108,244.19,8.38,10,63,0.5523,0.4319,10,150,42,"[101, 9, 16, 11, 15, 73, 120, 141, 112, 5, 113, 17, 32, 76, 26, 98, 78, 82, 64, 27, 121, 4, 126, 3, 2, 24, 86, 40, 80, 6, 84, 148, 42, 13, 56, 145, 118, 123, 149, 38, 10, 67, 63, 106, 44, 105, 100, 90, 7, 144, 79, 18, 75, 77, 130, 142, 122, 37, 108, 25, 33, 117, 124, 99, 133, 129, 137, 60, 138, 131, 139, 103, 115, 91, 127, 135, 0, 30, 88, 89, 69, 39, 43, 12, 58, 110, 52, 54, 92, 72, 45, 48, 83, 55, 57, 109, 102, 65, 28, 34, 107, 21, 47, 85, 49, 119, 93, 62, 134, 125, 53, 87, 116, 104, 70, 23, 132, 143, 29, 136, 66, 41, 19, 147, 35, 22, 140, 114, 94, 50, 71, 36, 20, 81, 95, 111, 8, 97, 146, 46, 96, 59, 31, 128, 1, 68, 51, 74, 61, 14]"
Tho150,5700,8540108,249.89,8.38,10,63,0.5523,0.4319,10,150,42,"[101, 9, 16, 11, 15, 73, 120, 141, 112, 5, 113, 17, 32, 76, 26, 98, 78, 82, 64, 27, 121, 4, 126, 3, 2, 24, 86, 40, 80, 6, 84, 148, 42, 13, 56, 145, 118, 123, 149, 38, 10, 67, 63, 106, 44, 105, 100, 90, 7, 144, 79, 18, 75, 77, 130, 142, 122, 37, 108, 25, 33, 117, 124, 99, 133, 129, 137, 60, 138, 131, 139, 103, 115, 91, 127, 135, 0, 30, 88, 89, 69, 39, 43, 12, 58, 110, 52, 54, 92, 72, 45, 48, 83, 55, 57, 109, 102, 65, 28, 34, 107, 21, 47, 85, 49, 119, 93, 62, 134, 125, 53, 87, 116, 104, 70, 23, 132, 143, 29, 136, 66, 41, 19, 147, 35, 22, 140, 114, 94, 50, 71, 36, 20, 81, 95, 111, 8, 97, 146, 46, 96, 59, 31, 128, 1, 68, 51, 74, 61, 14]"
Tho150,5800,8538304,255.53,8.38,10,63,0.5523,0.4319,10,150,42,"[101, 9, 16, 11, 15, 73, 120, 141, 112, 5, 113, 17, 32, 76, 26, 98, 78, 82, 64, 27, 121, 4, 126, 3, 2, 24, 86, 40, 80, 6, 84, 148, 42, 13, 56, 145, 118, 123, 149, 38, 10, 67, 63, 106, 44, 105, 100, 90, 7, 144, 79, 18, 75, 77, 130, 142, 122, 37, 108, 25, 33, 117, 124, 99, 133, 129, 137, 60, 138, 131, 139, 103, 115, 91, 127, 135, 0, 93, 88, 89, 69, 39, 43, 12, 58, 110, 52, 54, 92, 72, 45, 48, 83, 55, 57, 109, 102, 65, 28, 34, 107, 21, 47, 85, 49, 119, 30, 62, 134, 125, 53, 87, 116, 104, 70, 23, 132, 143, 29, 136, 66, 41, 19, 147, 35, 22, 140, 114, 94, 50, 71, 36, 20, 81, 95, 111, 8, 97, 146, 46, 96, 59, 31, 128, 1, 68, 51, 74, 61, 14]"
Tho150,5900,8530912,261.38,8.38,10,63,0.5523,0.4319,10,150,42,"[101, 9, 16, 11, 15, 73, 120, 141, 112, 3, 113, 17, 32, 76, 26, 98, 78, 82, 117, 27, 121, 4, 126, 5, 2, 24, 86, 40, 80, 6, 84, 148, 42, 13, 56, 144, 118, 123, 149, 38, 10, 67, 63, 106, 44, 105, 100, 90, 7, 145, 79, 18, 75, 77, 130, 142, 122, 37, 108, 25, 33, 64, 124, 99, 133, 129, 137, 60, 138, 131, 139, 103, 115, 91, 127, 135, 0, 93, 88, 89, 69, 39, 43, 12, 110, 58, 52, 54, 92, 72, 45, 48, 83, 55, 57, 109, 102, 65, 28, 34, 107, 21, 47, 85, 49, 119, 30, 62, 134, 125, 53, 87, 116, 104, 70, 23, 132, 143, 29, 136, 66, 41, 19, 147, 35, 22, 140, 114, 94, 50, 71, 36, 20, 81, 95, 111, 8, 97, 146, 46, 96, 59, 31, 128, 1, 68, 51, 74, 61, 14]"
Tho150,6000,8530122,267.2,8.38,10,63,0.5523,0.4319,10,150,42,"[101, 9, 16, 11, 15, 73, 120, 141, 112, 3, 113, 17, 32, 76, 26, 98, 78, 82, 117, 27, 121, 4, 126, 5, 2, 24, 86, 40, 80, 6, 84, 148, 42, 13, 56, 144, 118, 123, 149, 38, 10, 67, 37, 106, 44, 105, 100, 90, 7, 145, 79, 18, 75, 77, 130, 142, 122, 63, 108, 25, 33, 64, 124, 99, 133, 129, 137, 60, 138, 131, 139, 103, 115, 91, 127, 135, 0, 93, 88, 89, 69, 39, 43, 12, 110, 58, 52, 54, 92, 72, 45, 48, 83, 55, 57, 109, 102, 65, 28, 34, 107, 21, 47, 85, 49, 119, 30, 62, 134, 125, 53, 87, 116, 104, 70, 23, 132, 143, 29, 136, 66, 41, 19, 147, 35, 22, 140, 114, 94, 50, 71, 36, 20, 81, 95, 111, 8, 97, 146, 46, 96, 59, 31, 128, 1, 68, 51, 74, 61, 14]"
Tho150,6100,8525570,273.14,8.38,10,63,0.5523,0.4319,10,150,42,"[101, 9, 16, 11, 15, 73, 120, 141, 112, 3, 113, 17, 44, 76, 26, 98, 78, 82, 117, 27, 121, 4, 126, 5, 2, 24, 86, 40, 80, 6, 84, 148, 42, 13, 56, 144, 118, 123, 149, 38, 92, 67, 37, 106, 32, 105, 100, 90, 7, 145, 79, 18, 75, 77, 130, 142, 122, 63, 108, 25, 33, 64, 124, 99, 133, 129, 137, 60, 138, 131, 139, 103, 115, 91, 127, 135, 0, 93, 88, 89, 69, 39, 43, 12, 110, 58, 52, 54, 10, 72, 45, 48, 83, 55, 57, 109, 102, 65, 28, 34, 107, 21, 47, 85, 49, 119, 30, 62, 134, 125, 53, 87, 116, 104, 70, 23, 132, 143, 29, 136, 66, 41, 19, 147, 35, 22, 140, 114, 94, 50, 71, 36, 20, 81, 95, 111, 8, 97, 146, 46, 96, 59, 31, 128, 1, 68, 51, 74, 61, 14]"
Tho150,6200,8523786,279.28,8.38,10,63,0.5523,0.4319,10,150,42,"[101, 9, 16, 11, 15, 73, 120, 141, 112, 17, 113, 3, 44, 76, 26, 98, 78, 82, 117, 27, 121, 4, 126, 5, 2, 24, 86, 40, 80, 6, 84, 148, 42, 13, 56, 144, 118, 123, 149, 38, 85, 67, 37, 106, 32, 105, 100, 90, 7, 145, 79, 18, 75, 77, 130, 142, 122, 63, 108, 25, 33, 64, 124, 99, 133, 129, 137, 60, 138, 131, 139, 103, 115, 91, 127, 135, 0, 93, 88, 89, 69, 39, 43, 12, 110, 58, 52, 54, 10, 72, 45, 48, 83, 55, 57, 109, 102, 65, 28, 34, 107, 21, 47, 92, 49, 119, 30, 62, 134, 125, 53, 87, 116, 104, 70, 23, 132, 143, 29, 136, 66, 41, 19, 147, 35, 22, 140, 114, 94, 50, 71, 36, 20, 81, 95, 111, 8, 97, 146, 46, 96, 59, 31, 128, 1, 68, 51, 74, 61, 14]"
Tho150,6300,8522962,285.4,8.38,10,63,0.5523,0.4319,10,150,42,"[101, 9, 16, 11, 15, 73, 120, 141, 112, 17, 113, 3, 44, 76, 26, 105, 78, 82, 117, 27, 121, 4, 126, 5, 2, 24, 86, 40, 80, 6, 84, 148, 42, 13, 56, 144, 118, 123, 149, 38, 85, 67, 37, 106, 32, 98, 100, 90, 7, 145, 79, 18, 75, 77, 130, 142, 122, 63, 108, 25, 33, 64, 124, 99, 133, 129, 137, 60, 138, 131, 139, 103, 115, 91, 127, 135, 0, 93, 88, 89, 69, 39, 43, 12, 110, 58, 52, 54, 10, 72, 45, 48, 83, 55, 57, 109, 102, 65, 28, 34, 107, 21, 47, 92, 49, 119, 30, 62, 134, 125, 53, 87, 116, 104, 70, 23, 132, 143, 29, 136, 66, 41, 19, 147, 35, 22, 140, 114, 94, 50, 71, 36, 20, 81, 95, 111, 8, 97, 146, 59, 96, 46, 31, 128, 1, 68, 51, 74, 61, 14]"
Tho150,6400,8509258,291.68,8.38,10,63,0.5523,0.4319,10,150,42,"[101, 9, 16, 11, 42, 73, 112, 141, 120, 17, 113, 3, 44, 76, 26, 105, 78, 82, 117, 27, 121, 4, 126, 5, 2, 24, 86, 40, 80, 6, 84, 148, 15, 13, 56, 144, 118, 123, 149, 38, 85, 67, 37, 106, 32, 98, 100, 90, 7, 145, 79, 18, 75, 77, 130, 142, 122, 143, 108, 25, 33, 64, 124, 99, 133, 129, 137, 60, 138, 131, 139, 103, 115, 91, 127, 135, 0, 93, 88, 89, 69, 39, 43, 12, 110, 58, 52, 54, 10, 72, 45, 48, 83, 55, 57, 109, 116, 65, 28, 34, 107, 21, 47, 92, 49, 119, 30, 62, 134, 125, 53, 87, 102, 104, 70, 23, 132, 63, 29, 136, 66, 41, 19, 147, 35, 22, 140, 114, 94, 50, 71, 36, 20, 81, 95, 111, 8, 97, 146, 59, 96, 46, 31, 128, 1, 68, 51, 74, 61, 14]"
Tho150,6500,8503912,297.94,8.38,10,63,0.5523,0.4319,10,150,42,"[101, 9, 16, 11, 42, 73, 112, 141, 120, 17, 113, 3, 44, 76, 26, 105, 78, 82, 117, 144, 121, 4, 77, 5, 2, 24, 86, 40, 80, 6, 84, 148, 15, 13, 56, 27, 118, 123, 149, 38, 85, 67, 37, 106, 32, 98, 100, 90, 7, 145, 79, 18, 75, 126, 130, 103, 122, 143, 108, 25, 33, 64, 124, 99, 133, 129, 137, 60, 138, 131, 139, 142, 115, 91, 127, 135, 0, 93, 88, 89, 69, 39, 43, 12, 110, 58, 52, 54, 10, 72, 45, 48, 83, 55, 57, 109, 116, 65, 28, 34, 107, 21, 47, 92, 49, 119, 30, 62, 134, 125, 53, 87, 102, 104, 70, 23, 132, 63, 29, 136, 66, 41, 19, 147, 35, 22, 140, 114, 94, 50, 71, 36, 20, 81, 95, 111, 8, 97, 146, 59, 96, 46, 31, 128, 1, 68, 51, 74, 61, 14]"
Tho150,6600,8501380,303.86,8.38,10,63,0.5523,0.4319,10,150,42,"[101, 9, 16, 11, 42, 73, 112, 141, 120, 17, 113, 3, 44, 76, 26, 105, 78, 82, 117, 144, 121, 4, 77, 49, 2, 24, 86, 40, 80, 6, 84, 148, 15, 27, 56, 13, 118, 123, 149, 38, 85, 67, 37, 106, 32, 98, 100, 90, 7, 145, 79, 18, 75, 126, 130, 103, 122, 143, 108, 25, 33, 64, 124, 99, 133, 129, 137, 12, 138, 131, 139, 142, 115, 91, 127, 135, 0, 93, 88, 89, 69, 39, 43, 60, 110, 58, 52, 54, 10, 72, 45, 48, 83, 55, 57, 109, 116, 65, 28, 34, 107, 21, 47, 92, 5, 119, 30, 62, 134, 125, 53, 87, 102, 104, 70, 23, 132, 63, 29, 136, 66, 41, 19, 147, 35, 22, 140, 114, 94, 50, 71, 36, 20, 81, 95, 111, 8, 97, 146, 59, 96, 46, 31, 128, 1, 68, 51, 74, 61, 14]"
Tho150,100,9421472,309.72,8.76,10,63,0.5523,0.4319,10,150,42,"[34, 35, 8, 63, 127, 31, 147, 144, 119, 123, 29, 84, 4, 82, 24, 101, 75, 67, 78, 149, 99, 10, 131, 46, 140, 110, 114, 2, 125, 19, 60, 87, 9, 3, 11, 17, 7, 59, 130, 92, 76, 37, 42, 122, 91, 15, 61, 100, 64, 56, 6, 22, 51, 13, 66, 32, 30, 133, 26, 38, 5, 58, 74, 81, 73, 1, 108, 52, 12, 18, 143, 103, 27, 39, 141, 115, 126, 146, 128, 20, 65, 136, 86, 57, 116, 14, 72, 95, 118, 120, 138, 36, 113, 25, 90, 139, 121, 53, 68, 0, 54, 50, 105, 45, 28, 124, 33, 107, 109, 106, 71, 132, 47, 85, 49, 142, 43, 16, 135, 70, 88, 129, 111, 83, 69, 137, 93, 96, 89, 134, 77, 79, 40, 23, 98, 97, 55, 80, 94, 48, 62, 148, 145, 41, 112, 117, 102, 104, 44, 21]"
Tho150,200,9307294,315.56,8.77,10,63,0.5523,0.4319,10,150,42,"[34, 87, 8, 63, 28, 31, 51, 144, 119, 82, 29, 84, 4, 120, 24, 101, 75, 67, 78, 149, 99, 10, 131, 46, 140, 110, 114, 2, 125, 19, 105, 35, 9, 64, 11, 3, 7, 59, 130, 38, 76, 37, 42, 122, 91, 123, 61, 100, 17, 132, 6, 22, 147, 13, 66, 72, 103, 133, 26, 92, 5, 58, 74, 81, 73, 1, 40, 52, 48, 18, 143, 134, 27, 39, 141, 115, 126, 146, 128, 32, 65, 136, 86, 57, 116, 14, 44, 95, 118, 71, 138, 36, 89, 25, 90, 139, 121, 53, 47, 113, 54, 50, 60, 45, 127, 124, 33, 107, 109, 77, 15, 56, 137, 85, 49, 142, 43, 16, 135, 70, 88, 129, 55, 83, 69, 68, 93, 96, 0, 30, 106, 79, 108, 23, 98, 97, 111, 80, 94, 12, 62, 148, 145, 41, 112, 104, 102, 117, 20, 21]"
Tho150,300,9227426,321.5,8.77,10,63,0.5523,0.4319,10,150,42,"[34, 87, 8, 21, 6, 31, 51, 66, 119, 82, 29, 84, 4, 120, 24, 101, 75, 67, 78, 149, 99, 10, 25, 46, 140, 1, 114, 2, 125, 19, 105, 35, 9, 64, 11, 3, 7, 59, 131, 38, 76, 37, 122, 42, 91, 97, 61, 100, 108, 132, 28, 22, 147, 13, 144, 72, 103, 133, 26, 92, 5, 58, 74, 81, 73, 110, 40, 52, 48, 18, 143, 54, 27, 39, 141, 115, 126, 146, 128, 32, 65, 136, 14, 57, 116, 86, 44, 113, 118, 71, 138, 36, 30, 130, 90, 139, 121, 53, 47, 95, 134, 50, 60, 45, 127, 124, 63, 107, 109, 77, 15, 56, 137, 85, 49, 142, 70, 16, 135, 43, 88, 129, 55, 83, 69, 68, 93, 96, 0, 89, 106, 79, 17, 23, 98, 123, 111, 148, 94, 12, 62, 80, 145, 41, 112, 104, 102, 117, 20, 33]"
Tho150,400,9158834,327.31,8.77,10,63,0.5523,0.4319,10,150,42,"[34, 87, 8, 21, 6, 31, 5, 136, 82, 119, 29, 84, 4, 120, 24, 101, 75, 67, 78, 149, 99, 10, 25, 46, 140, 1, 114, 2, 110, 19, 105, 35, 9, 64, 44, 3, 28, 59, 131, 38, 76, 37, 122, 42, 91, 97, 61, 100, 132, 102, 7, 125, 147, 13, 144, 72, 103, 133, 26, 92, 50, 58, 56, 81, 73, 22, 40, 52, 48, 14, 143, 54, 135, 39, 141, 115, 126, 146, 128, 32, 65, 66, 18, 57, 116, 86, 11, 113, 118, 71, 36, 138, 30, 130, 90, 121, 139, 53, 47, 95, 134, 51, 60, 45, 127, 124, 63, 107, 109, 77, 15, 74, 137, 85, 129, 142, 70, 16, 27, 43, 88, 69, 55, 83, 49, 68, 93, 96, 0, 89, 106, 79, 17, 23, 98, 123, 111, 148, 94, 12, 62, 80, 145, 41, 112, 104, 108, 117, 20, 33]"
Tho150,500,9116330,333.19,8.77,10,63,0.5523,0.4319,10,150,42,"[34, 87, 8, 21, 6, 31, 5, 136, 82, 49, 29, 84, 4, 42, 24, 101, 75, 67, 78, 149, 35, 10, 25, 46, 140, 1, 114, 2, 110, 19, 105, 99, 107, 64, 44, 3, 28, 59, 131, 38, 76, 37, 122, 120, 14, 97, 61, 100, 132, 102, 7, 125, 147, 13, 43, 72, 103, 133, 26, 92, 30, 58, 56, 81, 62, 22, 40, 52, 48, 91, 143, 54, 135, 39, 141, 115, 126, 146, 128, 32, 65, 66, 18, 57, 129, 86, 106, 113, 144, 71, 36, 138, 50, 130, 90, 121, 139, 53, 47, 95, 134, 51, 60, 45, 127, 124, 63, 83, 109, 77, 15, 74, 137, 85, 116, 142, 70, 16, 27, 118, 88, 68, 55, 9, 119, 69, 93, 96, 0, 89, 108, 79, 17, 23, 98, 123, 111, 148, 94, 12, 73, 80, 145, 41, 112, 104, 11, 20, 117, 33]"
Tho150,600,9055222,338.93,8.77,10,63,0.5523,0.4319,10,150,42,"[34, 87, 8, 21, 6, 31, 5, 136, 82, 49, 29, 84, 4, 25, 24, 101, 75, 67, 78, 149, 35, 10, 42, 46, 143, 1, 114, 2, 110, 19, 105, 99, 107, 64, 72, 3, 28, 77, 131, 38, 76, 37, 122, 120, 14, 97, 61, 100, 132, 7, 102, 125, 147, 44, 43, 13, 140, 91, 26, 92, 30, 58, 56, 81, 62, 22, 40, 52, 48, 133, 103, 54, 135, 39, 141, 115, 126, 146, 128, 32, 65, 66, 18, 36, 79, 86, 106, 113, 144, 71, 57, 138, 50, 130, 90, 121, 95, 53, 47, 139, 134, 51, 60, 45, 127, 124, 63, 83, 109, 59, 15, 74, 137, 85, 116, 142, 70, 16, 27, 118, 88, 68, 55, 9, 119, 69, 93, 96, 73, 89, 108, 129, 17, 23, 98, 123, 111, 148, 94, 12, 0, 80, 145, 41, 112, 104, 11, 117, 20, 33]"
Tho150,700,9031072,344.75,8.77,10,63,0.5523,0.4319,10,150,42,"[34, 87, 8, 21, 6, 31, 5, 136, 82, 49, 29, 84, 14, 25, 24, 101, 75, 67, 78, 149, 35, 10, 42, 46, 143, 1, 114, 2, 110, 19, 105, 99, 119, 70, 72, 3, 28, 77, 131, 133, 76, 37, 122, 120, 91, 97, 61, 83, 132, 7, 102, 125, 147, 44, 43, 13, 140, 4, 27, 92, 30, 58, 56, 81, 62, 22, 40, 52, 0, 38, 103, 54, 135, 39, 141, 126, 115, 146, 128, 32, 65, 90, 18, 36, 79, 86, 106, 113, 144, 71, 57, 138, 50, 130, 66, 121, 95, 53, 47, 139, 134, 51, 60, 45, 127, 124, 63, 100, 109, 59, 15, 74, 137, 85, 116, 142, 64, 16, 26, 118, 88, 68, 55, 9, 107, 145, 93, 96, 73, 89, 108, 129, 17, 23, 98, 123, 111, 148, 94, 12, 48, 80, 69, 41, 112, 104, 11, 117, 20, 33]"
Tho150,800,9023312,350.35,8.77,10,63,0.5523,0.4319,10,150,42,"[34, 87, 8, 21, 6, 10, 5, 136, 82, 49, 29, 84, 14, 25, 24, 101, 75, 67, 78, 66, 35, 31, 42, 46, 143, 1, 114, 2, 110, 19, 105, 99, 119, 70, 72, 3, 28, 77, 131, 133, 76, 37, 122, 135, 91, 97, 61, 83, 132, 7, 102, 125, 147, 44, 43, 13, 140, 4, 27, 92, 30, 58, 56, 81, 62, 22, 40, 52, 0, 38, 103, 54, 120, 39, 141, 126, 115, 146, 128, 32, 65, 90, 18, 51, 79, 86, 106, 113, 144, 71, 57, 138, 50, 130, 149, 121, 95, 53, 47, 139, 134, 36, 60, 45, 127, 124, 63, 100, 109, 89, 15, 74, 137, 85, 116, 142, 64, 16, 26, 118, 88, 68, 55, 9, 107, 145, 93, 96, 73, 59, 108, 129, 17, 23, 98, 123, 111, 148, 94, 12, 48, 80, 69, 41, 112, 104, 11, 117, 20, 33]"
Tho150,900,8994270,356.02,8.77,10,63,0.5523,0.4319,10,150,42,"[34, 87, 8, 21, 6, 10, 5, 136, 82, 49, 29, 84, 14, 25, 24, 101, 75, 67, 78, 66, 35, 31, 42, 46, 143, 1, 114, 2, 110, 19, 105, 99, 119, 138, 72, 3, 81, 128, 131, 133, 76, 37, 109, 135, 91, 97, 61, 83, 132, 7, 102, 125, 147, 44, 43, 13, 140, 4, 27, 92, 30, 58, 56, 28, 62, 22, 80, 52, 0, 38, 103, 54, 120, 39, 141, 126, 115, 146, 77, 32, 65, 90, 18, 51, 79, 86, 129, 113, 144, 71, 57, 70, 50, 130, 59, 121, 95, 53, 47, 139, 134, 36, 60, 45, 127, 124, 63, 100, 122, 89, 55, 93, 137, 108, 116, 142, 117, 16, 26, 33, 88, 68, 15, 9, 107, 145, 74, 96, 73, 149, 85, 106, 17, 23, 98, 123, 111, 148, 94, 12, 48, 40, 69, 41, 112, 104, 11, 64, 20, 118]"
Tho150,1000,8961334,361.97,8.77,10,63,0.5523,0.4319,10,150,42,"[34, 87, 8, 21, 6, 10, 5, 136, 82, 49, 29, 84, 14, 25, 24, 101, 35, 67, 78, 66, 128, 31, 42, 46, 143, 1, 114, 2, 23, 19, 105, 99, 119, 138, 72, 3, 81, 75, 131, 133, 76, 37, 109, 135, 91, 97, 61, 83, 132, 62, 102, 125, 149, 44, 43, 13, 140, 4, 27, 92, 28, 58, 56, 30, 7, 22, 80, 52, 0, 38, 103, 54, 120, 39, 141, 126, 115, 146, 77, 32, 65, 90, 18, 51, 79, 86, 129, 113, 134, 71, 57, 70, 50, 130, 59, 121, 95, 53, 47, 139, 144, 36, 60, 45, 127, 124, 63, 100, 122, 89, 55, 93, 137, 108, 116, 142, 117, 16, 26, 33, 88, 68, 15, 9, 107, 145, 74, 96, 73, 147, 85, 106, 17, 110, 98, 123, 111, 148, 94, 12, 48, 40, 69, 41, 112, 104, 11, 64, 20, 118]"
Tho150,1100,8904634,367.63,8.77,10,63,0.5523,0.4319,10,150,42,"[34, 87, 8, 21, 6, 10, 5, 136, 82, 49, 29, 84, 14, 76, 24, 101, 35, 67, 83, 66, 30, 31, 42, 46, 143, 1, 114, 2, 23, 19, 105, 99, 119, 138, 72, 3, 81, 65, 131, 133, 25, 37, 140, 135, 91, 97, 61, 38, 132, 62, 102, 125, 149, 44, 43, 13, 60, 4, 27, 92, 28, 58, 56, 128, 7, 22, 80, 52, 0, 78, 103, 54, 120, 39, 141, 126, 115, 146, 32, 77, 75, 90, 18, 51, 79, 86, 129, 113, 134, 71, 57, 70, 50, 130, 59, 121, 95, 53, 47, 139, 144, 36, 109, 45, 127, 124, 63, 100, 108, 89, 55, 93, 137, 122, 116, 142, 117, 16, 110, 33, 88, 68, 15, 9, 107, 145, 74, 96, 73, 147, 85, 106, 17, 26, 98, 123, 111, 148, 94, 12, 48, 40, 69, 41, 112, 104, 11, 64, 20, 118]"
Tho150,1200,8889014,370.92,8.77,10,63,0.5523,0.4319,10,150,42,"[34, 87, 8, 21, 6, 10, 5, 136, 82, 49, 29, 84, 14, 76, 24, 101, 35, 67, 83, 66, 30, 31, 42, 46, 143, 1, 114, 2, 23, 19, 105, 63, 119, 138, 72, 3, 81, 65, 131, 133, 25, 37, 140, 135, 91, 97, 61, 38, 132, 32, 102, 125, 149, 44, 43, 13, 60, 4, 27, 92, 28, 58, 56, 128, 7, 22, 80, 52, 0, 78, 103, 54, 120, 39, 141, 126, 146, 115, 62, 77, 75, 90, 18, 51, 79, 86, 144, 113, 134, 71, 57, 70, 50, 130, 59, 121, 95, 137, 47, 139, 129, 36, 109, 45, 127, 124, 99, 100, 108, 89, 55, 93, 53, 122, 116, 142, 117, 16, 110, 33, 88, 68, 15, 9, 107, 145, 74, 96, 73, 147, 85, 118, 17, 26, 98, 123, 111, 148, 94, 12, 48, 40, 69, 41, 112, 104, 11, 64, 20, 106]"
Tho150,1300,8867082,372.89,8.77,10,63,0.5523,0.4319,10,150,42,"[34, 87, 8, 21, 6, 10, 5, 136, 82, 49, 29, 84, 114, 76, 141, 101, 35, 67, 83, 66, 30, 31, 42, 46, 143, 1, 14, 2, 23, 19, 105, 63, 50, 138, 61, 3, 81, 65, 131, 133, 25, 37, 140, 135, 91, 97, 72, 38, 132, 32, 102, 125, 149, 44, 43, 13, 60, 4, 27, 71, 28, 58, 56, 128, 7, 22, 80, 52, 0, 78, 103, 54, 120, 39, 24, 126, 146, 115, 62, 77, 75, 90, 18, 51, 79, 86, 144, 113, 134, 92, 57, 70, 119, 130, 59, 121, 100, 137, 47, 139, 129, 36, 109, 45, 127, 124, 99, 95, 108, 89, 55, 112, 53, 122, 116, 142, 117, 16, 110, 33, 88, 68, 15, 9, 107, 145, 74, 96, 73, 147, 85, 118, 17, 26, 98, 123, 111, 148, 94, 12, 48, 40, 69, 41, 93, 104, 11, 64, 20, 106]"
Tho150,1400,8852630,375.52,7.65,10,63,0.5523,0.4319,10,150,42,"[34, 87, 8, 21, 6, 10, 5, 136, 82, 49, 29, 84, 114, 76, 141, 101, 35, 67, 83, 66, 30, 119, 42, 46, 143, 1, 14, 2, 23, 19, 105, 63, 50, 138, 61, 3, 81, 65, 131, 133, 25, 37, 140, 135, 91, 97, 72, 38, 132, 32, 102, 125, 149, 44, 43, 13, 60, 4, 103, 71, 28, 58, 56, 128, 7, 22, 80, 52, 0, 78, 27, 54, 120, 39, 24, 126, 146, 115, 62, 77, 75, 90, 18, 51, 79, 86, 144, 113, 134, 92, 112, 70, 31, 130, 59, 121, 100, 137, 47, 139, 129, 36, 109, 45, 127, 124, 15, 95, 108, 89, 55, 57, 53, 122, 116, 142, 117, 98, 110, 33, 88, 68, 99, 9, 107, 145, 74, 96, 73, 147, 85, 118, 17, 26, 16, 123, 111, 148, 94, 12, 48, 40, 69, 41, 93, 104, 11, 64, 20, 106]"
Tho150,1500,8819074,378.01,6.73,10,63,0.5523,0.4319,10,150,42,"[34, 87, 8, 21, 6, 10, 5, 136, 82, 49, 29, 84, 114, 76, 141, 101, 61, 67, 83, 66, 30, 119, 42, 46, 143, 1, 14, 110, 23, 3, 105, 124, 50, 138, 35, 19, 81, 65, 131, 133, 25, 37, 140, 135, 91, 97, 72, 38, 132, 32, 52, 125, 149, 43, 44, 13, 60, 4, 103, 71, 28, 58, 56, 128, 7, 22, 80, 102, 0, 78, 27, 54, 120, 39, 24, 126, 146, 115, 62, 77, 75, 90, 18, 51, 79, 86, 144, 113, 134, 92, 112, 70, 31, 130, 59, 121, 100, 137, 47, 139, 129, 36, 109, 45, 127, 63, 15, 95, 108, 89, 55, 57, 53, 122, 116, 142, 85, 98, 2, 33, 88, 68, 99, 9, 107, 145, 73, 96, 74, 147, 117, 118, 17, 26, 16, 123, 111, 148, 94, 12, 48, 40, 69, 41, 93, 104, 64, 11, 20, 106]"
Tho150,1600,8809402,380.54,6.73,10,63,0.5523,0.4319,10,150,42,"[34, 87, 8, 21, 6, 10, 5, 136, 82, 49, 29, 84, 114, 76, 141, 101, 61, 67, 83, 66, 30, 119, 42, 19, 143, 1, 14, 110, 23, 3, 105, 124, 50, 138, 35, 46, 81, 65, 131, 133, 25, 37, 115, 135, 91, 97, 72, 38, 132, 32, 52, 125, 51, 43, 44, 13, 60, 4, 103, 71, 28, 140, 56, 128, 7, 22, 80, 102, 0, 78, 27, 54, 120, 39, 24, 126, 146, 31, 62, 77, 75, 90, 18, 149, 79, 86, 144, 113, 134, 92, 15, 70, 58, 130, 59, 121, 100, 137, 47, 139, 116, 36, 109, 45, 127, 63, 112, 95, 108, 89, 55, 57, 53, 122, 129, 142, 85, 98, 2, 33, 88, 68, 99, 9, 107, 145, 73, 96, 74, 147, 117, 118, 17, 26, 16, 123, 111, 148, 48, 12, 94, 40, 69, 41, 93, 104, 64, 11, 20, 106]"
Tho150,1700,8791088,384.15,6.73,10,63,0.5523,0.4319,10,150,42,"[34, 87, 8, 21, 6, 10, 5, 136, 82, 49, 29, 84, 114, 76, 141, 101, 61, 67, 83, 66, 30, 119, 42, 19, 37, 1, 14, 110, 23, 3, 105, 124, 50, 138, 38, 46, 81, 65, 131, 133, 25, 60, 115, 135, 91, 97, 35, 72, 132, 32, 52, 125, 51, 43, 107, 13, 143, 4, 92, 71, 28, 140, 56, 128, 7, 22, 80, 102, 53, 78, 27, 54, 120, 39, 24, 126, 146, 31, 62, 77, 75, 90, 18, 149, 79, 86, 144, 113, 134, 129, 15, 70, 58, 130, 59, 121, 100, 137, 47, 139, 116, 36, 44, 45, 127, 63, 112, 95, 108, 89, 69, 57, 0, 122, 103, 142, 85, 98, 2, 33, 88, 68, 99, 9, 109, 145, 73, 96, 74, 147, 117, 118, 17, 26, 16, 123, 111, 148, 48, 12, 94, 40, 55, 41, 93, 104, 64, 11, 20, 106]"
Tho150,1800,8779056,389.78,6.73,10,63,0.5523,0.4319,10,150,42,"[61, 87, 8, 21, 84, 10, 5, 136, 82, 49, 29, 6, 114, 76, 141, 101, 34, 67, 83, 66, 30, 119, 42, 19, 37, 1, 14, 110, 23, 3, 105, 124, 50, 138, 38, 46, 81, 65, 131, 133, 25, 60, 115, 135, 91, 97, 35, 148, 132, 32, 52, 125, 51, 43, 107, 13, 143, 4, 92, 71, 28, 140, 56, 128, 7, 22, 80, 102, 53, 78, 27, 54, 120, 39, 24, 126, 146, 31, 62, 77, 75, 90, 18, 149, 79, 86, 144, 113, 134, 129, 15, 70, 58, 130, 59, 121, 100, 137, 47, 139, 116, 36, 44, 45, 127, 63, 112, 95, 108, 89, 69, 57, 0, 122, 103, 142, 85, 98, 2, 33, 88, 68, 99, 9, 109, 145, 73, 96, 74, 147, 117, 118, 17, 26, 16, 123, 111, 72, 48, 12, 94, 40, 55, 41, 93, 104, 64, 11, 20, 106]"
Tho150,1900,8768816,395.52,5.75,10,63,0.5523,0.4319,10,150,42,"[61, 87, 8, 21, 84, 10, 5, 136, 82, 49, 29, 6, 114, 76, 141, 101, 34, 67, 83, 66, 30, 119, 42, 19, 37, 1, 14, 110, 23, 3, 105, 124, 50, 138, 38, 46, 81, 65, 131, 133, 25, 60, 115, 135, 106, 97, 35, 148, 132, 32, 52, 125, 51, 43, 107, 13, 143, 4, 92, 71, 56, 140, 28, 128, 7, 22, 80, 102, 53, 78, 27, 54, 120, 39, 24, 126, 146, 31, 62, 77, 75, 90, 18, 137, 79, 86, 144, 113, 134, 129, 15, 70, 58, 130, 59, 121, 100, 149, 47, 139, 116, 36, 44, 45, 127, 63, 112, 95, 108, 89, 69, 57, 0, 122, 103, 142, 85, 98, 2, 33, 68, 88, 99, 9, 109, 145, 73, 96, 74, 147, 41, 118, 17, 26, 16, 123, 111, 72, 48, 12, 94, 40, 55, 117, 93, 104, 64, 11, 20, 91]"
Tho150,2000,8760464,401.34,5.75,10,63,0.5523,0.4319,10,150,42,"[61, 87, 8, 21, 84, 10, 5, 136, 82, 49, 29, 6, 114, 76, 141, 101, 34, 67, 83, 66, 30, 119, 42, 19, 1, 37, 14, 110, 23, 3, 105, 124, 50, 138, 38, 46, 81, 65, 131, 133, 25, 60, 115, 135, 106, 97, 35, 148, 132, 32, 128, 125, 51, 43, 107, 13, 143, 4, 92, 71, 56, 140, 28, 52, 7, 22, 80, 102, 103, 78, 27, 54, 120, 39, 24, 126, 146, 31, 62, 77, 75, 90, 18, 137, 79, 86, 144, 113, 134, 129, 15, 70, 58, 130, 59, 121, 100, 149, 47, 139, 116, 36, 44, 45, 127, 63, 9, 95, 108, 89, 69, 57, 0, 122, 53, 142, 85, 98, 2, 33, 68, 88, 99, 112, 109, 145, 73, 96, 74, 147, 41, 118, 17, 26, 16, 123, 111, 72, 48, 12, 94, 40, 55, 117, 93, 104, 64, 11, 20, 91]"
Tho150,2100,8751478,407.17,5.76,10,63,0.5523,0.4319,10,150,42,"[61, 87, 8, 21, 84, 10, 5, 136, 82, 49, 29, 6, 114, 76, 141, 101, 34, 67, 83, 66, 30, 119, 42, 19, 1, 37, 14, 110, 23, 3, 105, 124, 50, 138, 38, 46, 81, 65, 93, 133, 13, 60, 115, 131, 106, 97, 35, 148, 132, 32, 128, 125, 51, 43, 107, 25, 143, 4, 92, 71, 56, 140, 28, 52, 7, 22, 80, 102, 103, 78, 27, 54, 120, 39, 24, 126, 146, 31, 62, 77, 75, 90, 18, 137, 79, 86, 144, 113, 134, 129, 15, 70, 58, 130, 59, 121, 100, 149, 47, 139, 116, 36, 44, 45, 127, 63, 88, 95, 108, 89, 69, 57, 0, 122, 53, 142, 85, 98, 2, 33, 68, 9, 99, 112, 109, 145, 73, 96, 74, 147, 41, 118, 17, 26, 16, 123, 111, 72, 48, 12, 94, 40, 55, 117, 135, 104, 64, 11, 20, 91]"
Tho150,2200,8745674,412.87,5.76,10,63,0.5523,0.4319,10,150,42,"[61, 87, 8, 21, 84, 10, 5, 136, 82, 49, 29, 6, 114, 76, 141, 101, 34, 67, 83, 66, 30, 119, 42, 19, 1, 37, 14, 110, 23, 3, 105, 97, 50, 138, 38, 46, 81, 65, 93, 144, 13, 60, 115, 131, 106, 124, 35, 148, 132, 32, 128, 125, 51, 43, 47, 25, 143, 4, 92, 71, 56, 140, 28, 52, 7, 22, 80, 102, 103, 78, 27, 54, 120, 39, 24, 126, 146, 31, 62, 77, 75, 90, 18, 137, 79, 86, 133, 113, 134, 129, 15, 70, 58, 130, 59, 121, 100, 149, 107, 139, 116, 36, 44, 45, 127, 63, 88, 95, 108, 89, 69, 57, 0, 122, 53, 142, 85, 98, 2, 33, 68, 9, 99, 112, 109, 145, 73, 96, 74, 147, 41, 118, 17, 26, 16, 123, 111, 72, 48, 12, 94, 40, 55, 117, 135, 104, 64, 11, 20, 91]"
Tho150,2300,8740276,418.91,5.77,10,63,0.5523,0.4319,10,150,42,"[61, 87, 8, 21, 5, 10, 84, 136, 82, 49, 29, 6, 114, 76, 141, 101, 34, 67, 83, 66, 30, 119, 42, 19, 1, 37, 14, 110, 23, 3, 105, 97, 50, 138, 38, 46, 81, 65, 93, 144, 13, 60, 115, 131, 106, 124, 35, 148, 132, 32, 128, 125, 51, 43, 47, 25, 143, 4, 92, 71, 56, 140, 28, 52, 7, 22, 80, 102, 103, 78, 27, 54, 120, 39, 24, 126, 146, 31, 62, 77, 75, 94, 18, 137, 79, 36, 133, 113, 134, 129, 15, 70, 58, 130, 59, 121, 100, 149, 107, 139, 116, 86, 44, 45, 127, 63, 88, 95, 108, 89, 69, 57, 0, 122, 53, 142, 85, 98, 2, 33, 68, 9, 99, 112, 109, 145, 73, 96, 74, 135, 41, 118, 17, 26, 16, 123, 111, 72, 117, 12, 90, 40, 55, 48, 147, 104, 64, 11, 20, 91]"
Tho150,2400,8740276,424.78,5.77,10,63,0.5523,0.4319,10,150,42,"[61, 87, 8, 21, 5, 10, 84, 136, 82, 49, 29, 6, 114, 76, 141, 101, 34, 67, 83, 66, 30, 119, 42, 19, 1, 37, 14, 110, 23, 3, 105, 97, 50, 138, 38, 46, 81, 65, 93, 144, 13, 60, 115, 131, 106, 124, 35, 148, 132, 32, 128, 125, 51, 43, 47, 25, 143, 4, 92, 71, 56, 140, 28, 52, 7, 22, 80, 102, 103, 78, 27, 54, 120, 39, 24, 126, 146, 31, 62, 77, 75, 94, 18, 137, 79, 36, 133, 113, 134, 129, 15, 70, 58, 130, 59, 121, 100, 149, 107, 139, 116, 86, 44, 45, 127, 63, 88, 95, 108, 89, 69, 57, 0, 122, 53, 142, 85, 98, 2, 33, 68, 9, 99, 112, 109, 145, 73, 96, 74, 135, 41, 118, 17, 26, 16, 123, 111, 72, 117, 12, 90, 40, 55, 48, 147, 104, 64, 11, 20, 91]"
Tho150,2500,8733660,430.61,5.77,10,63,0.5523,0.4319,10,150,42,"[61, 87, 8, 21, 5, 10, 84, 136, 82, 49, 29, 6, 114, 76, 141, 101, 34, 67, 83, 66, 30, 119, 42, 19, 1, 37, 14, 110, 23, 3, 105, 97, 50, 138, 38, 46, 81, 65, 93, 144, 13, 60, 115, 131, 106, 124, 35, 148, 132, 32, 128, 125, 51, 47, 43, 25, 143, 4, 92, 71, 56, 140, 28, 52, 7, 22, 80, 102, 103, 78, 27, 54, 120, 39, 24, 126, 146, 31, 62, 77, 75, 94, 18, 137, 79, 36, 86, 113, 134, 129, 15, 70, 58, 130, 59, 121, 100, 149, 107, 139, 116, 133, 44, 64, 127, 63, 88, 95, 108, 89, 69, 57, 0, 122, 53, 142, 85, 26, 2, 33, 68, 9, 99, 112, 109, 145, 73, 96, 74, 135, 41, 118, 17, 98, 16, 123, 111, 72, 117, 12, 90, 40, 55, 48, 147, 104, 45, 11, 20, 91]"
Tho150,2600,8710202,436.6,4.88,10,63,0.5523,0.4319,10,150,42,"[61, 8, 87, 21, 5, 10, 84, 136, 82, 49, 29, 6, 114, 76, 141, 101, 34, 67, 83, 66, 30, 119, 80, 19, 1, 37, 14, 110, 23, 3, 105, 97, 50, 138, 140, 46, 81, 65, 93, 144, 13, 60, 115, 131, 106, 124, 35, 148, 132, 32, 128, 125, 51, 47, 43, 25, 143, 4, 92, 71, 56, 38, 28, 52, 7, 22, 42, 102, 103, 78, 27, 54, 120, 39, 24, 126, 146, 31, 62, 77, 75, 94, 18, 137, 79, 36, 86, 113, 134, 129, 15, 70, 58, 130, 59, 121, 12, 149, 107, 139, 116, 133, 44, 64, 127, 63, 88, 95, 108, 0, 69, 57, 89, 122, 53, 142, 85, 26, 2, 33, 68, 9, 99, 112, 109, 145, 73, 96, 74, 135, 41, 118, 17, 98, 16, 123, 111, 72, 117, 100, 90, 40, 55, 48, 147, 104, 45, 11, 20, 91]"
Tho150,2700,8701534,441.43,6.31,10,63,0.5523,0.4319,10,150,42,"[61, 8, 87, 21, 5, 10, 84, 136, 82, 49, 29, 6, 114, 76, 141, 101, 34, 67, 83, 66, 30, 119, 80, 19, 1, 37, 14, 110, 23, 3, 105, 97, 50, 138, 140, 46, 81, 65, 51, 144, 13, 60, 115, 131, 106, 124, 35, 148, 132, 32, 128, 125, 93, 47, 43, 25, 143, 4, 71, 92, 56, 38, 28, 52, 7, 22, 42, 102, 103, 78, 27, 54, 120, 39, 24, 126, 146, 31, 62, 77, 75, 94, 18, 137, 79, 36, 86, 113, 134, 129, 15, 70, 58, 130, 59, 121, 12, 149, 107, 133, 116, 139, 44, 64, 127, 63, 88, 95, 108, 0, 69, 57, 89, 122, 53, 142, 85, 26, 2, 33, 68, 9, 99, 112, 109, 145, 73, 96, 74, 135, 41, 118, 17, 98, 16, 123, 111, 72, 117, 100, 90, 40, 55, 48, 147, 104, 45, 11, 20, 91]"
Tho150,2800,8691448,446.97,6.3,10,63,0.5523,0.4319,10,150,42,"[61, 8, 148, 21, 5, 10, 84, 136, 82, 49, 29, 6, 17, 76, 141, 101, 34, 67, 83, 66, 30, 119, 80, 132, 1, 37, 14, 110, 23, 3, 105, 97, 50, 138, 140, 46, 81, 65, 51, 144, 13, 60, 115, 131, 106, 124, 35, 87, 19, 32, 128, 125, 93, 47, 43, 25, 143, 4, 71, 92, 56, 38, 28, 52, 7, 22, 42, 102, 103, 78, 27, 54, 120, 39, 24, 126, 146, 31, 62, 77, 75, 94, 18, 137, 79, 36, 86, 113, 134, 129, 15, 70, 58, 130, 59, 121, 12, 149, 107, 133, 116, 139, 44, 64, 127, 63, 88, 95, 108, 0, 69, 57, 89, 122, 53, 142, 85, 26, 2, 33, 68, 9, 99, 112, 109, 145, 73, 96, 74, 135, 41, 118, 11, 98, 16, 123, 111, 72, 117, 100, 90, 40, 55, 48, 147, 104, 45, 114, 20, 91]"
Tho150,2900,8687868,452.27,6.31,10,63,0.5523,0.4319,10,150,42,"[61, 8, 148, 21, 5, 10, 84, 136, 82, 49, 29, 6, 17, 76, 141, 101, 34, 67, 83, 66, 30, 119, 80, 132, 1, 37, 14, 110, 23, 3, 105, 97, 50, 138, 140, 46, 81, 65, 51, 144, 13, 60, 115, 131, 106, 124, 35, 87, 19, 32, 128, 125, 93, 47, 43, 25, 143, 4, 71, 92, 56, 38, 28, 52, 7, 22, 42, 102, 103, 78, 27, 54, 120, 39, 24, 126, 146, 31, 62, 77, 75, 94, 18, 137, 79, 36, 86, 113, 134, 129, 15, 70, 58, 130, 59, 121, 12, 149, 107, 53, 116, 139, 44, 64, 127, 63, 88, 95, 108, 0, 69, 57, 89, 122, 133, 142, 85, 26, 2, 33, 68, 9, 99, 112, 109, 145, 73, 96, 74, 45, 41, 118, 11, 98, 16, 123, 111, 72, 117, 100, 90, 40, 55, 48, 147, 104, 135, 114, 20, 91]"
Tho150,3000,8686160,458.11,6.32,10,63,0.5523,0.4319,10,150,42,"[61, 8, 148, 21, 5, 46, 84, 136, 82, 49, 29, 6, 17, 76, 141, 97, 34, 67, 83, 66, 30, 119, 80, 132, 1, 37, 14, 110, 23, 3, 105, 101, 50, 138, 140, 10, 81, 65, 51, 144, 13, 60, 115, 131, 106, 124, 35, 87, 19, 32, 42, 125, 93, 47, 43, 25, 143, 4, 71, 92, 56, 38, 28, 52, 7, 22, 128, 102, 103, 78, 27, 54, 120, 39, 24, 126, 146, 31, 62, 77, 75, 94, 18, 137, 79, 36, 86, 113, 134, 129, 15, 70, 58, 130, 59, 121, 12, 149, 107, 53, 116, 139, 44, 64, 127, 63, 88, 95, 108, 0, 69, 57, 89, 122, 133, 142, 85, 26, 2, 33, 68, 9, 99, 112, 109, 145, 73, 96, 74, 45, 41, 118, 11, 98, 16, 123, 111, 72, 117, 100, 90, 40, 55, 48, 147, 104, 135, 114, 20, 91]"
Tho150,3100,8679210,464.24,6.32,10,63,0.5523,0.4319,10,150,42,"[61, 8, 148, 21, 5, 46, 84, 136, 82, 49, 110, 6, 17, 76, 141, 97, 34, 67, 83, 66, 30, 119, 80, 132, 1, 37, 14, 29, 23, 3, 105, 101, 50, 138, 140, 10, 81, 65, 51, 144, 13, 4, 115, 134, 106, 124, 35, 87, 19, 32, 42, 125, 93, 47, 43, 25, 143, 60, 71, 92, 56, 38, 28, 52, 7, 22, 128, 102, 103, 78, 27, 54, 120, 39, 24, 126, 146, 31, 62, 77, 75, 94, 18, 137, 79, 36, 86, 113, 131, 129, 15, 70, 58, 130, 59, 121, 12, 149, 107, 53, 116, 139, 44, 64, 127, 63, 88, 95, 108, 0, 69, 57, 89, 122, 133, 142, 85, 26, 2, 33, 68, 9, 99, 112, 109, 145, 73, 48, 74, 45, 41, 118, 11, 98, 16, 123, 111, 72, 117, 100, 90, 40, 55, 96, 147, 104, 135, 114, 20, 91]"
Tho150,3200,8675408,470.35,6.33,10,63,0.5523,0.4319,10,150,42,"[61, 8, 148, 21, 5, 46, 84, 136, 82, 49, 110, 6, 17, 76, 141, 97, 34, 67, 83, 66, 30, 119, 80, 37, 1, 132, 14, 29, 23, 3, 105, 101, 50, 138, 140, 10, 81, 65, 51, 144, 13, 4, 115, 134, 106, 124, 35, 87, 19, 32, 42, 125, 93, 47, 43, 25, 143, 60, 71, 92, 56, 38, 28, 52, 7, 75, 128, 102, 103, 78, 27, 54, 120, 39, 24, 126, 68, 31, 62, 77, 22, 94, 18, 137, 79, 36, 86, 113, 131, 129, 88, 70, 58, 130, 59, 100, 12, 149, 107, 53, 116, 139, 44, 64, 127, 63, 15, 95, 108, 0, 69, 57, 89, 122, 133, 142, 85, 26, 2, 33, 146, 9, 99, 112, 109, 145, 73, 48, 74, 45, 41, 118, 11, 98, 16, 123, 111, 72, 117, 121, 90, 40, 55, 96, 147, 104, 135, 114, 20, 91]"
Tho150,3300,8671268,476.25,6.33,10,63,0.5523,0.4319,10,150,42,"[61, 8, 148, 21, 5, 46, 84, 136, 82, 49, 110, 6, 17, 76, 141, 97, 34, 67, 83, 66, 30, 119, 80, 37, 1, 132, 14, 29, 23, 3, 105, 101, 50, 138, 140, 10, 81, 65, 51, 144, 13, 120, 115, 134, 106, 124, 35, 87, 19, 32, 42, 125, 93, 47, 43, 25, 143, 60, 71, 92, 56, 38, 28, 52, 7, 75, 128, 102, 103, 78, 27, 54, 4, 39, 24, 126, 68, 31, 62, 77, 22, 94, 18, 137, 79, 36, 86, 113, 131, 129, 88, 70, 58, 130, 59, 100, 12, 149, 107, 53, 116, 139, 44, 64, 127, 63, 15, 95, 108, 0, 69, 57, 89, 122, 133, 142, 85, 26, 2, 33, 146, 9, 99, 112, 109, 145, 73, 48, 74, 45, 41, 118, 11, 98, 16, 123, 111, 72, 117, 121, 90, 40, 55, 96, 147, 104, 135, 114, 20, 91]"
Tho150,3400,8670206,482.21,6.33,10,63,0.5523,0.4319,10,150,42,"[61, 8, 148, 21, 5, 46, 84, 136, 82, 49, 110, 6, 17, 76, 141, 97, 34, 67, 83, 66, 30, 119, 80, 37, 1, 132, 14, 29, 23, 3, 105, 101, 50, 138, 140, 10, 81, 65, 51, 144, 13, 120, 115, 134, 106, 124, 35, 87, 19, 32, 42, 125, 93, 47, 43, 25, 143, 60, 71, 92, 56, 38, 28, 52, 7, 75, 128, 102, 103, 78, 27, 54, 4, 39, 24, 70, 68, 31, 62, 77, 22, 94, 18, 137, 79, 36, 86, 113, 131, 129, 88, 126, 58, 130, 59, 100, 12, 149, 107, 53, 116, 139, 44, 64, 33, 63, 15, 95, 108, 0, 69, 57, 89, 122, 133, 142, 85, 26, 2, 127, 146, 9, 99, 112, 109, 145, 73, 48, 74, 45, 41, 118, 11, 98, 16, 123, 111, 72, 117, 121, 90, 40, 55, 96, 147, 104, 135, 114, 20, 91]"
Tho150,3500,8669192,488.22,6.33,10,63,0.5523,0.4319,10,150,42,"[61, 8, 148, 21, 5, 46, 84, 136, 82, 49, 110, 6, 17, 76, 141, 97, 34, 67, 83, 66, 30, 119, 80, 37, 1, 132, 14, 29, 23, 3, 105, 101, 50, 138, 140, 10, 81, 65, 51, 144, 13, 120, 115, 134, 106, 124, 35, 87, 19, 32, 42, 125, 54, 47, 43, 25, 143, 60, 71, 92, 56, 38, 28, 52, 7, 75, 128, 102, 103, 78, 27, 93, 4, 39, 24, 70, 68, 31, 62, 77, 22, 94, 18, 137, 79, 36, 86, 113, 131, 129, 88, 126, 58, 130, 59, 100, 12, 149, 107, 53, 116, 139, 44, 64, 33, 63, 15, 95, 108, 0, 69, 57, 89, 122, 133, 142, 85, 26, 2, 127, 146, 9, 99, 112, 109, 145, 73, 48, 74, 45, 41, 118, 11, 98, 16, 123, 111, 72, 117, 121, 90, 40, 55, 96, 147, 104, 135, 114, 20, 91]"
Tho150,3600,8659902,494.37,6.33,10,63,0.5523,0.4319,10,150,42,"[61, 8, 148, 21, 5, 46, 84, 136, 82, 49, 110, 6, 17, 76, 141, 97, 34, 67, 83, 66, 30, 119, 134, 37, 1, 132, 14, 29, 23, 3, 105, 101, 50, 138, 140, 10, 81, 65, 51, 144, 13, 120, 115, 80, 106, 124, 35, 87, 19, 32, 127, 125, 54, 47, 43, 25, 143, 60, 71, 92, 56, 38, 28, 52, 7, 75, 128, 102, 103, 78, 27, 93, 4, 39, 24, 70, 68, 31, 62, 77, 22, 94, 18, 137, 79, 36, 86, 113, 131, 129, 88, 126, 58, 130, 96, 100, 12, 149, 107, 53, 116, 139, 44, 64, 33, 63, 15, 95, 108, 0, 69, 57, 89, 142, 133, 122, 85, 26, 2, 42, 146, 9, 99, 112, 109, 145, 73, 121, 74, 45, 41, 118, 11, 98, 16, 123, 111, 72, 117, 48, 90, 40, 55, 59, 147, 104, 135, 114, 20, 91]"
Tho150,3700,8659002,500.75,6.33,10,63,0.5523,0.4319,10,150,42,"[61, 8, 148, 21, 5, 46, 84, 136, 82, 49, 110, 6, 17, 76, 141, 97, 34, 67, 83, 66, 30, 119, 134, 37, 1, 132, 14, 29, 23, 3, 105, 101, 50, 32, 140, 10, 81, 65, 51, 144, 13, 120, 115, 80, 106, 124, 35, 87, 19, 138, 127, 125, 54, 47, 43, 25, 143, 60, 71, 92, 56, 38, 28, 52, 7, 75, 128, 102, 103, 78, 27, 93, 4, 39, 24, 70, 68, 31, 62, 77, 22, 94, 18, 149, 79, 36, 86, 113, 131, 129, 88, 126, 58, 130, 96, 100, 12, 137, 107, 53, 116, 139, 44, 64, 33, 63, 15, 95, 108, 0, 69, 57, 89, 142, 133, 122, 85, 26, 2, 42, 146, 9, 99, 112, 109, 145, 73, 121, 74, 45, 41, 118, 11, 98, 16, 123, 111, 72, 117, 48, 90, 40, 55, 59, 147, 104, 135, 114, 20, 91]"
Tho150,3800,8654528,506.98,6.52,10,63,0.5523,0.4319,10,150,42,"[61, 8, 148, 21, 5, 127, 84, 136, 82, 49, 110, 6, 17, 76, 141, 97, 34, 83, 67, 66, 30, 119, 37, 134, 1, 132, 14, 29, 23, 3, 105, 101, 50, 32, 140, 10, 81, 65, 51, 144, 13, 120, 115, 80, 106, 124, 35, 87, 19, 138, 46, 125, 54, 47, 43, 25, 143, 60, 71, 92, 56, 38, 28, 52, 7, 75, 128, 102, 103, 78, 27, 93, 4, 39, 24, 70, 68, 31, 62, 77, 12, 94, 18, 149, 79, 36, 86, 113, 131, 129, 88, 126, 58, 130, 96, 100, 22, 137, 107, 53, 116, 139, 44, 64, 33, 63, 15, 95, 108, 0, 69, 57, 89, 142, 133, 122, 85, 26, 2, 42, 146, 9, 99, 112, 109, 145, 73, 121, 74, 45, 41, 118, 11, 98, 16, 123, 111, 72, 117, 48, 90, 40, 55, 59, 147, 104, 135, 114, 20, 91]"
Tho150,3900,8653242,513.28,6.52,10,63,0.5523,0.4319,10,150,42,"[61, 8, 148, 21, 5, 127, 84, 136, 82, 49, 110, 6, 17, 76, 141, 97, 34, 83, 67, 66, 30, 119, 37, 51, 1, 132, 14, 29, 23, 3, 105, 101, 50, 32, 140, 10, 81, 65, 134, 144, 13, 120, 115, 80, 106, 124, 35, 87, 19, 138, 46, 125, 54, 47, 43, 25, 143, 60, 71, 92, 56, 38, 28, 52, 7, 75, 128, 102, 103, 78, 27, 93, 4, 39, 24, 70, 68, 31, 62, 77, 12, 94, 18, 149, 79, 36, 86, 113, 131, 129, 88, 126, 58, 130, 96, 100, 22, 137, 107, 53, 116, 139, 44, 64, 33, 63, 15, 95, 108, 0, 69, 57, 89, 142, 133, 122, 85, 26, 2, 42, 146, 9, 99, 112, 109, 145, 73, 121, 74, 45, 41, 118, 11, 98, 16, 123, 111, 72, 117, 48, 90, 40, 55, 59, 147, 104, 135, 114, 20, 91]"
Tho150,4000,8642942,519.52,6.53,10,63,0.5523,0.4319,10,150,42,"[61, 8, 148, 21, 5, 127, 84, 136, 82, 49, 13, 6, 17, 76, 141, 97, 34, 83, 67, 66, 30, 119, 37, 51, 1, 132, 14, 29, 23, 3, 105, 101, 50, 32, 140, 10, 81, 65, 134, 144, 110, 120, 115, 80, 106, 124, 35, 87, 19, 138, 46, 125, 54, 47, 43, 25, 143, 60, 71, 92, 56, 38, 28, 52, 7, 75, 128, 102, 103, 78, 27, 93, 4, 39, 24, 70, 68, 31, 62, 77, 12, 94, 18, 149, 79, 36, 86, 113, 131, 129, 88, 126, 58, 130, 96, 100, 22, 137, 107, 53, 116, 139, 44, 98, 33, 63, 15, 95, 108, 0, 69, 57, 89, 142, 133, 122, 85, 26, 2, 42, 146, 9, 99, 112, 109, 145, 73, 121, 74, 45, 41, 114, 11, 64, 16, 123, 111, 72, 117, 48, 90, 40, 55, 59, 147, 104, 135, 118, 20, 91]"
Tho150,4100,8640132,525.61,6.53,10,63,0.5523,0.4319,10,150,42,"[61, 8, 148, 21, 5, 19, 84, 136, 82, 49, 13, 6, 17, 76, 141, 97, 34, 83, 67, 66, 30, 119, 37, 51, 1, 120, 14, 29, 23, 3, 105, 101, 50, 32, 140, 10, 81, 65, 134, 144, 110, 132, 115, 80, 106, 124, 35, 87, 127, 138, 46, 125, 54, 47, 43, 25, 143, 60, 71, 92, 56, 38, 28, 52, 7, 75, 128, 102, 103, 78, 27, 93, 4, 39, 24, 70, 68, 31, 62, 77, 12, 94, 18, 149, 79, 36, 86, 113, 131, 129, 88, 126, 58, 130, 96, 100, 22, 137, 107, 53, 116, 139, 44, 98, 33, 63, 15, 95, 108, 0, 69, 121, 89, 142, 133, 122, 85, 26, 2, 42, 146, 9, 99, 112, 109, 145, 73, 57, 74, 45, 41, 114, 11, 64, 16, 123, 111, 72, 117, 48, 90, 40, 55, 59, 147, 104, 135, 118, 20, 91]"
Tho150,4200,8637914,531.92,6.53,10,63,0.5523,0.4319,10,150,42,"[61, 8, 148, 21, 5, 19, 84, 136, 82, 49, 13, 6, 17, 76, 141, 97, 34, 83, 67, 66, 30, 119, 37, 51, 1, 120, 14, 29, 23, 3, 105, 101, 50, 32, 140, 10, 81, 46, 134, 144, 110, 132, 115, 80, 106, 124, 35, 87, 127, 138, 65, 125, 54, 47, 43, 25, 143, 60, 71, 92, 56, 38, 28, 52, 7, 75, 128, 102, 131, 78, 27, 93, 4, 39, 24, 70, 68, 31, 62, 77, 12, 94, 18, 149, 79, 36, 86, 113, 103, 129, 88, 126, 58, 130, 96, 100, 22, 137, 107, 53, 116, 139, 44, 98, 33, 63, 15, 95, 108, 0, 69, 121, 89, 142, 133, 122, 85, 26, 2, 42, 146, 9, 99, 112, 109, 145, 73, 57, 74, 45, 41, 114, 11, 64, 16, 123, 111, 72, 117, 48, 90, 40, 55, 59, 147, 104, 135, 118, 20, 91]"
Tho150,4300,8631382,538.2,6.53,10,63,0.5523,0.4319,10,150,42,"[61, 8, 148, 21, 5, 19, 84, 136, 82, 49, 13, 6, 17, 76, 141, 97, 34, 83, 67, 66, 30, 119, 37, 51, 1, 120, 14, 29, 23, 3, 105, 101, 50, 32, 140, 10, 81, 46, 134, 144, 110, 132, 115, 80, 106, 124, 35, 87, 127, 138, 65, 125, 54, 47, 43, 25, 143, 60, 71, 92, 56, 38, 31, 52, 7, 75, 128, 102, 131, 78, 27, 93, 4, 39, 24, 70, 126, 28, 62, 77, 12, 96, 18, 149, 79, 36, 86, 113, 103, 129, 88, 68, 58, 130, 100, 94, 0, 137, 107, 133, 116, 139, 44, 98, 33, 63, 15, 95, 108, 22, 69, 121, 89, 142, 53, 122, 85, 26, 2, 42, 146, 9, 99, 112, 109, 145, 73, 57, 74, 45, 114, 41, 11, 64, 16, 123, 111, 72, 117, 48, 90, 40, 55, 59, 147, 104, 135, 118, 20, 91]"
Tho150,4400,8619534,544.82,6.53,10,63,0.5523,0.4319,10,150,42,"[61, 8, 148, 21, 5, 19, 84, 136, 82, 49, 13, 6, 17, 76, 141, 97, 34, 140, 67, 66, 30, 119, 37, 51, 1, 120, 14, 29, 23, 3, 105, 101, 50, 32, 83, 10, 81, 46, 134, 144, 110, 132, 115, 80, 106, 124, 35, 87, 127, 138, 65, 125, 47, 54, 43, 25, 143, 60, 71, 92, 56, 38, 31, 52, 7, 75, 128, 102, 131, 78, 27, 93, 4, 39, 24, 70, 126, 28, 62, 77, 12, 96, 18, 149, 79, 36, 86, 113, 103, 129, 112, 68, 58, 130, 100, 94, 0, 137, 107, 133, 116, 139, 44, 98, 33, 63, 15, 95, 108, 22, 69, 121, 89, 142, 53, 122, 85, 26, 2, 42, 146, 48, 99, 88, 90, 145, 73, 57, 74, 45, 114, 41, 11, 64, 16, 123, 111, 72, 117, 9, 109, 40, 55, 59, 147, 104, 135, 118, 20, 91]"
Tho150,4500,8609260,551.19,6.53,10,63,0.5523,0.4319,10,150,42,"[61, 8, 148, 119, 5, 19, 84, 136, 82, 49, 13, 6, 17, 76, 141, 97, 34, 140, 67, 66, 30, 21, 37, 51, 1, 120, 14, 29, 23, 3, 105, 101, 50, 32, 83, 10, 81, 46, 134, 144, 110, 132, 115, 80, 106, 124, 35, 87, 138, 127, 65, 125, 47, 54, 43, 25, 143, 60, 71, 92, 56, 38, 31, 52, 7, 75, 128, 102, 131, 53, 27, 93, 4, 39, 24, 70, 126, 28, 12, 77, 62, 96, 18, 149, 79, 36, 86, 113, 103, 129, 112, 146, 58, 130, 100, 94, 0, 137, 107, 133, 116, 139, 44, 98, 33, 63, 15, 95, 108, 22, 69, 121, 89, 142, 78, 122, 42, 26, 85, 2, 68, 48, 99, 88, 90, 145, 73, 57, 74, 45, 114, 41, 11, 64, 16, 123, 111, 72, 117, 9, 109, 40, 55, 59, 147, 104, 135, 118, 20, 91]"
Tho150,4600,8603278,557.26,6.28,10,63,0.5523,0.4319,10,150,42,"[61, 8, 148, 119, 5, 19, 84, 136, 82, 49, 13, 6, 17, 76, 141, 97, 34, 140, 67, 66, 30, 21, 37, 51, 1, 29, 14, 120, 23, 3, 105, 101, 50, 32, 83, 10, 81, 46, 133, 144, 110, 132, 115, 80, 106, 124, 35, 87, 138, 127, 65, 125, 47, 54, 43, 25, 143, 60, 71, 92, 56, 38, 31, 52, 7, 75, 128, 102, 131, 134, 27, 93, 4, 39, 24, 70, 126, 28, 12, 77, 62, 96, 18, 149, 79, 36, 86, 113, 103, 129, 112, 146, 58, 90, 100, 94, 0, 137, 107, 53, 116, 139, 44, 98, 33, 63, 15, 95, 108, 22, 69, 121, 89, 142, 78, 122, 42, 26, 85, 2, 68, 48, 99, 88, 130, 145, 73, 57, 74, 45, 114, 41, 11, 64, 16, 123, 111, 72, 117, 9, 109, 40, 55, 59, 147, 104, 135, 118, 20, 91]"
Tho150,4700,8598174,563.37,6.29,10,63,0.5523,0.4319,10,150,42,"[19, 8, 148, 119, 5, 61, 84, 136, 82, 49, 13, 6, 17, 76, 141, 97, 34, 140, 67, 66, 30, 21, 37, 51, 1, 29, 14, 120, 23, 3, 105, 101, 50, 32, 83, 10, 81, 46, 133, 144, 110, 132, 115, 80, 106, 124, 35, 87, 138, 127, 65, 125, 47, 54, 43, 25, 143, 60, 71, 92, 56, 38, 31, 52, 7, 75, 128, 102, 131, 134, 27, 93, 4, 39, 24, 70, 126, 28, 12, 77, 62, 96, 18, 149, 79, 36, 86, 113, 103, 129, 112, 146, 58, 90, 100, 94, 0, 137, 107, 53, 116, 139, 44, 98, 33, 63, 15, 95, 108, 22, 69, 121, 89, 142, 78, 122, 42, 26, 85, 2, 68, 48, 99, 88, 130, 145, 73, 57, 74, 45, 114, 41, 11, 91, 16, 123, 111, 72, 117, 9, 109, 40, 55, 59, 147, 104, 135, 118, 20, 64]"
Tho150,4800,8594914,569.3,6.32,10,63,0.5523,0.4319,10,150,42,"[19, 8, 148, 119, 5, 61, 84, 136, 82, 49, 13, 6, 17, 76, 141, 97, 34, 140, 67, 66, 30, 21, 37, 51, 1, 29, 115, 120, 23, 3, 105, 101, 50, 32, 83, 10, 81, 46, 133, 144, 110, 132, 14, 80, 106, 124, 35, 87, 138, 127, 65, 125, 47, 54, 43, 137, 143, 60, 71, 92, 56, 38, 31, 52, 7, 75, 128, 102, 131, 134, 27, 93, 4, 39, 24, 70, 126, 28, 12, 77, 62, 96, 18, 149, 79, 36, 86, 113, 103, 129, 112, 146, 58, 90, 100, 94, 0, 25, 107, 53, 116, 139, 44, 98, 33, 63, 15, 95, 108, 99, 69, 121, 89, 142, 78, 122, 42, 26, 85, 2, 68, 48, 22, 88, 130, 145, 73, 57, 59, 45, 114, 41, 11, 91, 16, 123, 111, 72, 117, 9, 109, 40, 55, 74, 147, 104, 135, 118, 20, 64]"
Tho150,4900,8594846,575.51,6.32,10,63,0.5523,0.4319,10,150,42,"[19, 8, 148, 119, 5, 61, 84, 136, 82, 49, 13, 6, 17, 76, 141, 97, 34, 140, 67, 66, 30, 21, 37, 51, 1, 29, 115, 120, 23, 3, 105, 101, 50, 32, 83, 10, 81, 46, 133, 144, 110, 132, 14, 80, 106, 124, 35, 87, 138, 127, 65, 125, 47, 54, 43, 137, 143, 60, 71, 92, 56, 38, 31, 52, 7, 75, 128, 102, 131, 134, 27, 93, 4, 39, 24, 70, 126, 28, 12, 77, 62, 96, 18, 107, 79, 36, 86, 113, 103, 129, 112, 146, 58, 90, 100, 94, 0, 25, 149, 53, 116, 139, 44, 98, 33, 63, 15, 95, 108, 99, 69, 121, 89, 142, 78, 122, 42, 26, 85, 2, 68, 48, 22, 88, 130, 145, 73, 57, 59, 45, 114, 41, 11, 91, 16, 123, 111, 72, 117, 9, 109, 40, 55, 74, 147, 104, 135, 118, 20, 64]"
Tho150,5000,8594010,581.66,6.32,10,63,0.5523,0.4319,10,150,42,"[19, 8, 148, 119, 5, 61, 84, 136, 82, 49, 13, 6, 17, 76, 141, 97, 34, 140, 67, 66, 30, 21, 37, 51, 1, 29, 115, 120, 23, 3, 105, 101, 50, 32, 83, 10, 81, 46, 133, 144, 110, 132, 14, 80, 106, 124, 35, 87, 138, 127, 65, 125, 47, 54, 43, 137, 143, 60, 71, 92, 56, 38, 31, 52, 7, 75, 128, 102, 131, 129, 27, 134, 4, 39, 24, 70, 126, 28, 12, 77, 62, 96, 18, 107, 79, 36, 86, 113, 103, 93, 112, 146, 58, 90, 100, 94, 0, 25, 149, 53, 116, 139, 44, 98, 33, 63, 15, 95, 108, 99, 69, 121, 89, 142, 78, 122, 42, 26, 85, 2, 68, 48, 22, 88, 130, 145, 73, 57, 59, 45, 114, 41, 11, 91, 16, 123, 111, 72, 117, 9, 109, 40, 55, 74, 147, 104, 135, 118, 20, 64]"
Tho150,5100,8582980,587.8,6.32,10,63,0.5523,0.4319,10,150,42,"[19, 8, 148, 119, 5, 61, 84, 37, 49, 82, 13, 6, 17, 76, 141, 97, 34, 127, 67, 66, 30, 21, 136, 51, 1, 29, 115, 120, 23, 3, 105, 101, 50, 32, 83, 10, 81, 46, 133, 144, 110, 132, 14, 80, 106, 124, 35, 87, 138, 140, 65, 125, 47, 54, 43, 137, 143, 60, 71, 92, 56, 38, 31, 52, 7, 75, 128, 102, 131, 129, 27, 134, 4, 39, 24, 70, 126, 28, 12, 77, 62, 96, 18, 107, 79, 93, 86, 113, 103, 36, 112, 146, 58, 90, 100, 94, 0, 25, 149, 53, 116, 139, 44, 98, 33, 63, 15, 95, 108, 99, 69, 121, 89, 142, 78, 122, 42, 26, 85, 91, 68, 48, 22, 88, 130, 145, 73, 57, 59, 45, 114, 41, 11, 2, 16, 123, 111, 72, 117, 9, 109, 40, 55, 74, 147, 104, 135, 118, 20, 64]"
Tho150,5200,8579340,593.93,6.32,10,63,0.5523,0.4319,10,150,42,"[19, 8, 148, 119, 5, 61, 84, 37, 49, 82, 13, 6, 17, 76, 141, 97, 34, 127, 67, 66, 30, 21, 136, 51, 1, 29, 115, 120, 23, 3, 105, 101, 50, 32, 83, 10, 81, 46, 133, 144, 110, 132, 14, 80, 106, 124, 35, 87, 138, 140, 65, 125, 47, 54, 43, 137, 143, 60, 71, 92, 56, 38, 31, 52, 7, 75, 128, 102, 131, 129, 27, 134, 4, 39, 24, 70, 126, 28, 12, 77, 62, 96, 18, 107, 79, 93, 86, 113, 103, 36, 111, 146, 58, 90, 100, 94, 0, 25, 149, 53, 116, 139, 44, 98, 33, 68, 15, 95, 108, 99, 69, 121, 89, 142, 78, 122, 42, 26, 85, 91, 63, 48, 22, 88, 130, 145, 73, 57, 59, 45, 114, 41, 11, 2, 16, 123, 112, 72, 117, 9, 109, 40, 55, 74, 147, 104, 135, 118, 20, 64]"
