Sko100c,100,171110,6.13,17.36,6,70,0.5966,0.5187,10,100,42,"[27, 88, 28, 39, 17, 79, 59, 26, 80, 12, 3, 55, 69, 7, 77, 48, 0, 86, 24, 40, 42, 75, 25, 10, 51, 91, 4, 65, 45, 54, 67, 29, 47, 74, 38, 13, 18, 35, 96, 9, 97, 50, 95, 84, 82, 8, 31, 70, 32, 52, 90, 37, 71, 56, 46, 34, 41, 5, 11, 20, 23, 22, 49, 89, 30, 66, 68, 94, 21, 16, 43, 92, 53, 73, 6, 72, 98, 99, 14, 2, 78, 76, 83, 81, 60, 64, 62, 63, 1, 61, 85, 93, 15, 57, 87, 33, 44, 58, 36, 19]"
Sko100c,200,171110,8.91,17.4,6,70,0.5966,0.5187,10,100,42,"[27, 88, 28, 39, 17, 79, 59, 26, 80, 12, 3, 55, 69, 7, 77, 48, 0, 86, 24, 40, 42, 75, 25, 10, 51, 91, 4, 65, 45, 54, 67, 29, 47, 74, 38, 13, 18, 35, 96, 9, 97, 50, 95, 84, 82, 8, 31, 70, 32, 52, 90, 37, 71, 56, 46, 34, 41, 5, 11, 20, 23, 22, 49, 89, 30, 66, 68, 94, 21, 16, 43, 92, 53, 73, 6, 72, 98, 99, 14, 2, 78, 76, 83, 81, 60, 64, 62, 63, 1, 61, 85, 93, 15, 57, 87, 33, 44, 58, 36, 19]"
Sko100c,300,171110,12.31,17.41,6,70,0.5966,0.5187,10,100,42,"[27, 88, 28, 39, 17, 79, 59, 26, 80, 12, 3, 55, 69, 7, 77, 48, 0, 86, 24, 40, 42, 75, 25, 10, 51, 91, 4, 65, 45, 54, 67, 29, 47, 74, 38, 13, 18, 35, 96, 9, 97, 50, 95, 84, 82, 8, 31, 70, 32, 52, 90, 37, 71, 56, 46, 34, 41, 5, 11, 20, 23, 22, 49, 89, 30, 66, 68, 94, 21, 16, 43, 92, 53, 73, 6, 72, 98, 99, 14, 2, 78, 76, 83, 81, 60, 64, 62, 63, 1, 61, 85, 93, 15, 57, 87, 33, 44, 58, 36, 19]"
Sko100c,400,167818,15.86,16.96,6,70,0.5966,0.5187,10,100,42,"[76, 74, 14, 17, 13, 62, 88, 72, 4, 10, 44, 87, 40, 1, 60, 89, 39, 16, 7, 19, 5, 32, 27, 28, 55, 80, 56, 54, 77, 37, 26, 34, 43, 67, 83, 42, 11, 41, 58, 61, 92, 57, 84, 94, 8, 86, 91, 90, 97, 49, 12, 46, 66, 30, 47, 36, 21, 59, 69, 22, 81, 0, 9, 3, 25, 96, 35, 99, 50, 79, 29, 98, 65, 73, 20, 48, 64, 75, 82, 68, 6, 23, 24, 95, 15, 38, 45, 85, 2, 93, 53, 63, 78, 33, 52, 31, 70, 18, 71, 51]"
Sko100c,500,167818,19.35,16.7,6,70,0.5966,0.5187,10,100,42,"[76, 74, 14, 17, 13, 62, 88, 72, 4, 10, 44, 87, 40, 1, 60, 89, 39, 16, 7, 19, 5, 32, 27, 28, 55, 80, 56, 54, 77, 37, 26, 34, 43, 67, 83, 42, 11, 41, 58, 61, 92, 57, 84, 94, 8, 86, 91, 90, 97, 49, 12, 46, 66, 30, 47, 36, 21, 59, 69, 22, 81, 0, 9, 3, 25, 96, 35, 99, 50, 79, 29, 98, 65, 73, 20, 48, 64, 75, 82, 68, 6, 23, 24, 95, 15, 38, 45, 85, 2, 93, 53, 63, 78, 33, 52, 31, 70, 18, 71, 51]"
Sko100c,600,167818,22.45,10.59,6,70,0.5966,0.5187,10,100,42,"[76, 74, 14, 17, 13, 62, 88, 72, 4, 10, 44, 87, 40, 1, 60, 89, 39, 16, 7, 19, 5, 32, 27, 28, 55, 80, 56, 54, 77, 37, 26, 34, 43, 67, 83, 42, 11, 41, 58, 61, 92, 57, 84, 94, 8, 86, 91, 90, 97, 49, 12, 46, 66, 30, 47, 36, 21, 59, 69, 22, 81, 0, 9, 3, 25, 96, 35, 99, 50, 79, 29, 98, 65, 73, 20, 48, 64, 75, 82, 68, 6, 23, 24, 95, 15, 38, 45, 85, 2, 93, 53, 63, 78, 33, 52, 31, 70, 18, 71, 51]"
Sko100c,700,167818,25.66,10.59,6,70,0.5966,0.5187,10,100,42,"[76, 74, 14, 17, 13, 62, 88, 72, 4, 10, 44, 87, 40, 1, 60, 89, 39, 16, 7, 19, 5, 32, 27, 28, 55, 80, 56, 54, 77, 37, 26, 34, 43, 67, 83, 42, 11, 41, 58, 61, 92, 57, 84, 94, 8, 86, 91, 90, 97, 49, 12, 46, 66, 30, 47, 36, 21, 59, 69, 22, 81, 0, 9, 3, 25, 96, 35, 99, 50, 79, 29, 98, 65, 73, 20, 48, 64, 75, 82, 68, 6, 23, 24, 95, 15, 38, 45, 85, 2, 93, 53, 63, 78, 33, 52, 31, 70, 18, 71, 51]"
Sko100c,800,166686,29.14,10.59,6,70,0.5966,0.5187,10,100,42,"[61, 55, 14, 83, 34, 52, 79, 57, 70, 17, 4, 43, 69, 5, 93, 78, 33, 15, 80, 50, 65, 8, 19, 71, 20, 66, 92, 29, 77, 37, 76, 75, 74, 1, 9, 46, 72, 48, 22, 96, 40, 59, 10, 85, 56, 12, 41, 13, 64, 11, 31, 68, 42, 81, 91, 36, 49, 21, 23, 86, 25, 6, 88, 2, 95, 90, 60, 99, 39, 82, 26, 98, 24, 18, 0, 3, 84, 47, 58, 97, 89, 32, 28, 35, 54, 73, 51, 44, 53, 87, 67, 38, 30, 45, 7, 62, 94, 16, 27, 63]"
Sko100c,900,166686,32.69,10.59,6,70,0.5966,0.5187,10,100,42,"[61, 55, 14, 83, 34, 52, 79, 57, 70, 17, 4, 43, 69, 5, 93, 78, 33, 15, 80, 50, 65, 8, 19, 71, 20, 66, 92, 29, 77, 37, 76, 75, 74, 1, 9, 46, 72, 48, 22, 96, 40, 59, 10, 85, 56, 12, 41, 13, 64, 11, 31, 68, 42, 81, 91, 36, 49, 21, 23, 86, 25, 6, 88, 2, 95, 90, 60, 99, 39, 82, 26, 98, 24, 18, 0, 3, 84, 47, 58, 97, 89, 32, 28, 35, 54, 73, 51, 44, 53, 87, 67, 38, 30, 45, 7, 62, 94, 16, 27, 63]"
Sko100c,1000,166686,35.63,10.59,6,70,0.5966,0.5187,10,100,42,"[61, 55, 14, 83, 34, 52, 79, 57, 70, 17, 4, 43, 69, 5, 93, 78, 33, 15, 80, 50, 65, 8, 19, 71, 20, 66, 92, 29, 77, 37, 76, 75, 74, 1, 9, 46, 72, 48, 22, 96, 40, 59, 10, 85, 56, 12, 41, 13, 64, 11, 31, 68, 42, 81, 91, 36, 49, 21, 23, 86, 25, 6, 88, 2, 95, 90, 60, 99, 39, 82, 26, 98, 24, 18, 0, 3, 84, 47, 58, 97, 89, 32, 28, 35, 54, 73, 51, 44, 53, 87, 67, 38, 30, 45, 7, 62, 94, 16, 27, 63]"
Sko100c,1100,166686,38.45,7.57,6,70,0.5966,0.5187,10,100,42,"[61, 55, 14, 83, 34, 52, 79, 57, 70, 17, 4, 43, 69, 5, 93, 78, 33, 15, 80, 50, 65, 8, 19, 71, 20, 66, 92, 29, 77, 37, 76, 75, 74, 1, 9, 46, 72, 48, 22, 96, 40, 59, 10, 85, 56, 12, 41, 13, 64, 11, 31, 68, 42, 81, 91, 36, 49, 21, 23, 86, 25, 6, 88, 2, 95, 90, 60, 99, 39, 82, 26, 98, 24, 18, 0, 3, 84, 47, 58, 97, 89, 32, 28, 35, 54, 73, 51, 44, 53, 87, 67, 38, 30, 45, 7, 62, 94, 16, 27, 63]"
Sko100c,1200,166686,41.38,6.06,6,70,0.5966,0.5187,10,100,42,"[61, 55, 14, 83, 34, 52, 79, 57, 70, 17, 4, 43, 69, 5, 93, 78, 33, 15, 80, 50, 65, 8, 19, 71, 20, 66, 92, 29, 77, 37, 76, 75, 74, 1, 9, 46, 72, 48, 22, 96, 40, 59, 10, 85, 56, 12, 41, 13, 64, 11, 31, 68, 42, 81, 91, 36, 49, 21, 23, 86, 25, 6, 88, 2, 95, 90, 60, 99, 39, 82, 26, 98, 24, 18, 0, 3, 84, 47, 58, 97, 89, 32, 28, 35, 54, 73, 51, 44, 53, 87, 67, 38, 30, 45, 7, 62, 94, 16, 27, 63]"
Sko100c,1300,166686,44.36,6.06,6,70,0.5966,0.5187,10,100,42,"[61, 55, 14, 83, 34, 52, 79, 57, 70, 17, 4, 43, 69, 5, 93, 78, 33, 15, 80, 50, 65, 8, 19, 71, 20, 66, 92, 29, 77, 37, 76, 75, 74, 1, 9, 46, 72, 48, 22, 96, 40, 59, 10, 85, 56, 12, 41, 13, 64, 11, 31, 68, 42, 81, 91, 36, 49, 21, 23, 86, 25, 6, 88, 2, 95, 90, 60, 99, 39, 82, 26, 98, 24, 18, 0, 3, 84, 47, 58, 97, 89, 32, 28, 35, 54, 73, 51, 44, 53, 87, 67, 38, 30, 45, 7, 62, 94, 16, 27, 63]"
Sko100c,1400,166686,47.39,6.06,6,70,0.5966,0.5187,10,100,42,"[61, 55, 14, 83, 34, 52, 79, 57, 70, 17, 4, 43, 69, 5, 93, 78, 33, 15, 80, 50, 65, 8, 19, 71, 20, 66, 92, 29, 77, 37, 76, 75, 74, 1, 9, 46, 72, 48, 22, 96, 40, 59, 10, 85, 56, 12, 41, 13, 64, 11, 31, 68, 42, 81, 91, 36, 49, 21, 23, 86, 25, 6, 88, 2, 95, 90, 60, 99, 39, 82, 26, 98, 24, 18, 0, 3, 84, 47, 58, 97, 89, 32, 28, 35, 54, 73, 51, 44, 53, 87, 67, 38, 30, 45, 7, 62, 94, 16, 27, 63]"
Sko100c,1500,166686,50.52,6.06,6,70,0.5966,0.5187,10,100,42,"[61, 55, 14, 83, 34, 52, 79, 57, 70, 17, 4, 43, 69, 5, 93, 78, 33, 15, 80, 50, 65, 8, 19, 71, 20, 66, 92, 29, 77, 37, 76, 75, 74, 1, 9, 46, 72, 48, 22, 96, 40, 59, 10, 85, 56, 12, 41, 13, 64, 11, 31, 68, 42, 81, 91, 36, 49, 21, 23, 86, 25, 6, 88, 2, 95, 90, 60, 99, 39, 82, 26, 98, 24, 18, 0, 3, 84, 47, 58, 97, 89, 32, 28, 35, 54, 73, 51, 44, 53, 87, 67, 38, 30, 45, 7, 62, 94, 16, 27, 63]"
Sko100c,1600,166686,53.63,6.07,6,70,0.5966,0.5187,10,100,42,"[61, 55, 14, 83, 34, 52, 79, 57, 70, 17, 4, 43, 69, 5, 93, 78, 33, 15, 80, 50, 65, 8, 19, 71, 20, 66, 92, 29, 77, 37, 76, 75, 74, 1, 9, 46, 72, 48, 22, 96, 40, 59, 10, 85, 56, 12, 41, 13, 64, 11, 31, 68, 42, 81, 91, 36, 49, 21, 23, 86, 25, 6, 88, 2, 95, 90, 60, 99, 39, 82, 26, 98, 24, 18, 0, 3, 84, 47, 58, 97, 89, 32, 28, 35, 54, 73, 51, 44, 53, 87, 67, 38, 30, 45, 7, 62, 94, 16, 27, 63]"
Sko100c,1700,166686,57.1,6.07,6,70,0.5966,0.5187,10,100,42,"[61, 55, 14, 83, 34, 52, 79, 57, 70, 17, 4, 43, 69, 5, 93, 78, 33, 15, 80, 50, 65, 8, 19, 71, 20, 66, 92, 29, 77, 37, 76, 75, 74, 1, 9, 46, 72, 48, 22, 96, 40, 59, 10, 85, 56, 12, 41, 13, 64, 11, 31, 68, 42, 81, 91, 36, 49, 21, 23, 86, 25, 6, 88, 2, 95, 90, 60, 99, 39, 82, 26, 98, 24, 18, 0, 3, 84, 47, 58, 97, 89, 32, 28, 35, 54, 73, 51, 44, 53, 87, 67, 38, 30, 45, 7, 62, 94, 16, 27, 63]"
Sko100c,1800,165412,59.68,6.08,6,70,0.5966,0.5187,10,100,42,"[68, 71, 62, 80, 81, 2, 0, 14, 86, 87, 15, 17, 67, 26, 41, 20, 73, 27, 9, 85, 64, 34, 74, 91, 55, 6, 44, 22, 12, 66, 7, 97, 92, 50, 49, 53, 42, 13, 38, 21, 59, 57, 24, 89, 47, 40, 96, 19, 51, 79, 31, 84, 90, 88, 61, 99, 8, 30, 76, 33, 23, 10, 52, 58, 60, 39, 16, 70, 1, 56, 98, 43, 4, 29, 94, 48, 18, 32, 54, 75, 3, 72, 65, 82, 63, 25, 46, 69, 93, 11, 36, 83, 35, 77, 37, 5, 45, 78, 28, 95]"
Sko100c,1900,165412,62.42,6.08,6,70,0.5966,0.5187,10,100,42,"[68, 71, 62, 80, 81, 2, 0, 14, 86, 87, 15, 17, 67, 26, 41, 20, 73, 27, 9, 85, 64, 34, 74, 91, 55, 6, 44, 22, 12, 66, 7, 97, 92, 50, 49, 53, 42, 13, 38, 21, 59, 57, 24, 89, 47, 40, 96, 19, 51, 79, 31, 84, 90, 88, 61, 99, 8, 30, 76, 33, 23, 10, 52, 58, 60, 39, 16, 70, 1, 56, 98, 43, 4, 29, 94, 48, 18, 32, 54, 75, 3, 72, 65, 82, 63, 25, 46, 69, 93, 11, 36, 83, 35, 77, 37, 5, 45, 78, 28, 95]"
Sko100c,2000,165412,66.85,4.76,6,70,0.5966,0.5187,10,100,42,"[68, 71, 62, 80, 81, 2, 0, 14, 86, 87, 15, 17, 67, 26, 41, 20, 73, 27, 9, 85, 64, 34, 74, 91, 55, 6, 44, 22, 12, 66, 7, 97, 92, 50, 49, 53, 42, 13, 38, 21, 59, 57, 24, 89, 47, 40, 96, 19, 51, 79, 31, 84, 90, 88, 61, 99, 8, 30, 76, 33, 23, 10, 52, 58, 60, 39, 16, 70, 1, 56, 98, 43, 4, 29, 94, 48, 18, 32, 54, 75, 3, 72, 65, 82, 63, 25, 46, 69, 93, 11, 36, 83, 35, 77, 37, 5, 45, 78, 28, 95]"
Sko100c,2100,164862,70.17,4.76,6,70,0.5966,0.5187,10,100,42,"[71, 85, 98, 79, 92, 97, 64, 15, 89, 63, 87, 9, 88, 83, 53, 12, 24, 91, 20, 42, 14, 69, 68, 82, 55, 73, 33, 40, 86, 65, 66, 7, 22, 49, 76, 8, 19, 77, 36, 35, 67, 96, 39, 18, 10, 99, 41, 31, 34, 17, 58, 52, 74, 81, 57, 13, 80, 84, 2, 60, 72, 93, 48, 54, 43, 56, 70, 16, 1, 62, 27, 0, 4, 50, 29, 90, 21, 37, 5, 46, 6, 23, 32, 47, 3, 59, 75, 26, 11, 44, 51, 38, 95, 78, 61, 30, 45, 25, 28, 94]"
Sko100c,2200,162432,73.41,4.76,6,70,0.5966,0.5187,10,100,42,"[71, 85, 98, 79, 92, 97, 64, 15, 53, 63, 87, 9, 88, 19, 89, 12, 24, 17, 20, 42, 14, 69, 68, 82, 16, 73, 33, 40, 86, 65, 66, 6, 54, 56, 76, 8, 83, 77, 36, 35, 67, 96, 39, 18, 10, 90, 84, 32, 48, 91, 58, 52, 30, 81, 57, 13, 80, 41, 2, 78, 72, 29, 22, 49, 43, 1, 70, 55, 51, 62, 27, 46, 74, 50, 93, 99, 21, 37, 5, 0, 7, 23, 31, 47, 59, 3, 75, 26, 11, 44, 34, 4, 95, 60, 61, 38, 45, 25, 28, 94]"
Sko100c,2300,161660,76.52,4.76,6,70,0.5966,0.5187,10,100,42,"[71, 85, 98, 79, 92, 97, 64, 20, 53, 63, 87, 9, 54, 19, 0, 12, 24, 62, 15, 83, 14, 69, 68, 7, 16, 73, 91, 40, 77, 65, 30, 6, 88, 56, 82, 8, 46, 86, 36, 35, 67, 66, 39, 22, 10, 90, 84, 32, 57, 33, 42, 52, 94, 81, 89, 13, 80, 41, 2, 78, 72, 29, 18, 49, 43, 1, 70, 55, 51, 17, 27, 96, 74, 50, 93, 45, 21, 37, 5, 48, 76, 23, 31, 47, 59, 3, 75, 26, 44, 11, 34, 4, 95, 60, 61, 38, 99, 28, 25, 58]"
Sko100c,2400,161418,79.55,4.77,6,70,0.5966,0.5187,10,100,42,"[71, 85, 30, 79, 92, 56, 64, 20, 53, 63, 87, 9, 54, 19, 98, 12, 24, 62, 15, 83, 14, 69, 68, 7, 82, 73, 40, 91, 77, 65, 0, 6, 88, 97, 16, 8, 46, 86, 36, 35, 67, 66, 39, 76, 10, 90, 33, 32, 57, 51, 42, 52, 94, 81, 89, 13, 21, 41, 2, 78, 72, 29, 18, 49, 43, 1, 70, 55, 84, 17, 27, 95, 74, 50, 93, 45, 80, 37, 5, 48, 22, 23, 31, 47, 59, 3, 75, 26, 44, 11, 34, 4, 96, 60, 61, 38, 99, 28, 25, 58]"
Sko100c,2500,161064,82.59,4.77,6,70,0.5966,0.5187,10,100,42,"[22, 85, 66, 97, 71, 56, 64, 20, 53, 63, 9, 87, 54, 94, 98, 62, 24, 12, 15, 83, 42, 96, 89, 7, 79, 2, 40, 91, 48, 65, 0, 6, 39, 18, 16, 8, 73, 86, 44, 35, 67, 30, 88, 76, 19, 90, 33, 32, 57, 69, 29, 10, 92, 81, 27, 13, 21, 41, 46, 78, 72, 52, 82, 49, 43, 1, 70, 55, 84, 17, 68, 95, 74, 50, 93, 25, 80, 37, 5, 77, 14, 23, 31, 47, 59, 3, 75, 34, 36, 45, 51, 4, 26, 60, 61, 38, 99, 28, 11, 58]"
Sko100c,2600,160838,85.81,4.77,6,70,0.5966,0.5187,10,100,42,"[92, 85, 66, 89, 71, 56, 64, 20, 53, 63, 9, 87, 54, 94, 98, 62, 24, 12, 15, 83, 42, 96, 97, 7, 79, 2, 40, 91, 48, 65, 0, 6, 39, 18, 22, 8, 73, 86, 44, 35, 67, 30, 82, 76, 38, 90, 33, 32, 57, 69, 49, 10, 16, 81, 27, 13, 46, 55, 21, 78, 72, 52, 88, 29, 43, 1, 70, 41, 84, 17, 68, 95, 74, 50, 93, 25, 80, 37, 5, 77, 14, 23, 31, 47, 59, 3, 75, 34, 36, 45, 51, 4, 26, 60, 61, 19, 99, 28, 11, 58]"
Sko100c,2700,160838,88.91,4.77,6,70,0.5966,0.5187,10,100,42,"[92, 85, 66, 89, 71, 56, 64, 20, 53, 63, 9, 87, 54, 94, 98, 62, 24, 12, 15, 83, 42, 96, 97, 7, 79, 2, 40, 91, 48, 65, 0, 6, 39, 18, 22, 8, 73, 86, 44, 35, 67, 30, 82, 76, 38, 90, 33, 32, 57, 69, 49, 10, 16, 81, 27, 13, 46, 55, 21, 78, 72, 52, 88, 29, 43, 1, 70, 41, 84, 17, 68, 95, 74, 50, 93, 25, 80, 37, 5, 77, 14, 23, 31, 47, 59, 3, 75, 34, 36, 45, 51, 4, 26, 60, 61, 19, 99, 28, 11, 58]"
Sko100c,2800,160270,92.03,4.77,6,70,0.5966,0.5187,10,100,42,"[9, 85, 66, 7, 71, 2, 64, 20, 53, 63, 92, 87, 1, 39, 94, 55, 54, 13, 15, 83, 42, 96, 97, 89, 8, 56, 37, 91, 48, 65, 98, 6, 0, 18, 22, 82, 73, 86, 21, 78, 81, 30, 76, 43, 38, 90, 33, 41, 57, 17, 49, 34, 16, 67, 4, 40, 46, 10, 77, 45, 95, 52, 88, 29, 79, 99, 35, 12, 84, 69, 68, 27, 74, 50, 93, 11, 80, 58, 5, 70, 14, 23, 31, 47, 59, 25, 75, 32, 36, 62, 51, 72, 26, 60, 44, 19, 61, 24, 28, 3]"
Sko100c,2900,159920,95.4,4.77,6,70,0.5966,0.5187,10,100,42,"[9, 85, 66, 7, 71, 2, 64, 20, 53, 63, 92, 87, 1, 39, 94, 55, 54, 13, 15, 83, 42, 96, 97, 89, 8, 56, 37, 91, 48, 65, 98, 6, 0, 18, 22, 82, 73, 86, 21, 78, 81, 30, 76, 43, 38, 90, 33, 41, 57, 17, 49, 34, 16, 67, 4, 40, 35, 10, 77, 45, 95, 52, 88, 29, 46, 99, 79, 12, 84, 70, 31, 27, 74, 50, 93, 11, 80, 58, 5, 69, 14, 23, 26, 47, 59, 25, 28, 32, 36, 62, 51, 72, 68, 60, 44, 19, 61, 24, 75, 3]"
Sko100c,3000,159438,98.66,4.78,6,70,0.5966,0.5187,10,100,42,"[9, 85, 66, 7, 71, 2, 64, 20, 53, 63, 92, 87, 98, 39, 89, 55, 13, 54, 15, 83, 42, 96, 22, 94, 8, 56, 37, 91, 48, 65, 6, 14, 0, 18, 97, 82, 73, 86, 21, 78, 81, 30, 76, 43, 38, 90, 33, 41, 57, 12, 49, 34, 16, 67, 4, 40, 70, 10, 77, 45, 95, 52, 27, 19, 46, 99, 79, 17, 84, 24, 31, 88, 80, 50, 93, 11, 1, 58, 5, 69, 74, 23, 26, 47, 59, 25, 28, 32, 36, 62, 51, 72, 68, 60, 44, 29, 61, 35, 75, 3]"
Sko100c,3100,159160,102.04,4.78,6,70,0.5966,0.5187,10,100,42,"[9, 85, 66, 7, 71, 64, 2, 20, 53, 63, 92, 87, 8, 39, 89, 55, 13, 54, 15, 83, 42, 96, 22, 94, 98, 56, 37, 91, 48, 65, 6, 14, 0, 18, 97, 82, 33, 86, 21, 78, 81, 30, 76, 43, 38, 90, 73, 41, 57, 12, 49, 34, 16, 67, 4, 11, 70, 10, 77, 45, 95, 52, 27, 80, 46, 99, 79, 17, 84, 24, 31, 88, 19, 50, 93, 40, 1, 58, 5, 69, 74, 23, 26, 47, 59, 25, 28, 32, 36, 75, 51, 72, 68, 60, 44, 29, 61, 35, 62, 3]"
Sko100c,3200,158906,105.09,4.78,6,70,0.5966,0.5187,10,100,42,"[9, 85, 66, 7, 71, 64, 2, 39, 53, 78, 92, 87, 8, 20, 89, 55, 82, 41, 15, 83, 94, 96, 22, 42, 98, 56, 37, 91, 48, 65, 6, 14, 0, 18, 97, 13, 33, 86, 21, 63, 57, 30, 76, 43, 81, 90, 17, 54, 38, 12, 49, 52, 16, 74, 4, 11, 70, 10, 77, 45, 95, 34, 27, 80, 46, 99, 79, 73, 84, 24, 31, 29, 60, 50, 93, 40, 1, 58, 5, 32, 67, 72, 51, 47, 59, 25, 28, 69, 36, 75, 26, 23, 68, 19, 44, 88, 61, 35, 62, 3]"
Sko100c,3300,158638,108.48,4.78,6,70,0.5966,0.5187,10,100,42,"[9, 85, 66, 7, 80, 64, 2, 39, 53, 78, 92, 87, 8, 20, 89, 55, 82, 41, 15, 17, 94, 96, 22, 42, 98, 56, 37, 91, 83, 65, 6, 14, 0, 18, 97, 13, 33, 48, 21, 63, 46, 30, 76, 43, 81, 40, 86, 54, 38, 12, 49, 95, 16, 74, 4, 1, 11, 10, 77, 45, 52, 67, 27, 71, 79, 99, 57, 73, 84, 24, 29, 31, 60, 50, 93, 90, 70, 58, 5, 32, 34, 72, 51, 47, 59, 35, 28, 69, 36, 75, 26, 23, 68, 19, 44, 88, 61, 25, 62, 3]"
Sko100c,3400,158354,112.43,4.78,6,70,0.5966,0.5187,10,100,42,"[9, 85, 66, 7, 80, 64, 2, 39, 53, 78, 92, 87, 8, 20, 89, 55, 0, 41, 15, 17, 34, 96, 82, 42, 98, 56, 37, 91, 83, 65, 18, 14, 22, 6, 97, 54, 70, 48, 21, 63, 46, 30, 76, 43, 81, 12, 86, 13, 38, 40, 49, 95, 16, 74, 4, 1, 11, 10, 77, 45, 52, 67, 27, 71, 79, 99, 57, 73, 84, 24, 29, 31, 51, 50, 93, 90, 33, 58, 5, 32, 94, 72, 60, 47, 59, 35, 28, 69, 36, 75, 26, 23, 68, 19, 44, 88, 61, 25, 62, 3]"
Sko100c,3500,157786,115.65,4.78,6,70,0.5966,0.5187,10,100,42,"[9, 85, 66, 7, 80, 64, 2, 39, 17, 78, 92, 87, 8, 20, 89, 98, 0, 48, 15, 53, 34, 96, 82, 42, 55, 56, 37, 77, 83, 65, 18, 14, 22, 6, 97, 54, 70, 41, 21, 86, 57, 30, 76, 43, 81, 12, 63, 13, 38, 40, 49, 95, 16, 74, 4, 27, 11, 10, 91, 45, 52, 67, 1, 71, 79, 99, 46, 73, 84, 24, 29, 31, 51, 50, 93, 90, 33, 58, 5, 32, 94, 72, 60, 47, 59, 35, 28, 69, 36, 75, 26, 23, 68, 19, 44, 88, 61, 25, 62, 3]"
Sko100c,3600,157150,118.63,4.78,6,70,0.5966,0.5187,10,100,42,"[9, 85, 66, 7, 80, 64, 2, 20, 17, 78, 92, 87, 8, 39, 89, 98, 53, 48, 15, 0, 34, 96, 82, 42, 55, 56, 37, 77, 83, 65, 18, 14, 22, 6, 97, 54, 84, 41, 21, 86, 57, 30, 76, 43, 81, 12, 63, 13, 58, 40, 49, 95, 16, 74, 4, 27, 11, 35, 91, 45, 52, 67, 1, 71, 79, 99, 46, 24, 70, 93, 29, 31, 51, 50, 73, 90, 10, 38, 5, 32, 72, 94, 60, 47, 59, 33, 28, 3, 36, 75, 26, 23, 68, 19, 69, 88, 61, 25, 62, 44]"
Sko100c,3700,157016,121.68,4.79,6,70,0.5966,0.5187,10,100,42,"[9, 85, 66, 7, 80, 64, 2, 20, 15, 78, 92, 87, 6, 39, 89, 98, 53, 48, 17, 0, 34, 96, 82, 42, 55, 56, 37, 77, 83, 65, 18, 14, 22, 8, 97, 54, 84, 41, 21, 86, 57, 30, 76, 43, 81, 12, 63, 13, 58, 40, 49, 95, 16, 74, 4, 27, 11, 35, 91, 45, 52, 67, 1, 71, 99, 79, 46, 24, 70, 93, 29, 31, 51, 50, 73, 90, 10, 38, 5, 32, 72, 94, 60, 47, 59, 33, 28, 3, 36, 75, 26, 23, 68, 19, 69, 88, 61, 25, 62, 44]"
Sko100c,3800,156622,124.74,4.79,6,70,0.5966,0.5187,10,100,42,"[9, 85, 66, 7, 39, 64, 2, 20, 89, 78, 92, 87, 6, 27, 15, 98, 53, 48, 17, 0, 34, 96, 82, 42, 55, 56, 63, 77, 83, 65, 18, 14, 22, 8, 97, 54, 84, 41, 70, 86, 57, 30, 76, 43, 81, 12, 21, 13, 58, 40, 49, 67, 16, 74, 4, 80, 11, 35, 91, 45, 52, 95, 1, 71, 99, 79, 46, 24, 37, 93, 29, 31, 51, 50, 73, 90, 10, 38, 5, 32, 72, 94, 60, 47, 59, 33, 28, 3, 36, 75, 26, 23, 68, 19, 69, 88, 61, 25, 62, 44]"
Sko100c,3900,156236,127.64,4.79,6,70,0.5966,0.5187,10,100,42,"[9, 85, 27, 7, 39, 64, 2, 63, 89, 78, 92, 87, 6, 66, 15, 98, 53, 48, 17, 0, 34, 96, 82, 42, 55, 56, 20, 77, 83, 65, 18, 14, 22, 8, 97, 54, 84, 41, 70, 86, 57, 49, 76, 43, 81, 12, 21, 13, 58, 40, 30, 67, 16, 74, 4, 80, 11, 35, 91, 45, 52, 95, 1, 71, 99, 79, 46, 24, 37, 93, 29, 31, 51, 50, 73, 90, 10, 38, 5, 32, 72, 94, 60, 47, 59, 33, 28, 25, 36, 75, 26, 23, 68, 19, 69, 88, 44, 3, 62, 61]"
Sko100c,4000,156048,130.5,4.79,6,70,0.5966,0.5187,10,100,42,"[9, 85, 27, 66, 39, 64, 2, 63, 89, 78, 92, 87, 6, 7, 15, 98, 53, 48, 17, 0, 34, 96, 82, 56, 55, 42, 20, 77, 83, 65, 18, 14, 22, 8, 97, 54, 84, 41, 70, 86, 57, 49, 76, 99, 81, 12, 21, 13, 58, 40, 30, 67, 16, 79, 4, 80, 11, 35, 91, 45, 52, 95, 51, 71, 43, 94, 46, 24, 37, 93, 29, 31, 1, 50, 73, 90, 10, 38, 5, 32, 72, 74, 60, 47, 59, 33, 28, 25, 36, 75, 26, 23, 68, 19, 69, 88, 44, 3, 62, 61]"
Sko100c,4100,155860,133.54,4.79,6,70,0.5966,0.5187,10,100,42,"[9, 85, 27, 66, 39, 64, 2, 63, 89, 78, 92, 87, 6, 7, 15, 98, 53, 20, 17, 0, 34, 96, 82, 56, 55, 42, 48, 77, 83, 65, 18, 14, 22, 8, 97, 54, 84, 41, 70, 86, 57, 49, 76, 99, 81, 12, 21, 13, 58, 40, 30, 67, 16, 79, 4, 80, 11, 35, 91, 45, 52, 95, 46, 71, 43, 94, 51, 24, 37, 93, 29, 31, 1, 50, 10, 90, 73, 38, 5, 32, 72, 74, 60, 47, 59, 33, 28, 25, 36, 75, 26, 23, 68, 19, 69, 88, 44, 3, 62, 61]"
Sko100c,4200,155508,136.85,4.8,6,70,0.5966,0.5187,10,100,42,"[9, 85, 27, 66, 39, 64, 2, 63, 89, 0, 92, 87, 6, 7, 15, 98, 53, 20, 17, 78, 34, 96, 82, 56, 55, 24, 48, 77, 83, 65, 18, 14, 22, 8, 97, 54, 84, 41, 70, 86, 57, 49, 76, 99, 81, 12, 21, 13, 42, 40, 30, 67, 16, 79, 4, 80, 11, 35, 91, 45, 52, 95, 46, 71, 43, 94, 51, 58, 37, 62, 29, 31, 50, 1, 10, 90, 73, 38, 5, 32, 72, 74, 60, 47, 59, 33, 28, 25, 36, 75, 68, 23, 26, 19, 69, 88, 44, 3, 93, 61]"
Sko100c,4300,155366,139.81,4.8,6,70,0.5966,0.5187,10,100,42,"[9, 85, 27, 66, 98, 64, 2, 63, 89, 0, 92, 87, 6, 7, 15, 24, 53, 20, 17, 78, 34, 96, 71, 56, 55, 39, 48, 77, 83, 65, 18, 14, 22, 8, 97, 54, 84, 41, 70, 86, 57, 49, 76, 46, 81, 12, 21, 13, 42, 40, 30, 67, 16, 79, 4, 80, 11, 35, 91, 45, 52, 95, 99, 82, 43, 94, 51, 58, 37, 62, 29, 31, 50, 1, 10, 90, 47, 38, 5, 32, 72, 74, 60, 73, 59, 33, 44, 25, 36, 75, 68, 23, 26, 19, 69, 88, 28, 3, 93, 61]"
Sko100c,4400,155232,142.94,4.8,6,70,0.5966,0.5187,10,100,42,"[9, 85, 27, 66, 98, 64, 2, 63, 89, 0, 92, 87, 6, 7, 15, 24, 53, 20, 17, 78, 34, 96, 76, 56, 55, 39, 48, 77, 83, 65, 18, 14, 22, 8, 97, 54, 84, 41, 70, 86, 57, 49, 74, 46, 81, 12, 21, 58, 11, 40, 30, 67, 16, 79, 50, 80, 42, 35, 91, 45, 52, 95, 99, 82, 43, 90, 51, 13, 37, 62, 29, 31, 4, 1, 10, 94, 47, 38, 5, 32, 72, 71, 60, 73, 59, 33, 44, 25, 36, 75, 68, 23, 26, 19, 69, 88, 28, 3, 93, 61]"
Sko100c,4500,154844,145.8,4.8,6,70,0.5966,0.5187,10,100,42,"[9, 85, 27, 66, 98, 64, 2, 63, 89, 0, 92, 87, 6, 7, 15, 24, 53, 20, 17, 78, 34, 96, 76, 56, 55, 39, 48, 77, 83, 65, 18, 14, 22, 8, 97, 54, 84, 41, 70, 86, 57, 49, 74, 46, 13, 12, 21, 58, 11, 40, 30, 67, 16, 79, 50, 80, 42, 35, 91, 32, 52, 95, 99, 82, 43, 90, 51, 81, 37, 62, 29, 31, 4, 1, 10, 94, 47, 38, 5, 45, 72, 71, 60, 73, 59, 33, 44, 25, 36, 75, 68, 23, 26, 19, 69, 88, 28, 3, 93, 61]"
Sko100c,4600,154706,148.68,4.8,6,70,0.5966,0.5187,10,100,42,"[9, 85, 27, 66, 64, 98, 2, 63, 89, 0, 92, 87, 6, 7, 15, 24, 53, 20, 17, 78, 34, 96, 76, 56, 55, 39, 84, 77, 83, 65, 18, 14, 22, 8, 97, 54, 48, 41, 70, 86, 57, 74, 49, 46, 13, 12, 21, 58, 11, 40, 52, 67, 16, 79, 50, 80, 42, 35, 91, 32, 30, 95, 99, 82, 43, 90, 51, 81, 37, 62, 29, 31, 4, 1, 10, 94, 47, 38, 5, 45, 72, 71, 60, 73, 59, 33, 44, 25, 36, 75, 68, 23, 26, 19, 69, 88, 28, 3, 93, 61]"
Sko100c,4700,154706,151.63,4.8,6,70,0.5966,0.5187,10,100,42,"[9, 85, 27, 66, 64, 98, 2, 63, 89, 0, 92, 87, 6, 7, 15, 24, 53, 20, 17, 78, 34, 96, 76, 56, 55, 39, 84, 77, 83, 65, 18, 14, 22, 8, 97, 54, 48, 41, 70, 86, 57, 74, 49, 46, 13, 12, 21, 58, 11, 40, 52, 67, 16, 79, 50, 80, 42, 35, 91, 32, 30, 95, 99, 82, 43, 90, 51, 81, 37, 62, 29, 31, 4, 1, 10, 94, 47, 38, 5, 45, 72, 71, 60, 73, 59, 33, 44, 25, 36, 75, 68, 23, 26, 19, 69, 88, 28, 3, 93, 61]"
Sko100c,4800,154364,154.49,4.8,6,70,0.5966,0.5187,10,100,42,"[9, 85, 27, 66, 64, 98, 2, 63, 89, 0, 92, 96, 6, 7, 15, 24, 53, 20, 17, 78, 34, 87, 76, 56, 55, 39, 84, 77, 83, 65, 18, 14, 22, 8, 97, 54, 48, 41, 70, 86, 57, 74, 49, 46, 13, 12, 21, 58, 11, 40, 52, 67, 16, 79, 50, 80, 32, 35, 91, 42, 30, 95, 99, 82, 43, 90, 51, 81, 37, 62, 29, 31, 4, 1, 73, 94, 33, 38, 5, 45, 72, 71, 60, 10, 59, 47, 44, 25, 36, 75, 68, 23, 26, 19, 69, 88, 28, 3, 93, 61]"
Sko100c,4900,154364,157.3,4.8,6,70,0.5966,0.5187,10,100,42,"[9, 85, 27, 66, 64, 98, 2, 63, 89, 0, 92, 96, 6, 7, 15, 24, 53, 20, 17, 78, 34, 87, 76, 56, 55, 39, 84, 77, 83, 65, 18, 14, 22, 8, 97, 54, 48, 41, 70, 86, 57, 74, 49, 46, 13, 12, 21, 58, 11, 40, 52, 67, 16, 79, 50, 80, 32, 35, 91, 42, 30, 95, 99, 82, 43, 90, 51, 81, 37, 62, 29, 31, 4, 1, 73, 94, 33, 38, 5, 45, 72, 71, 60, 10, 59, 47, 44, 25, 36, 75, 68, 23, 26, 19, 69, 88, 28, 3, 93, 61]"
Sko100c,5000,154222,160.3,4.8,6,70,0.5966,0.5187,10,100,42,"[9, 85, 27, 66, 64, 98, 2, 63, 89, 0, 92, 96, 7, 6, 15, 24, 53, 20, 17, 78, 34, 87, 76, 56, 55, 39, 84, 77, 83, 65, 18, 14, 22, 8, 97, 54, 48, 41, 70, 86, 57, 74, 49, 46, 13, 12, 21, 58, 11, 37, 52, 67, 16, 79, 50, 80, 32, 35, 91, 42, 30, 95, 99, 82, 43, 90, 51, 81, 40, 62, 29, 31, 4, 1, 73, 94, 33, 38, 5, 45, 72, 71, 60, 10, 47, 59, 44, 25, 36, 75, 68, 23, 26, 19, 69, 88, 28, 3, 93, 61]"
Sko100c,5100,154188,163.24,4.73,6,70,0.5966,0.5187,10,100,42,"[9, 85, 27, 66, 64, 98, 2, 63, 89, 0, 92, 96, 7, 6, 15, 24, 53, 20, 17, 78, 34, 87, 76, 56, 55, 39, 84, 77, 83, 65, 18, 14, 22, 8, 97, 54, 48, 41, 70, 86, 57, 74, 49, 19, 13, 12, 21, 58, 11, 37, 52, 67, 16, 79, 50, 80, 32, 35, 91, 42, 30, 95, 99, 82, 43, 90, 51, 81, 40, 62, 29, 31, 4, 1, 73, 94, 33, 38, 5, 45, 72, 71, 60, 10, 47, 59, 44, 25, 36, 75, 68, 23, 26, 46, 69, 88, 28, 3, 93, 61]"
Sko100c,5200,154114,166.14,4.73,6,70,0.5966,0.5187,10,100,42,"[9, 85, 27, 66, 64, 98, 2, 63, 89, 0, 92, 96, 7, 6, 15, 24, 53, 20, 17, 78, 34, 87, 76, 56, 55, 39, 84, 77, 83, 65, 18, 14, 22, 8, 97, 54, 41, 48, 70, 86, 57, 74, 49, 43, 13, 12, 21, 58, 11, 37, 52, 67, 16, 79, 50, 80, 32, 35, 91, 42, 30, 95, 99, 82, 10, 90, 51, 81, 40, 62, 29, 31, 4, 1, 73, 94, 33, 38, 5, 45, 72, 71, 60, 19, 47, 59, 44, 25, 36, 75, 68, 23, 26, 46, 69, 88, 28, 3, 93, 61]"
Sko100c,5300,153868,169.14,4.73,6,70,0.5966,0.5187,10,100,42,"[9, 85, 27, 14, 64, 98, 2, 63, 89, 0, 92, 96, 7, 6, 15, 24, 53, 20, 17, 78, 34, 87, 76, 56, 55, 39, 84, 77, 83, 65, 18, 66, 22, 8, 97, 54, 41, 48, 70, 86, 57, 74, 49, 43, 13, 12, 21, 58, 11, 37, 52, 67, 60, 79, 50, 10, 32, 28, 91, 42, 30, 95, 99, 82, 80, 90, 51, 81, 40, 62, 29, 31, 4, 1, 73, 94, 33, 38, 5, 45, 72, 71, 16, 19, 47, 59, 44, 25, 36, 75, 68, 23, 26, 46, 69, 88, 35, 3, 93, 61]"
Sko100c,5400,153736,172.01,4.73,6,70,0.5966,0.5187,10,100,42,"[9, 85, 27, 14, 64, 98, 2, 63, 89, 0, 92, 96, 7, 6, 15, 24, 53, 20, 17, 78, 34, 87, 76, 56, 55, 39, 84, 77, 83, 65, 80, 66, 22, 8, 97, 54, 41, 48, 70, 86, 57, 74, 49, 43, 13, 12, 21, 58, 11, 37, 52, 67, 60, 79, 50, 10, 40, 28, 91, 42, 30, 95, 99, 82, 18, 47, 51, 81, 32, 62, 29, 31, 4, 1, 73, 94, 33, 38, 5, 45, 72, 71, 16, 19, 90, 59, 44, 25, 36, 75, 68, 23, 26, 46, 69, 88, 35, 3, 93, 61]"
Sko100c,5500,153640,175.32,4.74,6,70,0.5966,0.5187,10,100,42,"[9, 85, 27, 8, 64, 98, 2, 63, 89, 0, 92, 96, 7, 6, 15, 12, 53, 20, 17, 78, 34, 87, 76, 56, 55, 39, 84, 77, 83, 65, 80, 66, 22, 14, 97, 54, 41, 48, 70, 86, 57, 74, 49, 43, 13, 24, 21, 58, 11, 37, 52, 67, 60, 79, 50, 10, 40, 28, 91, 42, 30, 95, 99, 82, 18, 47, 51, 81, 32, 62, 29, 31, 4, 90, 73, 94, 33, 38, 5, 45, 72, 71, 16, 19, 1, 59, 44, 25, 36, 75, 68, 23, 26, 46, 69, 88, 35, 3, 93, 61]"
Sko100c,5600,153640,178.65,4.65,6,70,0.5966,0.5187,10,100,42,"[9, 85, 27, 8, 64, 98, 2, 63, 89, 0, 92, 96, 7, 6, 15, 12, 53, 20, 17, 78, 34, 87, 76, 56, 55, 39, 84, 77, 83, 65, 80, 66, 22, 14, 97, 54, 41, 48, 70, 86, 57, 74, 49, 43, 13, 24, 21, 58, 11, 37, 52, 67, 60, 79, 50, 10, 40, 28, 91, 42, 30, 95, 99, 82, 18, 47, 51, 81, 32, 62, 29, 31, 4, 90, 73, 94, 33, 38, 5, 45, 72, 71, 16, 19, 1, 59, 44, 25, 36, 75, 68, 23, 26, 46, 69, 88, 35, 3, 93, 61]"
Sko100c,5700,153550,181.65,4.65,6,70,0.5966,0.5187,10,100,42,"[9, 85, 27, 8, 64, 98, 2, 63, 89, 0, 92, 96, 7, 6, 15, 84, 53, 20, 17, 78, 34, 87, 76, 39, 55, 56, 12, 77, 83, 65, 80, 66, 22, 14, 97, 54, 41, 48, 70, 86, 57, 74, 49, 67, 13, 24, 21, 58, 11, 37, 52, 43, 60, 79, 50, 10, 40, 28, 91, 42, 30, 95, 99, 82, 18, 47, 51, 81, 32, 62, 29, 31, 4, 90, 73, 94, 33, 38, 5, 45, 72, 71, 16, 19, 1, 59, 44, 25, 36, 75, 68, 23, 26, 46, 69, 88, 35, 3, 93, 61]"
Sko100c,5800,153378,184.5,4.65,6,70,0.5966,0.5187,10,100,42,"[9, 85, 27, 8, 64, 98, 2, 63, 84, 0, 92, 96, 7, 6, 15, 89, 53, 20, 17, 78, 34, 87, 76, 39, 55, 56, 12, 77, 83, 65, 80, 66, 22, 14, 97, 54, 41, 48, 70, 86, 57, 74, 49, 67, 13, 24, 21, 58, 11, 37, 52, 43, 60, 79, 50, 10, 40, 28, 91, 42, 30, 95, 99, 82, 18, 47, 51, 81, 32, 62, 29, 31, 4, 90, 73, 94, 33, 38, 5, 45, 72, 71, 16, 19, 1, 59, 44, 25, 36, 75, 68, 23, 26, 46, 69, 88, 35, 3, 93, 61]"
Sko100c,5900,153360,187.66,4.65,6,70,0.5966,0.5187,10,100,42,"[9, 85, 27, 8, 64, 98, 2, 63, 84, 0, 92, 96, 7, 6, 15, 89, 53, 20, 17, 78, 34, 87, 76, 39, 55, 56, 12, 77, 83, 65, 80, 66, 22, 14, 97, 54, 41, 48, 70, 86, 57, 74, 49, 67, 13, 24, 21, 58, 11, 37, 52, 43, 19, 79, 50, 10, 40, 28, 91, 42, 30, 95, 99, 82, 18, 47, 51, 81, 32, 62, 29, 31, 4, 90, 73, 94, 33, 38, 5, 45, 72, 71, 16, 1, 60, 59, 44, 25, 36, 75, 68, 23, 26, 46, 69, 88, 35, 3, 93, 61]"
Sko100c,6000,153344,191.03,4.65,6,70,0.5966,0.5187,10,100,42,"[9, 85, 27, 8, 64, 98, 2, 63, 84, 0, 92, 80, 7, 6, 15, 89, 53, 20, 17, 78, 57, 87, 76, 39, 55, 56, 12, 77, 83, 65, 96, 66, 22, 14, 97, 54, 41, 48, 70, 86, 34, 74, 49, 67, 13, 24, 21, 58, 11, 37, 52, 43, 19, 79, 50, 10, 40, 28, 91, 42, 30, 95, 99, 82, 18, 47, 51, 81, 32, 62, 29, 31, 4, 90, 73, 94, 33, 38, 5, 45, 72, 71, 16, 1, 60, 59, 44, 25, 36, 75, 68, 23, 26, 46, 69, 88, 35, 3, 93, 61]"
Sko100c,6100,153086,193.91,4.65,6,70,0.5966,0.5187,10,100,42,"[9, 85, 27, 8, 64, 98, 2, 63, 84, 0, 92, 80, 7, 6, 15, 89, 53, 20, 17, 78, 57, 87, 19, 39, 55, 56, 12, 77, 83, 65, 96, 66, 22, 14, 97, 54, 41, 48, 70, 86, 34, 74, 49, 67, 13, 24, 21, 58, 11, 37, 52, 43, 76, 79, 50, 10, 40, 28, 91, 42, 30, 95, 99, 82, 18, 47, 51, 69, 32, 62, 29, 31, 4, 90, 73, 94, 33, 44, 5, 45, 72, 23, 16, 1, 60, 59, 38, 25, 36, 75, 68, 71, 26, 46, 81, 88, 35, 3, 93, 61]"
Sko100c,6200,152962,196.72,4.65,6,70,0.5966,0.5187,10,100,42,"[9, 85, 27, 8, 64, 98, 2, 63, 84, 0, 92, 80, 7, 6, 15, 89, 53, 20, 17, 78, 57, 87, 19, 39, 55, 56, 12, 77, 83, 65, 96, 66, 22, 14, 97, 54, 41, 48, 70, 86, 34, 74, 49, 67, 13, 24, 21, 58, 11, 37, 52, 43, 76, 79, 50, 10, 91, 28, 40, 42, 30, 95, 99, 82, 18, 47, 51, 69, 32, 62, 29, 31, 4, 90, 73, 94, 33, 44, 5, 45, 72, 23, 16, 1, 60, 59, 38, 25, 36, 75, 68, 71, 26, 46, 81, 88, 35, 3, 93, 61]"
Sko100c,6300,152962,199.76,4.65,6,70,0.5966,0.5187,10,100,42,"[9, 85, 27, 8, 64, 98, 2, 63, 84, 0, 92, 80, 7, 6, 15, 89, 53, 20, 17, 78, 57, 87, 19, 39, 55, 56, 12, 77, 83, 65, 96, 66, 22, 14, 97, 54, 41, 48, 70, 86, 34, 74, 49, 67, 13, 24, 21, 58, 11, 37, 52, 43, 76, 79, 50, 10, 91, 28, 40, 42, 30, 95, 99, 82, 18, 47, 51, 69, 32, 62, 29, 31, 4, 90, 73, 94, 33, 44, 5, 45, 72, 23, 16, 1, 60, 59, 38, 25, 36, 75, 68, 71, 26, 46, 81, 88, 35, 3, 93, 61]"
Sko100c,6400,152918,202.64,4.65,6,70,0.5966,0.5187,10,100,42,"[9, 85, 27, 8, 64, 98, 2, 63, 84, 0, 92, 80, 7, 6, 15, 89, 53, 20, 17, 78, 57, 87, 19, 39, 55, 56, 12, 77, 83, 65, 96, 66, 22, 14, 97, 54, 41, 48, 70, 86, 34, 74, 49, 67, 13, 24, 21, 58, 11, 37, 52, 43, 76, 79, 50, 10, 91, 28, 40, 42, 30, 95, 99, 82, 18, 47, 33, 69, 32, 62, 29, 31, 4, 90, 73, 94, 51, 44, 5, 45, 72, 23, 16, 1, 60, 59, 38, 25, 36, 75, 68, 71, 26, 46, 81, 88, 35, 3, 93, 61]"
Sko100c,6500,152918,205.53,4.65,6,70,0.5966,0.5187,10,100,42,"[9, 85, 27, 8, 64, 98, 2, 63, 84, 0, 92, 80, 7, 6, 15, 89, 53, 20, 17, 78, 57, 87, 19, 39, 55, 56, 12, 77, 83, 65, 96, 66, 22, 14, 97, 54, 41, 48, 70, 86, 34, 74, 49, 67, 13, 24, 21, 58, 11, 37, 52, 43, 76, 79, 50, 10, 91, 28, 40, 42, 30, 95, 99, 82, 18, 47, 33, 69, 32, 62, 29, 31, 4, 90, 73, 94, 51, 44, 5, 45, 72, 23, 16, 1, 60, 59, 38, 25, 36, 75, 68, 71, 26, 46, 81, 88, 35, 3, 93, 61]"
Sko100c,6600,152882,208.34,4.65,6,70,0.5966,0.5187,10,100,42,"[9, 85, 27, 8, 64, 98, 2, 63, 84, 0, 92, 80, 7, 6, 15, 89, 53, 20, 17, 78, 57, 87, 19, 39, 55, 56, 12, 77, 83, 65, 96, 66, 22, 14, 97, 54, 41, 48, 70, 86, 34, 74, 49, 67, 13, 33, 21, 58, 11, 37, 52, 43, 76, 79, 50, 10, 91, 28, 40, 42, 30, 95, 99, 82, 18, 47, 24, 69, 32, 62, 29, 31, 4, 90, 73, 94, 51, 44, 5, 45, 72, 23, 16, 1, 60, 59, 38, 25, 36, 75, 68, 26, 71, 46, 81, 88, 35, 3, 93, 61]"
Sko100c,100,170948,211.18,5.14,6,70,0.5966,0.5187,10,100,42,"[27, 26, 9, 94, 18, 79, 15, 19, 14, 40, 99, 70, 69, 62, 4, 48, 0, 67, 58, 77, 20, 75, 25, 10, 51, 88, 22, 17, 80, 35, 3, 93, 24, 90, 95, 50, 97, 68, 82, 64, 43, 98, 49, 44, 47, 91, 92, 54, 32, 87, 41, 96, 12, 61, 46, 74, 53, 38, 6, 45, 63, 59, 60, 8, 7, 83, 37, 28, 2, 76, 78, 13, 72, 57, 71, 65, 86, 31, 16, 21, 52, 1, 81, 30, 84, 89, 66, 23, 34, 11, 5, 42, 55, 56, 29, 33, 85, 73, 36, 39]"
Sko100c,200,170948,213.88,5.14,6,70,0.5966,0.5187,10,100,42,"[27, 26, 9, 94, 18, 79, 15, 19, 14, 40, 99, 70, 69, 62, 4, 48, 0, 67, 58, 77, 20, 75, 25, 10, 51, 88, 22, 17, 80, 35, 3, 93, 24, 90, 95, 50, 97, 68, 82, 64, 43, 98, 49, 44, 47, 91, 92, 54, 32, 87, 41, 96, 12, 61, 46, 74, 53, 38, 6, 45, 63, 59, 60, 8, 7, 83, 37, 28, 2, 76, 78, 13, 72, 57, 71, 65, 86, 31, 16, 21, 52, 1, 81, 30, 84, 89, 66, 23, 34, 11, 5, 42, 55, 56, 29, 33, 85, 73, 36, 39]"
Sko100c,300,170948,216.53,5.15,6,70,0.5966,0.5187,10,100,42,"[27, 26, 9, 94, 18, 79, 15, 19, 14, 40, 99, 70, 69, 62, 4, 48, 0, 67, 58, 77, 20, 75, 25, 10, 51, 88, 22, 17, 80, 35, 3, 93, 24, 90, 95, 50, 97, 68, 82, 64, 43, 98, 49, 44, 47, 91, 92, 54, 32, 87, 41, 96, 12, 61, 46, 74, 53, 38, 6, 45, 63, 59, 60, 8, 7, 83, 37, 28, 2, 76, 78, 13, 72, 57, 71, 65, 86, 31, 16, 21, 52, 1, 81, 30, 84, 89, 66, 23, 34, 11, 5, 42, 55, 56, 29, 33, 85, 73, 36, 39]"
Sko100c,400,170948,219.38,5.15,6,70,0.5966,0.5187,10,100,42,"[27, 26, 9, 94, 18, 79, 15, 19, 14, 40, 99, 70, 69, 62, 4, 48, 0, 67, 58, 77, 20, 75, 25, 10, 51, 88, 22, 17, 80, 35, 3, 93, 24, 90, 95, 50, 97, 68, 82, 64, 43, 98, 49, 44, 47, 91, 92, 54, 32, 87, 41, 96, 12, 61, 46, 74, 53, 38, 6, 45, 63, 59, 60, 8, 7, 83, 37, 28, 2, 76, 78, 13, 72, 57, 71, 65, 86, 31, 16, 21, 52, 1, 81, 30, 84, 89, 66, 23, 34, 11, 5, 42, 55, 56, 29, 33, 85, 73, 36, 39]"
Sko100c,500,170948,222.19,5.15,6,70,0.5966,0.5187,10,100,42,"[27, 26, 9, 94, 18, 79, 15, 19, 14, 40, 99, 70, 69, 62, 4, 48, 0, 67, 58, 77, 20, 75, 25, 10, 51, 88, 22, 17, 80, 35, 3, 93, 24, 90, 95, 50, 97, 68, 82, 64, 43, 98, 49, 44, 47, 91, 92, 54, 32, 87, 41, 96, 12, 61, 46, 74, 53, 38, 6, 45, 63, 59, 60, 8, 7, 83, 37, 28, 2, 76, 78, 13, 72, 57, 71, 65, 86, 31, 16, 21, 52, 1, 81, 30, 84, 89, 66, 23, 34, 11, 5, 42, 55, 56, 29, 33, 85, 73, 36, 39]"
Sko100c,600,170854,224.82,5.04,6,70,0.5966,0.5187,10,100,42,"[42, 98, 16, 84, 53, 22, 66, 18, 40, 67, 57, 29, 64, 27, 35, 51, 50, 47, 89, 75, 62, 43, 33, 12, 1, 0, 32, 7, 6, 3, 85, 2, 87, 96, 97, 26, 41, 13, 61, 76, 77, 74, 44, 11, 83, 86, 92, 4, 59, 21, 63, 25, 48, 52, 71, 73, 31, 36, 23, 60, 70, 49, 95, 17, 55, 68, 46, 90, 38, 72, 8, 37, 65, 14, 19, 78, 56, 45, 82, 79, 30, 91, 15, 88, 28, 94, 99, 58, 24, 80, 34, 5, 20, 54, 10, 9, 69, 39, 81, 93]"
Sko100c,700,169104,227.51,5.04,6,70,0.5966,0.5187,10,100,42,"[93, 44, 47, 42, 55, 43, 87, 18, 0, 61, 57, 83, 39, 12, 74, 51, 86, 16, 89, 71, 50, 97, 29, 67, 92, 40, 48, 78, 69, 41, 85, 2, 14, 13, 22, 52, 10, 46, 88, 76, 80, 37, 98, 11, 26, 20, 27, 59, 4, 21, 66, 19, 32, 58, 45, 25, 77, 7, 23, 28, 1, 49, 60, 17, 99, 68, 31, 90, 38, 72, 8, 70, 9, 33, 30, 95, 56, 36, 82, 79, 15, 34, 35, 62, 65, 94, 53, 91, 3, 73, 63, 5, 6, 54, 24, 64, 84, 96, 81, 75]"
Sko100c,800,167616,230.35,5.04,6,70,0.5966,0.5187,10,100,42,"[93, 44, 26, 42, 55, 80, 50, 18, 3, 89, 57, 39, 36, 12, 74, 52, 86, 16, 75, 71, 99, 85, 32, 43, 25, 78, 45, 40, 69, 19, 5, 2, 14, 91, 31, 24, 10, 46, 88, 38, 11, 68, 98, 1, 73, 4, 84, 81, 97, 29, 13, 35, 28, 58, 48, 15, 77, 92, 23, 21, 30, 49, 33, 17, 87, 37, 66, 90, 76, 47, 9, 83, 8, 60, 67, 95, 56, 41, 65, 79, 7, 34, 20, 62, 82, 94, 53, 70, 0, 72, 63, 22, 6, 54, 51, 64, 27, 96, 59, 61]"
Sko100c,900,167616,233.37,5.04,6,70,0.5966,0.5187,10,100,42,"[93, 44, 26, 42, 55, 80, 50, 18, 3, 89, 57, 39, 36, 12, 74, 52, 86, 16, 75, 71, 99, 85, 32, 43, 25, 78, 45, 40, 69, 19, 5, 2, 14, 91, 31, 24, 10, 46, 88, 38, 11, 68, 98, 1, 73, 4, 84, 81, 97, 29, 13, 35, 28, 58, 48, 15, 77, 92, 23, 21, 30, 49, 33, 17, 87, 37, 66, 90, 76, 47, 9, 83, 8, 60, 67, 95, 56, 41, 65, 79, 7, 34, 20, 62, 82, 94, 53, 70, 0, 72, 63, 22, 6, 54, 51, 64, 27, 96, 59, 61]"
Sko100c,1000,167616,236.53,5.04,6,70,0.5966,0.5187,10,100,42,"[93, 44, 26, 42, 55, 80, 50, 18, 3, 89, 57, 39, 36, 12, 74, 52, 86, 16, 75, 71, 99, 85, 32, 43, 25, 78, 45, 40, 69, 19, 5, 2, 14, 91, 31, 24, 10, 46, 88, 38, 11, 68, 98, 1, 73, 4, 84, 81, 97, 29, 13, 35, 28, 58, 48, 15, 77, 92, 23, 21, 30, 49, 33, 17, 87, 37, 66, 90, 76, 47, 9, 83, 8, 60, 67, 95, 56, 41, 65, 79, 7, 34, 20, 62, 82, 94, 53, 70, 0, 72, 63, 22, 6, 54, 51, 64, 27, 96, 59, 61]"
Sko100c,1100,167616,239.2,5.04,6,70,0.5966,0.5187,10,100,42,"[93, 44, 26, 42, 55, 80, 50, 18, 3, 89, 57, 39, 36, 12, 74, 52, 86, 16, 75, 71, 99, 85, 32, 43, 25, 78, 45, 40, 69, 19, 5, 2, 14, 91, 31, 24, 10, 46, 88, 38, 11, 68, 98, 1, 73, 4, 84, 81, 97, 29, 13, 35, 28, 58, 48, 15, 77, 92, 23, 21, 30, 49, 33, 17, 87, 37, 66, 90, 76, 47, 9, 83, 8, 60, 67, 95, 56, 41, 65, 79, 7, 34, 20, 62, 82, 94, 53, 70, 0, 72, 63, 22, 6, 54, 51, 64, 27, 96, 59, 61]"
Sko100c,1200,167616,241.94,5.04,6,70,0.5966,0.5187,10,100,42,"[93, 44, 26, 42, 55, 80, 50, 18, 3, 89, 57, 39, 36, 12, 74, 52, 86, 16, 75, 71, 99, 85, 32, 43, 25, 78, 45, 40, 69, 19, 5, 2, 14, 91, 31, 24, 10, 46, 88, 38, 11, 68, 98, 1, 73, 4, 84, 81, 97, 29, 13, 35, 28, 58, 48, 15, 77, 92, 23, 21, 30, 49, 33, 17, 87, 37, 66, 90, 76, 47, 9, 83, 8, 60, 67, 95, 56, 41, 65, 79, 7, 34, 20, 62, 82, 94, 53, 70, 0, 72, 63, 22, 6, 54, 51, 64, 27, 96, 59, 61]"
Sko100c,1300,167616,244.59,5.04,6,70,0.5966,0.5187,10,100,42,"[93, 44, 26, 42, 55, 80, 50, 18, 3, 89, 57, 39, 36, 12, 74, 52, 86, 16, 75, 71, 99, 85, 32, 43, 25, 78, 45, 40, 69, 19, 5, 2, 14, 91, 31, 24, 10, 46, 88, 38, 11, 68, 98, 1, 73, 4, 84, 81, 97, 29, 13, 35, 28, 58, 48, 15, 77, 92, 23, 21, 30, 49, 33, 17, 87, 37, 66, 90, 76, 47, 9, 83, 8, 60, 67, 95, 56, 41, 65, 79, 7, 34, 20, 62, 82, 94, 53, 70, 0, 72, 63, 22, 6, 54, 51, 64, 27, 96, 59, 61]"
Sko100c,1400,167544,247.35,5.04,6,70,0.5966,0.5187,10,100,42,"[12, 55, 49, 21, 88, 34, 32, 57, 35, 28, 27, 44, 63, 89, 41, 3, 74, 52, 36, 33, 50, 60, 75, 38, 11, 80, 16, 39, 22, 25, 17, 78, 43, 47, 68, 2, 18, 46, 67, 69, 66, 24, 30, 71, 54, 97, 59, 93, 73, 5, 77, 91, 13, 87, 4, 90, 72, 58, 10, 29, 6, 98, 37, 48, 96, 82, 40, 15, 56, 79, 86, 83, 81, 76, 26, 20, 31, 19, 23, 53, 65, 84, 7, 42, 61, 92, 9, 95, 85, 51, 70, 62, 0, 45, 94, 14, 8, 1, 64, 99]"
Sko100c,1500,167418,250.09,5.04,6,70,0.5966,0.5187,10,100,42,"[12, 44, 81, 21, 50, 55, 32, 34, 35, 61, 27, 63, 13, 54, 41, 60, 93, 52, 39, 66, 49, 57, 30, 38, 3, 80, 77, 36, 22, 89, 28, 78, 43, 47, 29, 17, 18, 85, 11, 69, 90, 24, 88, 8, 56, 97, 59, 74, 73, 5, 98, 33, 96, 87, 4, 15, 72, 58, 23, 10, 95, 75, 37, 25, 65, 92, 91, 6, 48, 79, 86, 83, 2, 71, 26, 68, 31, 1, 84, 53, 76, 20, 67, 42, 16, 19, 64, 99, 40, 51, 0, 62, 94, 45, 70, 14, 46, 82, 9, 7]"
Sko100c,1600,164710,252.97,5.04,6,70,0.5966,0.5187,10,100,42,"[12, 44, 81, 97, 75, 55, 59, 34, 38, 73, 27, 63, 13, 35, 41, 60, 93, 16, 3, 66, 49, 57, 10, 72, 26, 80, 77, 67, 22, 18, 28, 78, 43, 47, 29, 17, 70, 87, 11, 69, 95, 52, 33, 25, 99, 50, 54, 74, 21, 23, 45, 88, 36, 39, 4, 15, 30, 19, 61, 68, 90, 82, 37, 91, 5, 92, 71, 6, 79, 2, 76, 83, 32, 89, 48, 1, 31, 64, 8, 53, 86, 20, 85, 42, 24, 58, 65, 56, 40, 51, 0, 62, 94, 98, 84, 14, 46, 96, 9, 7]"
Sko100c,1700,164138,255.76,5.04,6,70,0.5966,0.5187,10,100,42,"[12, 44, 64, 97, 75, 55, 59, 34, 38, 73, 27, 63, 13, 35, 41, 60, 93, 16, 3, 66, 49, 57, 10, 72, 50, 80, 77, 67, 22, 18, 2, 78, 43, 47, 29, 17, 70, 31, 11, 69, 95, 52, 33, 25, 99, 26, 54, 74, 21, 23, 45, 88, 5, 39, 4, 15, 30, 19, 61, 68, 90, 82, 37, 91, 36, 92, 71, 6, 79, 28, 76, 83, 32, 89, 48, 1, 87, 81, 8, 42, 86, 20, 85, 53, 24, 58, 65, 56, 40, 51, 0, 62, 94, 98, 84, 14, 46, 96, 9, 7]"
Sko100c,1800,164138,258.49,5.04,6,70,0.5966,0.5187,10,100,42,"[12, 44, 64, 97, 75, 55, 59, 34, 38, 73, 27, 63, 13, 35, 41, 60, 93, 16, 3, 66, 49, 57, 10, 72, 50, 80, 77, 67, 22, 18, 2, 78, 43, 47, 29, 17, 70, 31, 11, 69, 95, 52, 33, 25, 99, 26, 54, 74, 21, 23, 45, 88, 5, 39, 4, 15, 30, 19, 61, 68, 90, 82, 37, 91, 36, 92, 71, 6, 79, 28, 76, 83, 32, 89, 48, 1, 87, 81, 8, 42, 86, 20, 85, 53, 24, 58, 65, 56, 40, 51, 0, 62, 94, 98, 84, 14, 46, 96, 9, 7]"
Sko100c,1900,164138,261.28,5.04,6,70,0.5966,0.5187,10,100,42,"[12, 44, 64, 97, 75, 55, 59, 34, 38, 73, 27, 63, 13, 35, 41, 60, 93, 16, 3, 66, 49, 57, 10, 72, 50, 80, 77, 67, 22, 18, 2, 78, 43, 47, 29, 17, 70, 31, 11, 69, 95, 52, 33, 25, 99, 26, 54, 74, 21, 23, 45, 88, 5, 39, 4, 15, 30, 19, 61, 68, 90, 82, 37, 91, 36, 92, 71, 6, 79, 28, 76, 83, 32, 89, 48, 1, 87, 81, 8, 42, 86, 20, 85, 53, 24, 58, 65, 56, 40, 51, 0, 62, 94, 98, 84, 14, 46, 96, 9, 7]"
Sko100c,2000,164138,264.0,5.04,6,70,0.5966,0.5187,10,100,42,"[12, 44, 64, 97, 75, 55, 59, 34, 38, 73, 27, 63, 13, 35, 41, 60, 93, 16, 3, 66, 49, 57, 10, 72, 50, 80, 77, 67, 22, 18, 2, 78, 43, 47, 29, 17, 70, 31, 11, 69, 95, 52, 33, 25, 99, 26, 54, 74, 21, 23, 45, 88, 5, 39, 4, 15, 30, 19, 61, 68, 90, 82, 37, 91, 36, 92, 71, 6, 79, 28, 76, 83, 32, 89, 48, 1, 87, 81, 8, 42, 86, 20, 85, 53, 24, 58, 65, 56, 40, 51, 0, 62, 94, 98, 84, 14, 46, 96, 9, 7]"
Sko100c,2100,164138,266.84,5.04,6,70,0.5966,0.5187,10,100,42,"[12, 44, 64, 97, 75, 55, 59, 34, 38, 73, 27, 63, 13, 35, 41, 60, 93, 16, 3, 66, 49, 57, 10, 72, 50, 80, 77, 67, 22, 18, 2, 78, 43, 47, 29, 17, 70, 31, 11, 69, 95, 52, 33, 25, 99, 26, 54, 74, 21, 23, 45, 88, 5, 39, 4, 15, 30, 19, 61, 68, 90, 82, 37, 91, 36, 92, 71, 6, 79, 28, 76, 83, 32, 89, 48, 1, 87, 81, 8, 42, 86, 20, 85, 53, 24, 58, 65, 56, 40, 51, 0, 62, 94, 98, 84, 14, 46, 96, 9, 7]"
Sko100c,2200,163756,269.68,5.04,6,70,0.5966,0.5187,10,100,42,"[65, 0, 72, 73, 88, 30, 80, 15, 57, 68, 19, 17, 10, 47, 22, 60, 4, 67, 52, 29, 24, 39, 97, 5, 6, 16, 77, 3, 23, 50, 86, 12, 78, 92, 71, 13, 7, 98, 95, 55, 37, 51, 33, 41, 75, 99, 87, 48, 76, 59, 42, 11, 66, 28, 79, 70, 18, 20, 34, 21, 91, 63, 54, 49, 53, 46, 85, 43, 31, 32, 56, 25, 94, 89, 40, 38, 83, 9, 8, 64, 74, 45, 26, 96, 82, 44, 14, 61, 1, 84, 58, 62, 36, 90, 35, 81, 2, 27, 69, 93]"
Sko100c,2300,163680,272.55,5.05,6,70,0.5966,0.5187,10,100,42,"[65, 0, 72, 73, 88, 30, 80, 15, 57, 77, 19, 17, 10, 47, 22, 60, 4, 67, 52, 29, 24, 39, 97, 5, 6, 16, 74, 3, 23, 50, 86, 12, 68, 92, 71, 13, 7, 98, 95, 55, 37, 51, 33, 41, 75, 99, 87, 48, 76, 59, 42, 11, 66, 53, 79, 70, 18, 96, 34, 21, 91, 63, 54, 49, 28, 46, 40, 43, 31, 32, 56, 25, 94, 89, 85, 38, 58, 9, 8, 64, 78, 45, 26, 20, 82, 44, 14, 61, 1, 84, 83, 62, 36, 90, 35, 81, 2, 27, 69, 93]"
Sko100c,2400,163382,275.21,5.05,6,70,0.5966,0.5187,10,100,42,"[65, 0, 71, 78, 30, 88, 29, 43, 22, 85, 93, 89, 96, 28, 57, 92, 76, 67, 52, 81, 61, 37, 47, 51, 16, 18, 74, 3, 68, 50, 86, 12, 6, 60, 72, 13, 55, 98, 7, 95, 39, 5, 33, 41, 34, 99, 87, 48, 23, 59, 42, 11, 4, 53, 79, 49, 66, 10, 21, 75, 91, 63, 54, 84, 73, 46, 20, 15, 31, 19, 56, 25, 94, 17, 97, 38, 58, 8, 83, 64, 77, 45, 26, 40, 82, 44, 14, 24, 1, 90, 9, 62, 36, 70, 35, 2, 80, 27, 69, 32]"
Sko100c,2500,162060,278.04,5.05,6,70,0.5966,0.5187,10,100,42,"[65, 0, 71, 78, 30, 88, 29, 43, 22, 85, 93, 89, 96, 84, 57, 92, 97, 67, 52, 66, 61, 37, 47, 51, 16, 18, 74, 3, 95, 50, 86, 12, 6, 60, 72, 13, 55, 98, 7, 68, 39, 5, 33, 41, 34, 99, 87, 46, 23, 59, 44, 11, 4, 53, 48, 10, 49, 20, 21, 75, 91, 63, 58, 80, 73, 79, 81, 14, 31, 19, 25, 56, 94, 17, 76, 38, 15, 8, 83, 64, 77, 45, 26, 40, 82, 9, 54, 24, 1, 90, 42, 62, 36, 70, 35, 2, 28, 27, 69, 32]"
Sko100c,2600,161666,280.48,5.05,6,70,0.5966,0.5187,10,100,42,"[65, 0, 71, 78, 43, 88, 74, 30, 22, 85, 93, 29, 96, 84, 57, 92, 18, 67, 52, 66, 61, 37, 47, 51, 16, 97, 89, 3, 95, 50, 86, 12, 6, 76, 98, 10, 55, 72, 7, 68, 90, 5, 33, 41, 39, 99, 87, 60, 81, 59, 44, 11, 4, 53, 48, 13, 49, 20, 9, 75, 28, 63, 58, 80, 73, 79, 23, 14, 31, 19, 25, 56, 94, 46, 34, 38, 15, 8, 83, 64, 77, 45, 26, 40, 21, 82, 54, 24, 1, 17, 42, 62, 36, 70, 35, 2, 91, 27, 69, 32]"
Sko100c,2700,161032,282.8,5.05,6,70,0.5966,0.5187,10,100,42,"[65, 0, 71, 82, 43, 88, 74, 30, 22, 85, 93, 29, 38, 37, 57, 81, 3, 67, 52, 66, 61, 84, 47, 51, 16, 97, 99, 56, 95, 50, 86, 17, 6, 76, 46, 53, 18, 72, 7, 68, 90, 5, 55, 41, 39, 89, 87, 60, 92, 59, 45, 25, 4, 34, 48, 13, 79, 31, 9, 20, 77, 63, 12, 80, 73, 58, 91, 14, 49, 19, 32, 11, 94, 33, 10, 23, 15, 8, 96, 64, 44, 28, 26, 40, 21, 78, 54, 24, 1, 98, 42, 62, 36, 70, 35, 2, 83, 27, 69, 75]"
Sko100c,2800,159704,285.81,5.05,6,70,0.5966,0.5187,10,100,42,"[3, 0, 71, 82, 43, 88, 74, 68, 22, 85, 93, 29, 38, 21, 57, 65, 81, 67, 52, 66, 61, 84, 47, 51, 72, 97, 6, 92, 95, 50, 86, 17, 90, 16, 46, 18, 31, 76, 7, 30, 23, 5, 53, 41, 55, 89, 87, 60, 56, 59, 45, 25, 34, 91, 48, 13, 79, 39, 9, 20, 77, 32, 12, 80, 10, 58, 4, 14, 49, 19, 63, 26, 70, 33, 73, 99, 15, 8, 96, 64, 35, 28, 11, 40, 37, 78, 54, 24, 83, 98, 42, 62, 36, 94, 44, 2, 1, 27, 69, 75]"
Sko100c,2900,158840,288.55,5.05,6,70,0.5966,0.5187,10,100,42,"[3, 0, 56, 82, 57, 88, 60, 68, 22, 66, 93, 29, 38, 21, 43, 65, 81, 67, 52, 85, 61, 84, 18, 51, 72, 97, 6, 30, 95, 50, 86, 17, 90, 16, 23, 47, 31, 99, 7, 92, 46, 5, 53, 41, 55, 89, 87, 74, 71, 59, 45, 28, 34, 91, 48, 10, 79, 39, 9, 20, 77, 32, 12, 80, 13, 58, 4, 14, 49, 19, 63, 26, 70, 33, 73, 76, 15, 8, 96, 64, 35, 25, 11, 40, 37, 78, 54, 24, 83, 98, 42, 62, 36, 94, 44, 2, 1, 27, 69, 75]"
Sko100c,3000,158788,290.85,5.05,6,70,0.5966,0.5187,10,100,42,"[3, 0, 56, 82, 57, 88, 60, 68, 22, 43, 93, 29, 38, 21, 66, 65, 81, 67, 52, 85, 61, 84, 18, 51, 72, 97, 6, 30, 95, 50, 86, 33, 90, 16, 23, 4, 31, 99, 7, 92, 46, 5, 53, 41, 55, 89, 87, 74, 71, 59, 45, 28, 34, 37, 48, 10, 79, 39, 9, 20, 54, 32, 58, 80, 13, 12, 47, 14, 49, 19, 63, 26, 70, 17, 73, 76, 15, 8, 96, 64, 35, 25, 11, 40, 91, 78, 77, 24, 83, 98, 42, 62, 36, 94, 44, 2, 1, 27, 69, 75]"
Sko100c,3100,158772,293.77,5.05,6,70,0.5966,0.5187,10,100,42,"[3, 0, 56, 23, 57, 88, 72, 68, 22, 43, 93, 29, 84, 21, 66, 55, 81, 67, 52, 85, 61, 37, 18, 51, 60, 97, 87, 30, 95, 50, 86, 33, 90, 16, 82, 7, 31, 99, 4, 92, 46, 5, 53, 41, 65, 89, 6, 74, 59, 71, 45, 28, 34, 38, 48, 10, 79, 39, 9, 20, 54, 26, 58, 80, 13, 12, 47, 14, 49, 19, 63, 32, 40, 78, 73, 42, 15, 8, 96, 64, 35, 25, 11, 70, 91, 17, 77, 24, 83, 98, 2, 62, 36, 94, 44, 76, 1, 27, 69, 75]"
Sko100c,3200,158268,296.55,5.05,6,70,0.5966,0.5187,10,100,42,"[3, 0, 37, 23, 57, 88, 72, 6, 22, 43, 93, 99, 84, 21, 66, 53, 81, 79, 52, 85, 56, 61, 18, 51, 82, 97, 80, 30, 50, 95, 86, 33, 90, 29, 60, 87, 31, 55, 4, 92, 46, 5, 16, 77, 49, 47, 98, 67, 9, 71, 45, 28, 34, 38, 48, 10, 74, 39, 59, 64, 54, 35, 58, 7, 13, 12, 89, 15, 69, 19, 63, 32, 41, 17, 42, 73, 14, 8, 96, 20, 26, 25, 11, 70, 91, 65, 40, 24, 83, 68, 2, 62, 36, 94, 44, 76, 1, 27, 78, 75]"
Sko100c,3300,157846,299.51,5.05,6,70,0.5966,0.5187,10,100,42,"[3, 0, 37, 66, 57, 88, 72, 6, 22, 81, 93, 69, 82, 21, 23, 53, 92, 79, 52, 85, 56, 61, 18, 51, 84, 97, 80, 30, 50, 95, 86, 33, 90, 73, 60, 87, 31, 9, 99, 43, 46, 5, 16, 77, 49, 47, 98, 67, 55, 71, 45, 28, 34, 38, 48, 10, 74, 39, 59, 64, 54, 35, 58, 7, 13, 12, 89, 15, 4, 20, 63, 32, 41, 17, 42, 29, 14, 8, 96, 19, 26, 25, 11, 70, 91, 65, 40, 24, 83, 68, 2, 62, 36, 94, 44, 76, 1, 27, 78, 75]"
Sko100c,3400,157722,302.19,5.05,6,70,0.5966,0.5187,10,100,42,"[3, 0, 37, 66, 57, 88, 72, 6, 22, 81, 93, 69, 84, 21, 23, 53, 92, 79, 52, 85, 56, 61, 18, 51, 82, 97, 80, 30, 50, 95, 86, 33, 90, 73, 60, 87, 31, 9, 99, 43, 46, 5, 16, 35, 49, 47, 98, 67, 55, 71, 62, 77, 34, 38, 48, 10, 74, 39, 59, 64, 54, 28, 58, 7, 13, 12, 89, 15, 4, 20, 63, 32, 41, 17, 42, 29, 14, 8, 96, 19, 26, 25, 11, 70, 91, 65, 40, 24, 83, 68, 2, 45, 36, 94, 44, 76, 1, 27, 78, 75]"
Sko100c,3500,157310,304.94,5.05,6,70,0.5966,0.5187,10,100,42,"[3, 0, 37, 66, 57, 88, 72, 6, 22, 92, 93, 69, 84, 38, 23, 53, 81, 79, 52, 85, 56, 61, 18, 51, 73, 97, 80, 30, 50, 95, 86, 33, 90, 82, 60, 87, 31, 43, 74, 9, 46, 63, 16, 13, 7, 47, 98, 67, 55, 71, 62, 77, 34, 21, 48, 10, 99, 49, 59, 64, 54, 28, 58, 39, 35, 12, 89, 15, 4, 20, 5, 42, 41, 17, 32, 29, 40, 8, 96, 19, 26, 25, 11, 70, 91, 65, 14, 24, 83, 68, 2, 45, 36, 94, 44, 76, 1, 27, 78, 75]"
Sko100c,3600,156942,307.53,5.05,6,70,0.5966,0.5187,10,100,42,"[3, 0, 37, 66, 57, 88, 72, 74, 22, 92, 93, 69, 84, 38, 23, 53, 81, 79, 52, 85, 56, 61, 18, 51, 73, 97, 80, 30, 50, 95, 86, 33, 90, 82, 60, 87, 99, 43, 6, 9, 46, 63, 16, 13, 7, 47, 98, 67, 55, 71, 62, 77, 34, 21, 48, 10, 8, 49, 59, 64, 45, 28, 58, 39, 35, 12, 89, 4, 15, 20, 5, 42, 41, 17, 32, 29, 40, 31, 96, 19, 26, 36, 11, 70, 91, 65, 14, 24, 83, 68, 2, 54, 25, 94, 44, 76, 1, 27, 78, 75]"
Sko100c,3700,156756,310.34,5.05,6,70,0.5966,0.5187,10,100,42,"[3, 0, 37, 66, 57, 88, 55, 80, 22, 92, 93, 69, 84, 38, 23, 53, 81, 79, 52, 85, 56, 61, 18, 51, 73, 97, 74, 30, 50, 95, 86, 33, 90, 82, 60, 87, 99, 43, 6, 9, 46, 63, 16, 13, 7, 47, 98, 67, 72, 71, 62, 77, 34, 21, 48, 10, 8, 49, 59, 64, 45, 28, 58, 39, 35, 12, 89, 4, 15, 20, 5, 42, 41, 17, 32, 29, 40, 31, 96, 19, 26, 36, 11, 70, 91, 65, 14, 24, 83, 68, 2, 54, 25, 94, 44, 76, 1, 27, 78, 75]"
Sko100c,3800,156522,313.17,5.05,6,70,0.5966,0.5187,10,100,42,"[3, 0, 37, 66, 57, 88, 55, 80, 22, 92, 93, 69, 84, 38, 12, 53, 81, 30, 52, 85, 56, 61, 18, 51, 73, 97, 49, 79, 50, 95, 86, 48, 90, 82, 60, 87, 99, 43, 6, 9, 46, 63, 16, 13, 7, 47, 98, 67, 72, 71, 62, 77, 21, 34, 33, 10, 8, 74, 59, 64, 45, 70, 58, 39, 35, 23, 89, 4, 15, 20, 5, 42, 41, 17, 32, 29, 40, 31, 96, 19, 26, 36, 11, 28, 91, 65, 1, 24, 83, 68, 2, 54, 25, 94, 44, 76, 14, 27, 78, 75]"
Sko100c,3900,156302,315.85,5.05,6,70,0.5966,0.5187,10,100,42,"[3, 0, 37, 66, 57, 88, 55, 80, 22, 92, 93, 69, 84, 38, 7, 53, 81, 30, 52, 85, 56, 61, 18, 51, 73, 97, 49, 79, 50, 95, 86, 48, 35, 82, 60, 87, 99, 43, 6, 9, 46, 63, 16, 13, 12, 47, 98, 67, 72, 71, 26, 77, 21, 34, 33, 10, 8, 74, 59, 64, 45, 70, 58, 39, 90, 23, 89, 4, 15, 20, 5, 42, 41, 17, 32, 29, 65, 31, 96, 19, 62, 36, 11, 28, 91, 40, 1, 24, 83, 68, 2, 54, 25, 94, 44, 76, 14, 27, 78, 75]"
Sko100c,4000,156144,318.53,5.05,6,70,0.5966,0.5187,10,100,42,"[3, 0, 37, 55, 57, 88, 66, 80, 22, 92, 93, 69, 84, 38, 7, 53, 81, 30, 52, 85, 51, 61, 18, 56, 73, 97, 49, 79, 50, 95, 86, 48, 35, 82, 60, 87, 99, 43, 6, 9, 46, 63, 16, 13, 12, 47, 98, 67, 72, 64, 26, 77, 21, 34, 33, 10, 8, 74, 59, 71, 45, 70, 58, 39, 90, 23, 89, 4, 15, 20, 5, 42, 41, 17, 32, 29, 65, 31, 96, 19, 62, 36, 11, 28, 91, 40, 1, 24, 83, 68, 2, 54, 25, 94, 44, 76, 14, 27, 78, 75]"
Sko100c,4100,155604,321.32,5.05,6,70,0.5966,0.5187,10,100,42,"[3, 37, 0, 56, 57, 88, 66, 80, 22, 92, 93, 69, 84, 38, 7, 53, 81, 30, 52, 85, 61, 51, 18, 55, 73, 97, 49, 79, 95, 50, 86, 48, 63, 82, 60, 87, 99, 43, 6, 9, 46, 35, 16, 13, 12, 47, 98, 67, 72, 64, 25, 77, 21, 34, 33, 10, 8, 74, 59, 71, 45, 70, 58, 39, 90, 23, 89, 4, 15, 20, 5, 42, 41, 17, 32, 76, 65, 31, 96, 19, 62, 36, 11, 28, 91, 40, 1, 24, 83, 68, 26, 54, 2, 94, 44, 29, 14, 27, 78, 75]"
Sko100c,4200,155224,323.92,5.05,6,70,0.5966,0.5187,10,100,42,"[3, 63, 88, 56, 57, 0, 66, 80, 22, 92, 93, 69, 84, 38, 7, 53, 81, 30, 52, 85, 61, 51, 18, 55, 73, 97, 49, 79, 95, 50, 86, 48, 37, 82, 60, 87, 99, 43, 6, 9, 46, 35, 16, 13, 12, 47, 98, 67, 72, 64, 25, 77, 21, 34, 33, 10, 8, 74, 59, 71, 45, 70, 58, 39, 90, 23, 89, 4, 15, 20, 5, 42, 41, 17, 32, 76, 65, 31, 96, 19, 62, 36, 11, 28, 91, 40, 1, 24, 83, 68, 26, 54, 2, 94, 44, 29, 14, 27, 78, 75]"
Sko100c,4300,155028,326.45,5.05,6,70,0.5966,0.5187,10,100,42,"[3, 63, 88, 56, 57, 0, 66, 80, 22, 92, 93, 69, 84, 38, 7, 53, 81, 30, 52, 85, 61, 51, 18, 55, 73, 97, 49, 79, 95, 50, 86, 48, 37, 82, 60, 59, 99, 43, 6, 68, 46, 35, 16, 13, 12, 47, 98, 67, 72, 64, 25, 77, 21, 34, 33, 10, 8, 74, 87, 71, 54, 70, 58, 39, 90, 23, 89, 4, 15, 20, 5, 65, 41, 17, 32, 76, 42, 31, 96, 19, 62, 36, 11, 28, 91, 2, 1, 24, 83, 9, 26, 45, 40, 94, 44, 29, 14, 27, 78, 75]"
Sko100c,4400,154794,329.21,5.05,6,70,0.5966,0.5187,10,100,42,"[3, 63, 88, 56, 57, 0, 66, 80, 22, 92, 93, 69, 84, 38, 7, 34, 81, 30, 52, 85, 61, 51, 18, 55, 73, 97, 49, 50, 95, 79, 86, 48, 37, 82, 60, 59, 99, 43, 6, 68, 46, 35, 16, 13, 12, 47, 98, 67, 20, 64, 54, 77, 21, 8, 33, 10, 53, 74, 87, 71, 25, 70, 58, 39, 90, 23, 89, 4, 15, 72, 5, 65, 41, 17, 1, 76, 42, 31, 96, 19, 62, 36, 11, 28, 91, 2, 32, 24, 83, 9, 26, 45, 40, 94, 44, 29, 14, 27, 78, 75]"
Sko100c,4500,154638,331.95,5.05,6,70,0.5966,0.5187,10,100,42,"[3, 63, 88, 56, 7, 0, 66, 80, 22, 92, 93, 69, 84, 38, 57, 34, 81, 30, 52, 85, 61, 51, 18, 55, 73, 97, 29, 50, 95, 79, 86, 48, 37, 82, 60, 59, 99, 43, 6, 68, 46, 35, 16, 13, 12, 47, 98, 67, 20, 64, 54, 77, 21, 8, 33, 10, 53, 74, 87, 71, 25, 70, 58, 39, 90, 23, 89, 4, 15, 72, 5, 17, 41, 65, 1, 76, 2, 31, 96, 19, 62, 36, 11, 28, 91, 42, 32, 24, 83, 9, 26, 45, 40, 94, 44, 49, 14, 27, 78, 75]"
Sko100c,4600,154630,334.65,5.05,6,70,0.5966,0.5187,10,100,42,"[46, 63, 88, 56, 7, 0, 66, 80, 22, 92, 93, 69, 84, 38, 57, 34, 81, 30, 52, 85, 61, 51, 18, 55, 73, 97, 29, 50, 95, 79, 86, 48, 37, 82, 60, 59, 99, 43, 6, 68, 3, 35, 16, 13, 12, 47, 98, 67, 20, 64, 54, 77, 21, 8, 33, 10, 53, 74, 87, 71, 25, 70, 58, 39, 90, 23, 89, 4, 15, 72, 5, 17, 41, 65, 1, 76, 2, 31, 96, 19, 62, 36, 11, 28, 91, 42, 32, 24, 83, 9, 26, 45, 40, 94, 44, 49, 14, 27, 78, 75]"
Sko100c,4700,154614,337.26,5.05,6,70,0.5966,0.5187,10,100,42,"[46, 63, 88, 56, 7, 0, 66, 80, 22, 92, 93, 69, 84, 38, 57, 34, 81, 30, 52, 85, 61, 51, 18, 55, 73, 97, 29, 50, 95, 79, 86, 48, 37, 82, 60, 59, 99, 43, 6, 68, 3, 35, 16, 13, 12, 47, 31, 67, 20, 64, 54, 77, 21, 8, 33, 10, 53, 74, 87, 71, 25, 70, 58, 39, 90, 23, 89, 4, 15, 72, 5, 17, 41, 65, 1, 76, 2, 98, 96, 19, 62, 36, 11, 28, 91, 42, 32, 24, 83, 9, 26, 45, 40, 94, 44, 49, 14, 27, 78, 75]"
Sko100c,4800,154314,340.07,5.05,6,70,0.5966,0.5187,10,100,42,"[51, 63, 88, 56, 7, 0, 66, 80, 22, 92, 93, 69, 84, 38, 57, 34, 81, 30, 52, 85, 61, 46, 18, 55, 73, 97, 29, 50, 95, 79, 86, 48, 37, 82, 60, 59, 99, 43, 6, 68, 3, 35, 16, 13, 12, 89, 31, 67, 20, 64, 54, 77, 21, 10, 33, 8, 53, 74, 4, 71, 25, 70, 58, 39, 90, 49, 47, 87, 15, 72, 5, 17, 41, 65, 1, 83, 2, 98, 96, 19, 62, 36, 11, 28, 91, 42, 32, 24, 76, 9, 26, 45, 40, 94, 44, 23, 14, 27, 78, 75]"
Sko100c,4900,154266,342.57,5.05,6,70,0.5966,0.5187,10,100,42,"[51, 63, 88, 56, 7, 9, 66, 80, 22, 92, 93, 69, 84, 38, 57, 34, 81, 30, 52, 85, 61, 46, 18, 55, 73, 97, 29, 50, 95, 79, 86, 48, 37, 82, 60, 59, 99, 43, 6, 68, 3, 35, 16, 13, 12, 89, 31, 67, 20, 64, 54, 77, 21, 10, 33, 8, 53, 74, 4, 71, 25, 70, 58, 39, 90, 49, 47, 87, 15, 72, 5, 17, 41, 65, 1, 83, 2, 98, 96, 19, 62, 36, 11, 28, 91, 42, 32, 24, 76, 0, 26, 45, 40, 94, 44, 23, 14, 27, 78, 75]"
Sko100c,5000,154254,345.13,5.05,6,70,0.5966,0.5187,10,100,42,"[51, 63, 88, 56, 7, 9, 66, 80, 22, 92, 93, 69, 84, 38, 57, 34, 81, 30, 52, 85, 61, 46, 18, 55, 73, 97, 29, 50, 95, 79, 86, 48, 37, 82, 60, 59, 99, 43, 6, 68, 3, 35, 16, 13, 12, 89, 31, 67, 20, 64, 54, 77, 21, 10, 33, 8, 53, 74, 4, 71, 25, 70, 58, 39, 90, 49, 47, 87, 15, 72, 5, 17, 41, 83, 1, 65, 2, 98, 96, 19, 62, 36, 11, 28, 91, 42, 32, 24, 76, 0, 26, 45, 40, 94, 44, 23, 14, 27, 78, 75]"
Sko100c,5100,154194,347.87,4.79,6,70,0.5966,0.5187,10,100,42,"[51, 63, 88, 56, 38, 9, 66, 7, 22, 92, 93, 69, 84, 80, 57, 34, 81, 30, 52, 85, 61, 46, 18, 55, 73, 97, 29, 50, 95, 79, 86, 48, 37, 82, 60, 59, 99, 43, 6, 68, 3, 35, 16, 13, 41, 89, 31, 67, 20, 64, 54, 77, 21, 10, 33, 8, 53, 74, 4, 71, 25, 70, 58, 39, 90, 49, 47, 87, 15, 72, 5, 17, 12, 83, 1, 65, 2, 98, 96, 19, 62, 36, 11, 28, 91, 42, 32, 24, 76, 0, 26, 45, 40, 94, 44, 23, 14, 27, 78, 75]"
Sko100c,5200,153954,350.59,4.79,6,70,0.5966,0.5187,10,100,42,"[51, 63, 88, 56, 38, 9, 66, 7, 22, 92, 93, 69, 84, 80, 57, 34, 81, 30, 52, 85, 61, 46, 18, 55, 73, 97, 29, 50, 95, 79, 5, 48, 16, 82, 60, 59, 99, 43, 6, 68, 3, 35, 37, 13, 41, 89, 31, 67, 20, 64, 54, 77, 21, 10, 33, 8, 53, 74, 4, 71, 25, 70, 58, 39, 90, 49, 47, 87, 15, 72, 86, 17, 12, 83, 1, 65, 2, 98, 96, 19, 62, 36, 11, 28, 91, 42, 32, 24, 76, 0, 26, 45, 40, 94, 44, 23, 14, 27, 78, 75]"
Sko100c,5300,153888,353.54,4.79,6,70,0.5966,0.5187,10,100,42,"[51, 63, 88, 56, 38, 9, 66, 7, 22, 92, 93, 69, 84, 80, 57, 34, 81, 30, 52, 85, 61, 46, 18, 55, 73, 97, 29, 50, 95, 79, 5, 48, 16, 82, 60, 59, 99, 43, 6, 68, 3, 35, 37, 13, 41, 87, 31, 67, 20, 64, 54, 77, 21, 10, 33, 8, 53, 74, 4, 71, 25, 70, 58, 39, 90, 49, 47, 89, 15, 19, 86, 17, 12, 83, 1, 65, 2, 98, 96, 72, 62, 36, 11, 28, 91, 42, 32, 14, 76, 0, 26, 45, 40, 94, 44, 23, 24, 27, 78, 75]"
Sko100c,5400,153758,356.18,4.79,6,70,0.5966,0.5187,10,100,42,"[51, 63, 88, 56, 38, 95, 66, 7, 22, 92, 93, 69, 84, 80, 57, 34, 81, 30, 52, 85, 61, 46, 18, 55, 73, 97, 29, 50, 9, 79, 5, 48, 16, 82, 60, 59, 99, 43, 6, 68, 3, 35, 37, 13, 41, 87, 67, 31, 20, 64, 54, 77, 21, 10, 33, 8, 53, 74, 4, 71, 25, 70, 58, 39, 28, 49, 47, 89, 15, 19, 86, 17, 12, 83, 1, 65, 2, 98, 96, 72, 62, 36, 11, 90, 91, 42, 32, 14, 76, 0, 26, 45, 40, 94, 44, 23, 24, 27, 78, 75]"
Sko100c,5500,153746,358.67,4.66,6,70,0.5966,0.5187,10,100,42,"[51, 93, 88, 56, 38, 95, 66, 7, 22, 92, 63, 69, 84, 80, 57, 34, 81, 30, 52, 85, 61, 46, 18, 55, 73, 97, 67, 50, 9, 79, 5, 48, 16, 82, 60, 59, 99, 43, 6, 68, 3, 35, 37, 13, 41, 87, 29, 31, 20, 64, 54, 77, 21, 10, 33, 8, 53, 74, 4, 71, 25, 70, 58, 39, 28, 49, 47, 89, 15, 19, 86, 17, 12, 83, 1, 65, 2, 98, 96, 72, 62, 36, 11, 90, 91, 42, 32, 14, 76, 0, 26, 45, 40, 94, 44, 23, 24, 27, 78, 75]"
Sko100c,5600,153594,361.22,4.66,6,70,0.5966,0.5187,10,100,42,"[51, 93, 88, 56, 38, 95, 66, 7, 22, 68, 63, 69, 84, 80, 57, 34, 81, 30, 52, 85, 61, 46, 18, 55, 73, 97, 67, 50, 9, 79, 5, 48, 16, 82, 60, 59, 99, 43, 6, 92, 3, 35, 37, 13, 41, 31, 29, 87, 20, 64, 54, 77, 21, 10, 33, 8, 4, 74, 53, 71, 25, 70, 58, 39, 28, 2, 47, 89, 15, 19, 86, 17, 12, 83, 1, 65, 49, 98, 96, 72, 62, 36, 11, 90, 91, 42, 32, 14, 76, 0, 26, 45, 40, 94, 44, 23, 24, 27, 78, 75]"
Sko100c,5700,153522,363.86,4.68,6,70,0.5966,0.5187,10,100,42,"[51, 93, 88, 56, 38, 95, 66, 7, 22, 68, 63, 69, 84, 80, 57, 34, 81, 30, 52, 85, 61, 46, 18, 55, 73, 97, 67, 50, 9, 79, 5, 48, 16, 82, 60, 59, 99, 43, 6, 92, 3, 35, 37, 13, 41, 31, 29, 87, 20, 64, 54, 77, 21, 10, 33, 8, 4, 74, 53, 71, 25, 70, 58, 39, 28, 2, 47, 89, 15, 19, 86, 17, 12, 83, 1, 65, 49, 98, 96, 72, 62, 36, 11, 90, 91, 42, 26, 14, 76, 0, 32, 45, 40, 94, 44, 23, 24, 27, 78, 75]"
Sko100c,5800,153270,366.44,4.68,6,70,0.5966,0.5187,10,100,42,"[51, 93, 88, 56, 38, 29, 66, 7, 22, 68, 63, 69, 84, 80, 57, 34, 79, 30, 52, 85, 61, 46, 18, 55, 73, 97, 67, 50, 9, 81, 35, 48, 16, 82, 60, 59, 99, 43, 6, 20, 3, 5, 37, 13, 33, 31, 95, 87, 92, 64, 54, 77, 21, 10, 41, 8, 4, 74, 53, 71, 25, 70, 58, 39, 28, 2, 47, 89, 15, 19, 86, 17, 12, 83, 1, 65, 49, 98, 96, 72, 62, 36, 11, 90, 91, 42, 26, 14, 76, 0, 32, 45, 40, 94, 44, 23, 24, 27, 78, 75]"
Sko100c,5900,153200,368.9,4.68,6,70,0.5966,0.5187,10,100,42,"[51, 93, 88, 56, 38, 29, 66, 7, 22, 68, 63, 69, 84, 80, 57, 34, 79, 30, 52, 85, 61, 46, 18, 55, 73, 97, 67, 50, 9, 81, 35, 48, 16, 82, 60, 59, 99, 43, 6, 20, 3, 5, 37, 13, 33, 31, 95, 87, 92, 64, 54, 77, 21, 10, 41, 8, 4, 74, 53, 71, 25, 70, 58, 39, 28, 2, 47, 89, 15, 19, 86, 17, 12, 83, 91, 65, 49, 98, 96, 72, 62, 36, 11, 90, 1, 42, 26, 14, 76, 0, 32, 45, 40, 94, 44, 23, 24, 27, 78, 75]"
Sko100c,6000,153184,371.47,4.68,6,70,0.5966,0.5187,10,100,42,"[51, 93, 88, 56, 38, 29, 66, 7, 22, 68, 63, 46, 84, 80, 57, 34, 79, 30, 52, 85, 61, 69, 18, 55, 73, 97, 67, 50, 9, 81, 35, 48, 16, 82, 60, 59, 99, 43, 6, 20, 3, 5, 37, 13, 33, 31, 95, 4, 92, 64, 54, 77, 21, 10, 41, 8, 87, 74, 53, 71, 25, 70, 58, 39, 28, 2, 47, 89, 15, 19, 86, 17, 12, 83, 91, 65, 49, 98, 96, 72, 62, 36, 11, 90, 1, 42, 26, 14, 76, 0, 32, 45, 40, 94, 44, 23, 24, 27, 78, 75]"
Sko100c,6100,153140,374.15,4.68,6,70,0.5966,0.5187,10,100,42,"[51, 93, 88, 56, 38, 29, 66, 7, 22, 68, 63, 46, 84, 80, 57, 34, 79, 30, 52, 85, 61, 69, 18, 55, 73, 97, 67, 50, 9, 6, 35, 48, 16, 82, 60, 59, 99, 43, 81, 20, 3, 5, 37, 13, 33, 31, 95, 4, 92, 64, 54, 77, 21, 10, 41, 8, 87, 74, 53, 71, 25, 70, 58, 90, 28, 2, 47, 89, 15, 19, 86, 17, 12, 83, 91, 65, 49, 98, 96, 72, 62, 36, 11, 39, 1, 42, 26, 14, 76, 0, 32, 45, 40, 94, 44, 23, 24, 27, 78, 75]"
Sko100c,6200,153064,376.93,4.68,6,70,0.5966,0.5187,10,100,42,"[51, 93, 88, 56, 38, 29, 66, 7, 22, 68, 63, 46, 84, 80, 57, 34, 79, 30, 52, 85, 61, 69, 18, 55, 73, 95, 67, 50, 9, 6, 35, 48, 16, 82, 60, 59, 99, 43, 81, 53, 5, 3, 37, 13, 33, 31, 97, 4, 92, 64, 54, 77, 21, 10, 41, 8, 87, 74, 20, 71, 25, 70, 58, 90, 28, 2, 47, 89, 15, 19, 86, 17, 12, 83, 91, 65, 49, 98, 96, 72, 62, 36, 11, 39, 1, 42, 26, 14, 76, 0, 32, 45, 40, 94, 44, 23, 24, 27, 78, 75]"
Sko100c,6300,152918,379.66,4.68,6,70,0.5966,0.5187,10,100,42,"[51, 93, 88, 56, 38, 29, 66, 7, 22, 68, 63, 46, 84, 59, 73, 34, 79, 30, 52, 85, 61, 69, 18, 55, 57, 95, 67, 50, 9, 6, 35, 90, 16, 82, 60, 80, 99, 43, 81, 53, 5, 3, 37, 13, 33, 31, 97, 4, 92, 64, 77, 54, 21, 10, 41, 15, 87, 74, 20, 71, 25, 70, 58, 48, 28, 2, 47, 89, 8, 19, 86, 17, 12, 83, 91, 65, 49, 98, 96, 72, 75, 36, 11, 39, 1, 42, 26, 14, 76, 0, 32, 45, 40, 94, 44, 23, 24, 27, 78, 62]"
Sko100c,6400,152810,382.61,4.68,6,70,0.5966,0.5187,10,100,42,"[51, 93, 88, 56, 38, 29, 66, 7, 22, 68, 63, 46, 84, 18, 73, 34, 79, 30, 52, 85, 61, 69, 59, 55, 57, 95, 67, 81, 9, 6, 35, 90, 16, 82, 60, 80, 99, 43, 50, 53, 5, 3, 37, 13, 33, 31, 97, 4, 92, 64, 77, 54, 21, 10, 41, 15, 87, 74, 20, 71, 25, 70, 58, 48, 28, 2, 47, 89, 8, 19, 86, 17, 12, 83, 91, 14, 49, 98, 96, 72, 75, 36, 11, 39, 1, 42, 26, 65, 76, 0, 32, 45, 40, 94, 44, 23, 24, 27, 78, 62]"
Sko100c,6500,152756,385.2,4.68,6,70,0.5966,0.5187,10,100,42,"[51, 93, 88, 56, 38, 29, 66, 7, 22, 68, 63, 46, 84, 18, 34, 73, 79, 30, 52, 85, 61, 69, 59, 90, 57, 95, 67, 81, 9, 6, 35, 55, 16, 82, 60, 80, 99, 43, 50, 53, 5, 3, 37, 13, 33, 31, 97, 4, 92, 64, 77, 54, 21, 10, 41, 15, 87, 74, 20, 71, 25, 70, 58, 48, 28, 2, 47, 89, 8, 19, 86, 17, 12, 83, 91, 14, 49, 98, 96, 72, 75, 36, 11, 39, 1, 42, 26, 65, 76, 0, 32, 45, 40, 94, 44, 23, 24, 27, 78, 62]"
Sko100c,6600,152572,387.96,4.68,6,70,0.5966,0.5187,10,100,42,"[51, 93, 88, 56, 38, 29, 66, 7, 22, 68, 63, 46, 84, 18, 34, 73, 79, 57, 52, 85, 61, 69, 59, 90, 30, 95, 67, 81, 9, 6, 35, 55, 16, 82, 60, 80, 99, 43, 50, 53, 5, 3, 37, 13, 33, 31, 97, 4, 92, 64, 77, 48, 21, 10, 41, 15, 87, 74, 20, 71, 25, 70, 58, 54, 28, 2, 47, 89, 8, 19, 86, 17, 12, 83, 91, 14, 49, 98, 96, 65, 75, 36, 11, 39, 1, 42, 26, 72, 76, 0, 32, 45, 40, 94, 44, 23, 24, 27, 78, 62]"
Sko100c,100,171366,390.73,5.03,6,70,0.5966,0.5187,10,100,42,"[27, 88, 9, 94, 18, 79, 15, 34, 55, 70, 3, 40, 69, 62, 4, 48, 0, 67, 58, 77, 93, 75, 25, 10, 51, 26, 22, 17, 80, 54, 92, 91, 47, 44, 89, 98, 43, 64, 82, 68, 97, 50, 95, 84, 24, 87, 31, 20, 32, 7, 41, 66, 12, 56, 46, 74, 53, 78, 57, 45, 63, 14, 60, 8, 35, 83, 37, 28, 2, 76, 38, 13, 72, 6, 71, 65, 86, 99, 16, 21, 52, 1, 81, 30, 90, 49, 96, 23, 85, 11, 5, 42, 59, 61, 29, 33, 19, 73, 36, 39]"
Sko100c,200,169416,393.22,5.03,6,70,0.5966,0.5187,10,100,42,"[27, 45, 76, 43, 53, 69, 46, 34, 44, 12, 23, 14, 15, 62, 4, 6, 66, 67, 49, 56, 64, 60, 73, 84, 41, 10, 22, 85, 93, 38, 26, 77, 94, 30, 24, 47, 0, 81, 82, 71, 97, 50, 1, 11, 95, 31, 40, 91, 74, 33, 19, 9, 2, 79, 99, 92, 63, 78, 28, 80, 72, 90, 61, 8, 35, 87, 37, 18, 83, 25, 51, 13, 70, 16, 98, 89, 36, 52, 57, 86, 54, 58, 88, 55, 65, 17, 96, 42, 48, 59, 3, 32, 29, 5, 20, 7, 75, 21, 68, 39]"
Sko100c,300,169416,395.87,5.03,6,70,0.5966,0.5187,10,100,42,"[27, 45, 76, 43, 53, 69, 46, 34, 44, 12, 23, 14, 15, 62, 4, 6, 66, 67, 49, 56, 64, 60, 73, 84, 41, 10, 22, 85, 93, 38, 26, 77, 94, 30, 24, 47, 0, 81, 82, 71, 97, 50, 1, 11, 95, 31, 40, 91, 74, 33, 19, 9, 2, 79, 99, 92, 63, 78, 28, 80, 72, 90, 61, 8, 35, 87, 37, 18, 83, 25, 51, 13, 70, 16, 98, 89, 36, 52, 57, 86, 54, 58, 88, 55, 65, 17, 96, 42, 48, 59, 3, 32, 29, 5, 20, 7, 75, 21, 68, 39]"
Sko100c,400,169416,398.53,5.03,6,70,0.5966,0.5187,10,100,42,"[27, 45, 76, 43, 53, 69, 46, 34, 44, 12, 23, 14, 15, 62, 4, 6, 66, 67, 49, 56, 64, 60, 73, 84, 41, 10, 22, 85, 93, 38, 26, 77, 94, 30, 24, 47, 0, 81, 82, 71, 97, 50, 1, 11, 95, 31, 40, 91, 74, 33, 19, 9, 2, 79, 99, 92, 63, 78, 28, 80, 72, 90, 61, 8, 35, 87, 37, 18, 83, 25, 51, 13, 70, 16, 98, 89, 36, 52, 57, 86, 54, 58, 88, 55, 65, 17, 96, 42, 48, 59, 3, 32, 29, 5, 20, 7, 75, 21, 68, 39]"
Sko100c,500,168378,401.14,5.03,6,70,0.5966,0.5187,10,100,42,"[92, 72, 57, 9, 86, 84, 41, 78, 2, 98, 64, 46, 74, 36, 28, 71, 8, 81, 65, 39, 52, 63, 21, 80, 11, 22, 68, 91, 55, 10, 45, 79, 73, 31, 47, 7, 20, 4, 83, 69, 54, 50, 29, 12, 99, 53, 37, 35, 6, 56, 19, 43, 95, 87, 33, 34, 58, 25, 24, 94, 38, 97, 1, 59, 82, 44, 93, 23, 70, 15, 16, 14, 26, 32, 49, 77, 42, 85, 66, 61, 30, 5, 96, 18, 60, 76, 17, 89, 75, 51, 88, 40, 27, 67, 90, 13, 3, 62, 0, 48]"
Sko100c,600,168378,403.79,5.03,6,70,0.5966,0.5187,10,100,42,"[92, 72, 57, 9, 86, 84, 41, 78, 2, 98, 64, 46, 74, 36, 28, 71, 8, 81, 65, 39, 52, 63, 21, 80, 11, 22, 68, 91, 55, 10, 45, 79, 73, 31, 47, 7, 20, 4, 83, 69, 54, 50, 29, 12, 99, 53, 37, 35, 6, 56, 19, 43, 95, 87, 33, 34, 58, 25, 24, 94, 38, 97, 1, 59, 82, 44, 93, 23, 70, 15, 16, 14, 26, 32, 49, 77, 42, 85, 66, 61, 30, 5, 96, 18, 60, 76, 17, 89, 75, 51, 88, 40, 27, 67, 90, 13, 3, 62, 0, 48]"
Sko100c,700,168378,406.5,5.03,6,70,0.5966,0.5187,10,100,42,"[92, 72, 57, 9, 86, 84, 41, 78, 2, 98, 64, 46, 74, 36, 28, 71, 8, 81, 65, 39, 52, 63, 21, 80, 11, 22, 68, 91, 55, 10, 45, 79, 73, 31, 47, 7, 20, 4, 83, 69, 54, 50, 29, 12, 99, 53, 37, 35, 6, 56, 19, 43, 95, 87, 33, 34, 58, 25, 24, 94, 38, 97, 1, 59, 82, 44, 93, 23, 70, 15, 16, 14, 26, 32, 49, 77, 42, 85, 66, 61, 30, 5, 96, 18, 60, 76, 17, 89, 75, 51, 88, 40, 27, 67, 90, 13, 3, 62, 0, 48]"
Sko100c,800,168378,409.27,5.03,6,70,0.5966,0.5187,10,100,42,"[92, 72, 57, 9, 86, 84, 41, 78, 2, 98, 64, 46, 74, 36, 28, 71, 8, 81, 65, 39, 52, 63, 21, 80, 11, 22, 68, 91, 55, 10, 45, 79, 73, 31, 47, 7, 20, 4, 83, 69, 54, 50, 29, 12, 99, 53, 37, 35, 6, 56, 19, 43, 95, 87, 33, 34, 58, 25, 24, 94, 38, 97, 1, 59, 82, 44, 93, 23, 70, 15, 16, 14, 26, 32, 49, 77, 42, 85, 66, 61, 30, 5, 96, 18, 60, 76, 17, 89, 75, 51, 88, 40, 27, 67, 90, 13, 3, 62, 0, 48]"
Sko100c,900,168378,412.17,5.03,6,70,0.5966,0.5187,10,100,42,"[92, 72, 57, 9, 86, 84, 41, 78, 2, 98, 64, 46, 74, 36, 28, 71, 8, 81, 65, 39, 52, 63, 21, 80, 11, 22, 68, 91, 55, 10, 45, 79, 73, 31, 47, 7, 20, 4, 83, 69, 54, 50, 29, 12, 99, 53, 37, 35, 6, 56, 19, 43, 95, 87, 33, 34, 58, 25, 24, 94, 38, 97, 1, 59, 82, 44, 93, 23, 70, 15, 16, 14, 26, 32, 49, 77, 42, 85, 66, 61, 30, 5, 96, 18, 60, 76, 17, 89, 75, 51, 88, 40, 27, 67, 90, 13, 3, 62, 0, 48]"
Sko100c,1000,168378,414.99,6.5,6,70,0.5966,0.5187,10,100,42,"[92, 72, 57, 9, 86, 84, 41, 78, 2, 98, 64, 46, 74, 36, 28, 71, 8, 81, 65, 39, 52, 63, 21, 80, 11, 22, 68, 91, 55, 10, 45, 79, 73, 31, 47, 7, 20, 4, 83, 69, 54, 50, 29, 12, 99, 53, 37, 35, 6, 56, 19, 43, 95, 87, 33, 34, 58, 25, 24, 94, 38, 97, 1, 59, 82, 44, 93, 23, 70, 15, 16, 14, 26, 32, 49, 77, 42, 85, 66, 61, 30, 5, 96, 18, 60, 76, 17, 89, 75, 51, 88, 40, 27, 67, 90, 13, 3, 62, 0, 48]"
Sko100c,1100,168184,417.52,6.5,6,70,0.5966,0.5187,10,100,42,"[7, 1, 22, 27, 56, 46, 6, 52, 75, 16, 45, 43, 10, 5, 58, 94, 85, 2, 66, 47, 50, 36, 71, 37, 24, 4, 93, 11, 68, 29, 65, 87, 33, 57, 9, 78, 97, 21, 61, 18, 25, 3, 53, 88, 73, 67, 30, 44, 59, 77, 74, 90, 32, 76, 92, 81, 39, 80, 72, 82, 89, 23, 84, 8, 49, 83, 28, 51, 12, 19, 62, 63, 38, 96, 79, 17, 34, 70, 35, 0, 31, 64, 54, 99, 40, 20, 15, 69, 14, 86, 55, 26, 98, 42, 13, 48, 95, 91, 41, 60]"
Sko100c,1200,166716,420.15,6.5,6,70,0.5966,0.5187,10,100,42,"[26, 1, 61, 27, 7, 43, 95, 16, 31, 35, 45, 84, 5, 72, 81, 28, 34, 88, 66, 52, 0, 50, 60, 8, 24, 98, 57, 11, 68, 29, 62, 15, 65, 93, 9, 67, 97, 49, 71, 23, 19, 69, 47, 59, 41, 20, 30, 44, 87, 77, 56, 76, 32, 38, 46, 85, 78, 3, 14, 82, 83, 80, 92, 6, 89, 17, 58, 4, 42, 18, 73, 55, 12, 96, 79, 10, 99, 21, 90, 39, 75, 64, 36, 25, 74, 40, 70, 94, 22, 86, 63, 37, 2, 51, 13, 48, 53, 91, 33, 54]"
Sko100c,1300,166106,422.76,6.5,6,70,0.5966,0.5187,10,100,42,"[26, 1, 22, 27, 98, 43, 95, 85, 88, 11, 45, 64, 40, 46, 81, 94, 34, 57, 84, 49, 0, 50, 80, 8, 14, 99, 31, 61, 68, 29, 62, 69, 65, 93, 9, 67, 73, 52, 74, 23, 7, 15, 47, 59, 41, 20, 30, 83, 6, 13, 56, 76, 32, 38, 72, 71, 78, 36, 66, 82, 19, 4, 12, 87, 89, 33, 91, 25, 42, 16, 97, 17, 92, 96, 79, 10, 5, 21, 18, 39, 75, 24, 3, 60, 90, 44, 70, 37, 35, 86, 63, 55, 2, 51, 77, 48, 53, 58, 28, 54]"
Sko100c,1400,166106,425.32,6.5,6,70,0.5966,0.5187,10,100,42,"[26, 1, 22, 27, 98, 43, 95, 85, 88, 11, 45, 64, 40, 46, 81, 94, 34, 57, 84, 49, 0, 50, 80, 8, 14, 99, 31, 61, 68, 29, 62, 69, 65, 93, 9, 67, 73, 52, 74, 23, 7, 15, 47, 59, 41, 20, 30, 83, 6, 13, 56, 76, 32, 38, 72, 71, 78, 36, 66, 82, 19, 4, 12, 87, 89, 33, 91, 25, 42, 16, 97, 17, 92, 96, 79, 10, 5, 21, 18, 39, 75, 24, 3, 60, 90, 44, 70, 37, 35, 86, 63, 55, 2, 51, 77, 48, 53, 58, 28, 54]"
Sko100c,1500,166106,428.1,6.5,6,70,0.5966,0.5187,10,100,42,"[26, 1, 22, 27, 98, 43, 95, 85, 88, 11, 45, 64, 40, 46, 81, 94, 34, 57, 84, 49, 0, 50, 80, 8, 14, 99, 31, 61, 68, 29, 62, 69, 65, 93, 9, 67, 73, 52, 74, 23, 7, 15, 47, 59, 41, 20, 30, 83, 6, 13, 56, 76, 32, 38, 72, 71, 78, 36, 66, 82, 19, 4, 12, 87, 89, 33, 91, 25, 42, 16, 97, 17, 92, 96, 79, 10, 5, 21, 18, 39, 75, 24, 3, 60, 90, 44, 70, 37, 35, 86, 63, 55, 2, 51, 77, 48, 53, 58, 28, 54]"
Sko100c,1600,165238,430.74,6.5,6,70,0.5966,0.5187,10,100,42,"[49, 54, 81, 12, 95, 74, 22, 94, 88, 66, 72, 67, 0, 78, 85, 1, 69, 59, 98, 89, 27, 50, 80, 92, 33, 2, 21, 7, 11, 56, 9, 87, 57, 20, 71, 68, 23, 42, 3, 65, 97, 61, 29, 76, 16, 43, 31, 39, 6, 4, 14, 15, 34, 47, 5, 55, 84, 13, 93, 41, 77, 60, 17, 36, 99, 52, 91, 44, 45, 86, 73, 25, 83, 19, 30, 53, 79, 48, 32, 18, 75, 96, 8, 24, 82, 35, 62, 46, 38, 40, 63, 26, 70, 90, 28, 37, 64, 58, 10, 51]"
Sko100c,1700,164560,433.58,6.5,6,70,0.5966,0.5187,10,100,42,"[49, 54, 81, 12, 63, 74, 22, 43, 88, 66, 72, 67, 0, 78, 85, 1, 69, 59, 98, 89, 27, 50, 76, 92, 33, 82, 16, 7, 11, 56, 9, 87, 57, 20, 71, 96, 23, 42, 3, 65, 97, 18, 29, 80, 21, 94, 31, 39, 6, 4, 14, 15, 34, 25, 5, 47, 84, 13, 93, 41, 77, 60, 17, 64, 99, 52, 95, 44, 45, 86, 73, 55, 83, 19, 30, 53, 79, 48, 32, 61, 75, 68, 8, 24, 2, 35, 91, 46, 38, 40, 62, 26, 70, 90, 28, 37, 36, 58, 10, 51]"
Sko100c,1800,164560,436.43,6.5,6,70,0.5966,0.5187,10,100,42,"[49, 54, 81, 12, 63, 74, 22, 43, 88, 66, 72, 67, 0, 78, 85, 1, 69, 59, 98, 89, 27, 50, 76, 92, 33, 82, 16, 7, 11, 56, 9, 87, 57, 20, 71, 96, 23, 42, 3, 65, 97, 18, 29, 80, 21, 94, 31, 39, 6, 4, 14, 15, 34, 25, 5, 47, 84, 13, 93, 41, 77, 60, 17, 64, 99, 52, 95, 44, 45, 86, 73, 55, 83, 19, 30, 53, 79, 48, 32, 61, 75, 68, 8, 24, 2, 35, 91, 46, 38, 40, 62, 26, 70, 90, 28, 37, 36, 58, 10, 51]"
Sko100c,1900,164560,439.32,6.5,6,70,0.5966,0.5187,10,100,42,"[49, 54, 81, 12, 63, 74, 22, 43, 88, 66, 72, 67, 0, 78, 85, 1, 69, 59, 98, 89, 27, 50, 76, 92, 33, 82, 16, 7, 11, 56, 9, 87, 57, 20, 71, 96, 23, 42, 3, 65, 97, 18, 29, 80, 21, 94, 31, 39, 6, 4, 14, 15, 34, 25, 5, 47, 84, 13, 93, 41, 77, 60, 17, 64, 99, 52, 95, 44, 45, 86, 73, 55, 83, 19, 30, 53, 79, 48, 32, 61, 75, 68, 8, 24, 2, 35, 91, 46, 38, 40, 62, 26, 70, 90, 28, 37, 36, 58, 10, 51]"
Sko100c,2000,164426,442.1,6.5,6,70,0.5966,0.5187,10,100,42,"[39, 12, 64, 20, 86, 49, 7, 22, 95, 92, 0, 65, 59, 78, 58, 66, 3, 81, 27, 88, 94, 11, 87, 21, 83, 23, 89, 15, 42, 98, 47, 43, 4, 85, 33, 91, 10, 48, 45, 53, 61, 18, 31, 82, 34, 41, 40, 99, 51, 46, 55, 24, 16, 79, 1, 84, 57, 56, 60, 5, 29, 96, 17, 97, 80, 13, 70, 37, 73, 74, 62, 72, 44, 8, 25, 50, 38, 93, 32, 71, 75, 14, 6, 30, 52, 19, 77, 35, 54, 69, 68, 2, 9, 90, 28, 76, 36, 67, 63, 26]"
Sko100c,2100,164426,444.86,6.5,6,70,0.5966,0.5187,10,100,42,"[39, 12, 64, 20, 86, 49, 7, 22, 95, 92, 0, 65, 59, 78, 58, 66, 3, 81, 27, 88, 94, 11, 87, 21, 83, 23, 89, 15, 42, 98, 47, 43, 4, 85, 33, 91, 10, 48, 45, 53, 61, 18, 31, 82, 34, 41, 40, 99, 51, 46, 55, 24, 16, 79, 1, 84, 57, 56, 60, 5, 29, 96, 17, 97, 80, 13, 70, 37, 73, 74, 62, 72, 44, 8, 25, 50, 38, 93, 32, 71, 75, 14, 6, 30, 52, 19, 77, 35, 54, 69, 68, 2, 9, 90, 28, 76, 36, 67, 63, 26]"
Sko100c,2200,164426,447.29,6.5,6,70,0.5966,0.5187,10,100,42,"[39, 12, 64, 20, 86, 49, 7, 22, 95, 92, 0, 65, 59, 78, 58, 66, 3, 81, 27, 88, 94, 11, 87, 21, 83, 23, 89, 15, 42, 98, 47, 43, 4, 85, 33, 91, 10, 48, 45, 53, 61, 18, 31, 82, 34, 41, 40, 99, 51, 46, 55, 24, 16, 79, 1, 84, 57, 56, 60, 5, 29, 96, 17, 97, 80, 13, 70, 37, 73, 74, 62, 72, 44, 8, 25, 50, 38, 93, 32, 71, 75, 14, 6, 30, 52, 19, 77, 35, 54, 69, 68, 2, 9, 90, 28, 76, 36, 67, 63, 26]"
Sko100c,2300,163310,450.06,6.5,6,70,0.5966,0.5187,10,100,42,"[49, 61, 64, 89, 97, 98, 62, 66, 95, 20, 12, 10, 65, 4, 56, 58, 7, 81, 46, 88, 87, 26, 94, 28, 83, 53, 92, 57, 60, 27, 76, 45, 34, 85, 91, 33, 22, 48, 0, 32, 67, 23, 31, 84, 9, 41, 3, 99, 6, 21, 43, 73, 40, 37, 55, 71, 14, 51, 42, 79, 1, 16, 29, 30, 47, 13, 8, 52, 74, 93, 72, 44, 18, 39, 82, 96, 38, 36, 35, 5, 75, 15, 11, 24, 80, 2, 77, 50, 86, 69, 68, 19, 78, 59, 54, 25, 17, 90, 63, 70]"
Sko100c,2400,162006,452.6,6.5,6,70,0.5966,0.5187,10,100,42,"[49, 94, 64, 89, 97, 22, 62, 92, 95, 65, 12, 28, 57, 4, 56, 66, 83, 81, 17, 88, 87, 26, 71, 10, 7, 53, 63, 20, 60, 27, 76, 79, 34, 30, 43, 33, 98, 48, 0, 32, 67, 69, 15, 13, 31, 41, 3, 99, 61, 21, 14, 29, 40, 23, 55, 91, 6, 51, 42, 45, 1, 9, 24, 85, 47, 84, 8, 52, 86, 93, 72, 44, 18, 39, 82, 96, 38, 58, 35, 5, 75, 16, 11, 73, 80, 2, 77, 50, 74, 36, 68, 19, 78, 59, 54, 25, 46, 90, 37, 70]"
Sko100c,2500,161684,455.22,6.5,6,70,0.5966,0.5187,10,100,42,"[49, 94, 64, 89, 97, 60, 88, 92, 95, 51, 12, 34, 57, 86, 56, 66, 83, 81, 20, 62, 87, 26, 55, 10, 7, 99, 63, 17, 22, 27, 76, 52, 8, 30, 43, 28, 98, 48, 0, 32, 67, 4, 15, 13, 96, 41, 33, 53, 61, 21, 14, 29, 40, 38, 11, 91, 6, 65, 42, 45, 1, 9, 24, 85, 47, 84, 3, 79, 23, 93, 72, 44, 18, 39, 31, 82, 69, 58, 35, 5, 75, 16, 71, 73, 80, 2, 77, 50, 74, 36, 68, 19, 78, 59, 54, 25, 46, 90, 37, 70]"
Sko100c,2600,160454,457.73,6.5,6,70,0.5966,0.5187,10,100,42,"[12, 84, 64, 89, 7, 60, 88, 92, 95, 51, 49, 34, 57, 65, 6, 66, 83, 81, 20, 62, 87, 26, 55, 86, 97, 28, 63, 17, 22, 27, 76, 52, 43, 30, 50, 99, 98, 48, 0, 32, 67, 31, 96, 13, 15, 41, 33, 53, 61, 21, 1, 29, 40, 73, 91, 10, 56, 11, 42, 45, 14, 9, 24, 85, 47, 94, 38, 79, 23, 93, 72, 44, 18, 39, 4, 82, 69, 25, 77, 5, 75, 16, 3, 8, 80, 58, 35, 71, 74, 36, 68, 19, 78, 59, 54, 2, 46, 90, 37, 70]"
Sko100c,2700,160070,460.42,6.5,6,70,0.5966,0.5187,10,100,42,"[12, 84, 64, 89, 7, 60, 88, 92, 95, 51, 49, 34, 57, 65, 83, 66, 6, 81, 20, 63, 9, 23, 55, 86, 97, 28, 62, 22, 17, 27, 76, 52, 43, 80, 50, 99, 33, 48, 0, 32, 67, 47, 96, 42, 15, 41, 98, 53, 90, 21, 1, 29, 40, 73, 91, 10, 56, 11, 2, 45, 14, 87, 24, 85, 31, 94, 38, 82, 93, 54, 18, 44, 72, 59, 4, 79, 69, 74, 77, 5, 75, 16, 3, 8, 30, 58, 35, 71, 25, 36, 68, 19, 78, 39, 26, 13, 46, 61, 37, 70]"
Sko100c,2800,159280,463.03,6.5,6,70,0.5966,0.5187,10,100,42,"[12, 84, 64, 89, 7, 60, 88, 22, 95, 51, 49, 34, 55, 27, 83, 66, 6, 81, 20, 63, 9, 57, 23, 86, 97, 87, 21, 92, 17, 0, 76, 50, 43, 65, 52, 99, 33, 48, 80, 32, 67, 47, 96, 42, 15, 41, 98, 53, 90, 62, 1, 29, 40, 73, 91, 30, 56, 11, 2, 45, 14, 28, 24, 85, 31, 94, 38, 82, 93, 3, 26, 44, 8, 59, 4, 79, 69, 35, 77, 5, 75, 18, 54, 72, 13, 58, 74, 71, 25, 36, 68, 19, 78, 39, 16, 10, 46, 61, 37, 70]"
Sko100c,2900,158258,465.78,6.5,6,70,0.5966,0.5187,10,100,42,"[12, 84, 64, 87, 7, 98, 88, 22, 95, 51, 49, 55, 34, 27, 15, 66, 6, 81, 20, 63, 9, 43, 65, 80, 42, 89, 82, 92, 17, 0, 76, 50, 57, 94, 60, 99, 90, 48, 86, 32, 67, 47, 96, 97, 83, 41, 52, 53, 33, 62, 1, 29, 40, 73, 91, 30, 56, 69, 2, 45, 14, 28, 24, 85, 31, 23, 46, 21, 93, 3, 26, 44, 8, 59, 4, 79, 11, 35, 77, 5, 75, 18, 54, 72, 13, 58, 74, 71, 25, 36, 68, 19, 78, 39, 16, 10, 38, 61, 37, 70]"
Sko100c,3000,157902,468.55,6.5,6,70,0.5966,0.5187,10,100,42,"[12, 0, 64, 87, 7, 98, 88, 22, 95, 51, 49, 55, 34, 18, 23, 66, 6, 81, 20, 62, 9, 50, 65, 80, 42, 89, 82, 92, 17, 84, 76, 14, 57, 52, 60, 99, 90, 48, 86, 32, 67, 47, 94, 97, 83, 41, 28, 53, 33, 63, 1, 29, 40, 73, 30, 91, 56, 35, 2, 3, 43, 96, 24, 85, 31, 15, 61, 21, 45, 93, 26, 44, 8, 59, 4, 79, 54, 69, 77, 5, 75, 78, 11, 72, 13, 58, 74, 46, 25, 36, 68, 19, 27, 39, 16, 10, 38, 71, 37, 70]"
Sko100c,3100,157896,471.52,6.5,6,70,0.5966,0.5187,10,100,42,"[12, 0, 64, 87, 7, 98, 88, 22, 95, 51, 49, 55, 34, 18, 23, 66, 6, 81, 20, 62, 9, 50, 65, 80, 42, 89, 82, 92, 17, 84, 76, 14, 57, 52, 60, 99, 90, 48, 86, 32, 67, 47, 94, 97, 83, 41, 28, 53, 33, 63, 1, 29, 40, 73, 30, 91, 56, 35, 2, 3, 43, 96, 24, 85, 31, 15, 61, 21, 45, 93, 26, 44, 8, 59, 4, 54, 79, 69, 77, 5, 75, 78, 11, 72, 13, 58, 74, 46, 25, 36, 68, 19, 27, 39, 16, 10, 38, 71, 37, 70]"
Sko100c,3200,157896,474.28,6.5,6,70,0.5966,0.5187,10,100,42,"[12, 0, 64, 87, 7, 98, 88, 22, 95, 51, 49, 55, 34, 18, 23, 66, 6, 81, 20, 62, 9, 50, 65, 80, 42, 89, 82, 92, 17, 84, 76, 14, 57, 52, 60, 99, 90, 48, 86, 32, 67, 47, 94, 97, 83, 41, 28, 53, 33, 63, 1, 29, 40, 73, 30, 91, 56, 35, 2, 3, 43, 96, 24, 85, 31, 15, 61, 21, 45, 93, 26, 44, 8, 59, 4, 54, 79, 69, 77, 5, 75, 78, 11, 72, 13, 58, 74, 46, 25, 36, 68, 19, 27, 39, 16, 10, 38, 71, 37, 70]"
Sko100c,3300,157856,476.88,6.5,6,70,0.5966,0.5187,10,100,42,"[12, 84, 96, 87, 7, 42, 88, 22, 65, 51, 49, 55, 18, 34, 23, 66, 6, 81, 20, 62, 9, 50, 2, 80, 98, 89, 82, 92, 17, 0, 76, 14, 57, 52, 60, 99, 90, 48, 86, 32, 67, 47, 94, 30, 83, 41, 28, 53, 33, 63, 27, 1, 40, 73, 97, 91, 56, 35, 95, 3, 29, 72, 24, 11, 31, 15, 61, 21, 45, 93, 26, 44, 8, 59, 54, 4, 79, 69, 77, 5, 78, 19, 85, 43, 13, 58, 74, 46, 25, 36, 68, 75, 64, 39, 16, 10, 38, 71, 37, 70]"
Sko100c,3400,157514,479.66,6.5,6,70,0.5966,0.5187,10,100,42,"[12, 84, 96, 66, 7, 42, 88, 22, 65, 51, 49, 55, 18, 34, 23, 87, 6, 81, 20, 62, 9, 50, 2, 80, 98, 89, 82, 92, 17, 0, 76, 14, 57, 52, 60, 99, 90, 48, 86, 32, 67, 47, 94, 30, 83, 41, 28, 53, 33, 61, 27, 1, 40, 73, 97, 91, 31, 35, 95, 3, 29, 72, 24, 11, 56, 15, 63, 21, 45, 93, 26, 44, 8, 59, 54, 4, 79, 69, 77, 5, 78, 19, 85, 43, 13, 58, 74, 46, 25, 36, 68, 75, 64, 39, 16, 10, 38, 71, 37, 70]"
Sko100c,3500,157224,482.11,6.32,6,70,0.5966,0.5187,10,100,42,"[12, 84, 96, 66, 7, 42, 88, 22, 62, 51, 49, 55, 18, 34, 98, 87, 6, 81, 20, 65, 9, 50, 30, 80, 23, 89, 82, 92, 86, 0, 76, 14, 57, 52, 60, 21, 90, 48, 17, 32, 67, 47, 94, 4, 83, 41, 99, 53, 33, 3, 27, 1, 40, 73, 97, 91, 31, 35, 95, 61, 29, 72, 24, 11, 56, 15, 63, 28, 45, 93, 26, 44, 8, 59, 54, 2, 79, 69, 77, 5, 78, 19, 85, 43, 13, 58, 74, 46, 25, 36, 68, 75, 64, 39, 16, 10, 38, 70, 37, 71]"
Sko100c,3600,157138,484.8,6.32,6,70,0.5966,0.5187,10,100,42,"[12, 9, 96, 66, 7, 42, 0, 22, 51, 62, 49, 55, 18, 34, 98, 87, 6, 81, 20, 65, 84, 50, 30, 80, 23, 89, 82, 92, 86, 88, 76, 14, 57, 29, 60, 21, 90, 48, 17, 32, 67, 47, 94, 4, 83, 41, 99, 53, 33, 3, 27, 1, 40, 73, 97, 91, 31, 35, 95, 61, 52, 72, 24, 11, 13, 15, 63, 56, 45, 93, 26, 44, 8, 59, 54, 2, 79, 69, 77, 5, 78, 19, 85, 43, 28, 58, 74, 46, 25, 36, 68, 75, 64, 39, 16, 10, 38, 70, 37, 71]"
Sko100c,3700,156938,487.46,6.32,6,70,0.5966,0.5187,10,100,42,"[12, 9, 96, 66, 7, 42, 0, 22, 51, 62, 49, 55, 18, 34, 98, 87, 6, 81, 20, 65, 84, 50, 30, 80, 97, 89, 82, 92, 86, 88, 76, 14, 57, 29, 60, 21, 90, 48, 17, 32, 67, 47, 94, 4, 83, 41, 99, 53, 33, 3, 27, 1, 40, 73, 23, 91, 31, 77, 95, 61, 52, 72, 24, 11, 13, 15, 64, 56, 45, 93, 26, 44, 8, 59, 54, 2, 79, 69, 35, 5, 78, 19, 85, 43, 28, 58, 10, 46, 25, 36, 63, 75, 68, 39, 16, 74, 38, 70, 37, 71]"
Sko100c,3800,156588,490.1,6.32,6,70,0.5966,0.5187,10,100,42,"[12, 9, 96, 66, 7, 42, 0, 22, 32, 62, 49, 55, 18, 34, 98, 87, 6, 81, 20, 65, 84, 50, 30, 80, 97, 56, 82, 92, 86, 88, 76, 14, 57, 29, 60, 21, 90, 48, 17, 51, 67, 47, 94, 4, 83, 23, 99, 53, 33, 3, 27, 1, 24, 73, 41, 91, 31, 45, 95, 61, 52, 72, 40, 59, 13, 15, 64, 89, 77, 93, 26, 44, 8, 11, 54, 2, 79, 69, 35, 5, 78, 19, 85, 43, 28, 58, 10, 46, 25, 36, 63, 75, 68, 39, 16, 74, 38, 70, 37, 71]"
Sko100c,3900,156212,492.79,6.32,6,70,0.5966,0.5187,10,100,42,"[12, 9, 96, 66, 7, 42, 0, 22, 32, 62, 14, 55, 18, 34, 98, 87, 6, 81, 20, 86, 29, 50, 30, 80, 97, 56, 82, 92, 65, 88, 76, 49, 57, 94, 60, 21, 90, 48, 17, 51, 67, 47, 84, 4, 83, 23, 99, 53, 33, 3, 27, 1, 24, 73, 41, 91, 31, 45, 95, 61, 52, 72, 28, 59, 13, 15, 64, 89, 77, 93, 26, 44, 8, 11, 54, 2, 79, 69, 35, 5, 78, 19, 39, 43, 40, 58, 10, 46, 25, 36, 63, 75, 68, 85, 16, 74, 38, 70, 37, 71]"
Sko100c,4000,156086,495.45,6.32,6,70,0.5966,0.5187,10,100,42,"[12, 9, 96, 66, 7, 42, 0, 22, 32, 62, 14, 55, 18, 34, 98, 87, 6, 81, 20, 86, 29, 50, 30, 80, 97, 33, 82, 92, 65, 88, 76, 49, 57, 94, 60, 21, 90, 48, 17, 51, 67, 47, 84, 4, 83, 23, 99, 53, 56, 3, 27, 1, 24, 73, 41, 91, 31, 45, 95, 61, 52, 72, 59, 28, 13, 15, 64, 89, 77, 93, 26, 44, 8, 11, 54, 2, 79, 69, 35, 5, 78, 19, 39, 43, 40, 58, 10, 46, 25, 36, 63, 75, 68, 85, 16, 74, 38, 70, 37, 71]"
Sko100c,4100,155778,498.25,6.32,6,70,0.5966,0.5187,10,100,42,"[12, 9, 96, 66, 62, 42, 0, 22, 32, 7, 14, 55, 18, 34, 98, 87, 6, 81, 20, 86, 29, 50, 30, 80, 97, 91, 82, 92, 65, 88, 76, 49, 47, 94, 60, 21, 90, 48, 17, 51, 67, 57, 84, 4, 77, 23, 99, 53, 10, 3, 27, 24, 1, 73, 56, 33, 31, 45, 95, 61, 52, 72, 59, 64, 13, 15, 28, 89, 83, 93, 26, 44, 8, 11, 54, 2, 79, 69, 35, 5, 78, 19, 39, 43, 40, 58, 41, 46, 25, 36, 63, 75, 68, 85, 16, 74, 38, 70, 37, 71]"
Sko100c,4200,155750,501.01,6.32,6,70,0.5966,0.5187,10,100,42,"[12, 9, 96, 66, 62, 42, 0, 22, 32, 7, 14, 55, 18, 34, 98, 87, 6, 81, 20, 86, 29, 50, 30, 57, 97, 91, 82, 92, 65, 88, 76, 49, 47, 94, 60, 21, 90, 48, 17, 51, 67, 80, 84, 4, 45, 23, 99, 53, 10, 3, 27, 24, 8, 73, 56, 33, 31, 77, 95, 61, 52, 72, 59, 64, 13, 15, 28, 89, 83, 93, 26, 44, 1, 11, 54, 2, 79, 69, 35, 5, 78, 19, 39, 43, 40, 58, 41, 46, 25, 36, 63, 75, 68, 85, 16, 74, 38, 70, 37, 71]"
Sko100c,4300,155580,503.74,6.32,6,70,0.5966,0.5187,10,100,42,"[12, 9, 96, 66, 62, 42, 0, 22, 32, 7, 14, 55, 18, 34, 98, 87, 6, 81, 20, 86, 29, 50, 30, 57, 97, 91, 15, 92, 65, 88, 76, 49, 47, 94, 60, 21, 90, 48, 17, 51, 67, 80, 84, 4, 82, 23, 99, 53, 10, 3, 52, 24, 8, 73, 56, 33, 31, 77, 95, 61, 27, 72, 59, 64, 13, 45, 41, 89, 83, 93, 26, 44, 1, 11, 54, 2, 79, 69, 35, 5, 78, 19, 39, 43, 40, 58, 28, 46, 25, 36, 63, 75, 68, 85, 16, 74, 38, 70, 37, 71]"
Sko100c,4400,155476,506.54,6.32,6,70,0.5966,0.5187,10,100,42,"[12, 9, 96, 66, 62, 42, 0, 22, 32, 7, 14, 55, 18, 34, 98, 87, 6, 81, 20, 86, 29, 50, 23, 57, 97, 91, 53, 92, 65, 88, 76, 49, 47, 94, 60, 21, 90, 48, 17, 51, 67, 80, 84, 4, 82, 30, 99, 15, 10, 3, 52, 24, 8, 73, 56, 33, 31, 77, 95, 61, 27, 72, 59, 64, 13, 45, 41, 89, 83, 93, 44, 26, 1, 11, 54, 2, 79, 69, 35, 5, 78, 19, 39, 43, 40, 58, 28, 46, 25, 36, 63, 75, 68, 85, 16, 74, 38, 70, 37, 71]"
Sko100c,4500,155412,509.31,6.32,6,70,0.5966,0.5187,10,100,42,"[12, 9, 96, 66, 62, 42, 0, 22, 32, 7, 14, 55, 98, 34, 18, 87, 6, 81, 20, 86, 29, 50, 23, 57, 97, 91, 53, 92, 65, 88, 76, 49, 47, 94, 60, 21, 90, 48, 17, 51, 67, 80, 84, 4, 82, 30, 99, 15, 10, 3, 52, 24, 8, 73, 56, 33, 31, 77, 95, 61, 27, 72, 59, 64, 13, 45, 41, 89, 83, 93, 44, 26, 1, 11, 54, 2, 79, 71, 35, 5, 78, 19, 39, 43, 40, 58, 28, 46, 25, 36, 63, 75, 68, 85, 16, 74, 38, 70, 37, 69]"
Sko100c,4600,155074,511.12,6.32,6,70,0.5966,0.5187,10,100,42,"[12, 9, 96, 66, 55, 42, 0, 22, 32, 7, 62, 14, 98, 34, 18, 87, 6, 81, 20, 86, 29, 50, 23, 76, 97, 91, 53, 92, 65, 88, 57, 49, 47, 94, 60, 21, 90, 48, 17, 51, 67, 80, 84, 4, 82, 30, 99, 77, 89, 3, 52, 24, 8, 73, 56, 33, 31, 15, 95, 61, 27, 72, 59, 64, 13, 45, 41, 10, 83, 93, 44, 26, 1, 11, 54, 2, 79, 46, 35, 5, 78, 19, 39, 43, 40, 58, 28, 71, 25, 36, 63, 75, 68, 85, 16, 74, 38, 70, 37, 69]"
Sko100c,4700,155044,512.86,6.32,6,70,0.5966,0.5187,10,100,42,"[12, 9, 96, 66, 55, 42, 0, 22, 32, 7, 62, 14, 98, 34, 18, 87, 6, 81, 20, 86, 29, 50, 23, 76, 97, 91, 53, 92, 65, 88, 57, 49, 47, 94, 60, 21, 90, 48, 17, 51, 67, 80, 84, 4, 82, 30, 56, 77, 89, 3, 52, 24, 8, 73, 33, 99, 31, 15, 95, 61, 27, 72, 59, 64, 13, 45, 41, 10, 83, 93, 44, 26, 1, 11, 16, 2, 79, 46, 35, 5, 78, 19, 39, 43, 40, 58, 28, 71, 25, 36, 63, 75, 68, 85, 54, 74, 38, 70, 37, 69]"
Sko100c,4800,154996,515.45,6.32,6,70,0.5966,0.5187,10,100,42,"[12, 9, 96, 66, 55, 42, 0, 22, 32, 7, 62, 14, 98, 34, 18, 87, 6, 81, 20, 86, 29, 50, 23, 76, 97, 91, 53, 92, 65, 88, 57, 49, 47, 24, 60, 21, 90, 48, 17, 51, 67, 80, 84, 4, 82, 30, 56, 77, 89, 3, 52, 94, 8, 73, 33, 99, 31, 15, 95, 61, 27, 72, 59, 64, 13, 45, 41, 10, 83, 93, 44, 26, 1, 11, 16, 2, 58, 46, 35, 5, 78, 19, 39, 43, 40, 79, 28, 71, 25, 36, 63, 75, 68, 85, 54, 74, 38, 70, 37, 69]"
Sko100c,4900,154794,517.88,6.32,6,70,0.5966,0.5187,10,100,42,"[12, 9, 96, 66, 55, 42, 0, 22, 32, 7, 62, 14, 98, 34, 18, 87, 6, 81, 20, 65, 57, 50, 23, 76, 97, 91, 53, 92, 86, 88, 29, 49, 47, 24, 60, 21, 90, 48, 17, 51, 67, 80, 11, 4, 82, 30, 56, 77, 89, 3, 52, 94, 8, 73, 33, 99, 31, 15, 45, 61, 27, 72, 59, 64, 13, 95, 41, 10, 83, 93, 44, 26, 1, 40, 16, 2, 58, 46, 35, 5, 78, 19, 39, 43, 84, 79, 28, 71, 25, 36, 63, 75, 68, 85, 54, 74, 38, 70, 37, 69]"
Sko100c,5000,154654,520.4,6.32,6,70,0.5966,0.5187,10,100,42,"[12, 9, 96, 66, 55, 42, 0, 22, 32, 7, 62, 14, 98, 34, 18, 87, 6, 81, 20, 65, 57, 50, 23, 76, 97, 90, 53, 92, 86, 88, 29, 49, 47, 24, 60, 21, 91, 48, 17, 51, 67, 30, 11, 4, 82, 80, 56, 77, 89, 3, 52, 94, 8, 73, 33, 99, 31, 15, 45, 61, 27, 72, 59, 64, 13, 95, 41, 10, 83, 93, 44, 26, 1, 40, 16, 2, 58, 46, 35, 5, 78, 19, 39, 43, 84, 79, 28, 71, 25, 36, 63, 75, 68, 85, 54, 74, 38, 70, 37, 69]"
Sko100c,5100,154408,523.03,6.32,6,70,0.5966,0.5187,10,100,42,"[12, 9, 96, 66, 55, 42, 0, 22, 32, 7, 62, 14, 98, 34, 18, 87, 6, 81, 20, 65, 57, 50, 23, 76, 97, 90, 53, 92, 86, 88, 29, 49, 47, 24, 60, 21, 91, 48, 17, 51, 67, 30, 11, 4, 82, 80, 56, 77, 89, 3, 52, 94, 8, 73, 33, 99, 31, 15, 45, 61, 27, 72, 59, 64, 13, 95, 41, 10, 83, 93, 26, 19, 1, 28, 16, 2, 58, 46, 35, 5, 78, 44, 39, 43, 84, 79, 40, 71, 25, 36, 63, 75, 68, 85, 54, 74, 38, 70, 37, 69]"
Sko100c,5200,154392,525.73,5.48,6,70,0.5966,0.5187,10,100,42,"[12, 9, 96, 66, 55, 42, 0, 22, 32, 7, 62, 14, 98, 34, 18, 87, 6, 81, 20, 65, 57, 50, 23, 76, 97, 90, 53, 92, 86, 88, 29, 49, 47, 24, 60, 21, 91, 48, 17, 51, 67, 30, 11, 4, 82, 80, 56, 77, 89, 3, 52, 94, 8, 73, 33, 99, 31, 15, 45, 61, 27, 72, 59, 64, 13, 95, 41, 10, 83, 93, 26, 39, 1, 28, 16, 2, 58, 46, 35, 5, 78, 44, 19, 43, 84, 79, 40, 71, 25, 36, 63, 75, 68, 85, 54, 74, 38, 70, 37, 69]"
Sko100c,5300,154380,527.98,5.48,6,70,0.5966,0.5187,10,100,42,"[96, 9, 12, 66, 55, 42, 0, 22, 32, 7, 62, 14, 98, 34, 18, 87, 6, 81, 20, 65, 57, 50, 23, 76, 97, 90, 53, 92, 86, 88, 29, 49, 47, 24, 60, 21, 91, 17, 48, 51, 67, 30, 11, 4, 82, 80, 56, 77, 89, 3, 52, 94, 8, 73, 33, 99, 31, 15, 45, 61, 27, 72, 59, 64, 13, 95, 41, 10, 83, 93, 26, 39, 1, 28, 16, 2, 58, 46, 35, 5, 78, 44, 19, 43, 84, 79, 40, 71, 25, 36, 63, 75, 68, 85, 54, 74, 38, 70, 37, 69]"
Sko100c,5400,154296,530.73,5.48,6,70,0.5966,0.5187,10,100,42,"[96, 9, 12, 66, 55, 42, 0, 22, 32, 7, 62, 14, 98, 34, 18, 87, 6, 81, 20, 65, 57, 50, 23, 76, 97, 90, 53, 92, 86, 88, 29, 49, 47, 24, 60, 21, 91, 17, 48, 51, 67, 8, 11, 4, 82, 80, 56, 77, 89, 3, 52, 94, 30, 73, 33, 99, 31, 15, 41, 61, 27, 72, 59, 64, 13, 95, 45, 10, 83, 93, 26, 39, 1, 28, 16, 2, 58, 46, 35, 5, 78, 44, 19, 43, 84, 79, 40, 71, 25, 36, 63, 75, 68, 85, 54, 74, 38, 70, 37, 69]"
Sko100c,5500,154178,533.44,6.04,6,70,0.5966,0.5187,10,100,42,"[96, 9, 12, 66, 55, 42, 0, 22, 32, 7, 62, 14, 98, 34, 18, 87, 6, 81, 20, 65, 57, 50, 23, 76, 97, 90, 92, 53, 86, 88, 29, 49, 47, 24, 60, 21, 99, 17, 48, 51, 67, 8, 11, 4, 82, 80, 56, 77, 89, 3, 52, 94, 30, 73, 33, 91, 31, 15, 41, 61, 27, 72, 59, 64, 13, 95, 45, 10, 83, 93, 26, 39, 1, 28, 16, 2, 58, 46, 35, 5, 78, 44, 19, 43, 84, 79, 40, 71, 25, 36, 63, 75, 68, 85, 54, 74, 38, 70, 37, 69]"
Sko100c,5600,154106,536.11,6.04,6,70,0.5966,0.5187,10,100,42,"[96, 9, 12, 66, 55, 42, 0, 22, 32, 7, 62, 14, 23, 34, 18, 87, 6, 81, 20, 65, 57, 50, 98, 76, 97, 21, 92, 53, 86, 88, 29, 49, 47, 24, 60, 90, 99, 17, 48, 51, 67, 8, 11, 4, 82, 80, 56, 77, 89, 3, 52, 94, 30, 73, 33, 91, 31, 15, 41, 61, 27, 72, 59, 64, 13, 95, 45, 10, 83, 93, 26, 39, 1, 28, 16, 2, 58, 46, 35, 5, 78, 44, 19, 43, 84, 79, 40, 71, 25, 36, 63, 75, 68, 85, 54, 74, 38, 70, 37, 69]"
Sko100c,5700,154106,538.58,6.04,6,70,0.5966,0.5187,10,100,42,"[96, 9, 12, 66, 55, 42, 0, 22, 32, 7, 62, 14, 23, 34, 18, 87, 6, 81, 20, 65, 57, 50, 98, 76, 97, 21, 92, 53, 86, 88, 29, 49, 47, 24, 60, 90, 99, 17, 48, 51, 67, 8, 11, 4, 82, 80, 56, 77, 89, 3, 52, 94, 30, 73, 33, 91, 31, 15, 41, 61, 27, 72, 59, 64, 13, 95, 45, 10, 83, 93, 26, 39, 1, 28, 16, 2, 58, 46, 35, 5, 78, 44, 19, 43, 84, 79, 40, 71, 25, 36, 63, 75, 68, 85, 54, 74, 38, 70, 37, 69]"
Sko100c,5800,154070,540.93,6.04,6,70,0.5966,0.5187,10,100,42,"[96, 9, 12, 66, 55, 42, 0, 22, 65, 7, 62, 14, 23, 34, 18, 87, 6, 81, 20, 32, 57, 50, 98, 76, 97, 21, 92, 53, 86, 88, 29, 47, 49, 24, 60, 90, 99, 17, 48, 51, 67, 8, 11, 4, 82, 80, 56, 77, 89, 3, 52, 94, 30, 73, 33, 91, 31, 15, 41, 61, 27, 72, 59, 64, 13, 95, 45, 10, 83, 93, 26, 39, 1, 28, 16, 2, 58, 46, 35, 5, 78, 44, 19, 43, 84, 79, 40, 71, 25, 36, 63, 75, 68, 85, 54, 74, 38, 70, 37, 69]"
Sko100c,5900,153996,543.42,6.04,6,70,0.5966,0.5187,10,100,42,"[62, 9, 12, 66, 55, 42, 0, 22, 65, 7, 96, 14, 76, 34, 18, 87, 6, 81, 20, 32, 57, 50, 98, 23, 97, 21, 92, 53, 86, 88, 29, 47, 49, 24, 60, 80, 99, 17, 48, 51, 67, 8, 11, 4, 82, 90, 56, 77, 89, 3, 52, 94, 30, 73, 33, 91, 31, 15, 41, 61, 27, 72, 59, 64, 13, 95, 45, 10, 83, 93, 26, 39, 1, 28, 16, 2, 58, 46, 35, 5, 78, 44, 19, 43, 84, 79, 40, 71, 25, 36, 63, 75, 68, 85, 54, 74, 38, 70, 37, 69]"
Sko100c,6000,153918,545.92,6.04,6,70,0.5966,0.5187,10,100,42,"[62, 9, 12, 66, 55, 42, 0, 22, 65, 7, 96, 14, 76, 34, 18, 87, 6, 81, 20, 32, 57, 50, 98, 23, 97, 92, 21, 53, 86, 88, 29, 47, 49, 24, 60, 80, 99, 17, 48, 51, 67, 8, 11, 4, 82, 90, 56, 77, 89, 3, 52, 94, 30, 73, 33, 91, 31, 15, 41, 61, 27, 72, 59, 64, 13, 95, 45, 10, 83, 93, 26, 39, 1, 28, 16, 2, 58, 46, 35, 5, 78, 44, 19, 43, 84, 79, 40, 71, 25, 36, 63, 75, 68, 85, 54, 74, 38, 70, 37, 69]"
Sko100c,6100,153742,548.19,6.04,6,70,0.5966,0.5187,10,100,42,"[62, 9, 12, 66, 55, 42, 0, 22, 65, 7, 96, 14, 76, 34, 18, 87, 6, 81, 20, 32, 57, 50, 98, 23, 97, 92, 21, 53, 86, 88, 29, 47, 49, 24, 60, 80, 99, 17, 48, 51, 67, 8, 11, 1, 82, 90, 56, 77, 89, 3, 52, 94, 30, 73, 33, 91, 31, 15, 41, 61, 27, 72, 59, 64, 13, 95, 45, 10, 83, 93, 26, 39, 4, 28, 16, 2, 58, 46, 35, 5, 78, 44, 19, 43, 84, 79, 40, 71, 25, 36, 63, 75, 68, 85, 54, 74, 38, 70, 37, 69]"
Sko100c,6200,153742,550.67,6.04,6,70,0.5966,0.5187,10,100,42,"[62, 9, 12, 66, 55, 42, 0, 22, 65, 7, 96, 14, 76, 34, 18, 87, 6, 81, 20, 32, 57, 50, 98, 23, 97, 92, 21, 53, 86, 88, 29, 47, 49, 24, 60, 80, 99, 17, 48, 51, 67, 8, 11, 1, 82, 90, 56, 77, 89, 3, 52, 94, 30, 73, 33, 91, 31, 15, 41, 61, 27, 72, 59, 64, 13, 95, 45, 10, 83, 93, 26, 39, 4, 28, 16, 2, 58, 46, 35, 5, 78, 44, 19, 43, 84, 79, 40, 71, 25, 36, 63, 75, 68, 85, 54, 74, 38, 70, 37, 69]"
Sko100c,6300,153568,553.26,6.04,6,70,0.5966,0.5187,10,100,42,"[62, 9, 12, 66, 55, 42, 0, 22, 7, 65, 96, 14, 76, 34, 18, 87, 6, 81, 20, 32, 57, 50, 98, 23, 97, 92, 21, 53, 86, 88, 29, 47, 49, 24, 60, 80, 99, 17, 48, 51, 67, 8, 11, 30, 82, 90, 56, 77, 89, 3, 52, 94, 1, 73, 33, 91, 31, 15, 41, 61, 27, 72, 59, 64, 13, 95, 45, 10, 83, 93, 26, 39, 4, 28, 16, 2, 58, 46, 35, 5, 78, 44, 68, 43, 84, 79, 40, 71, 25, 36, 63, 75, 19, 85, 54, 74, 38, 70, 37, 69]"
Sko100c,6400,153568,555.91,6.04,6,70,0.5966,0.5187,10,100,42,"[62, 9, 12, 66, 55, 42, 0, 22, 7, 65, 96, 14, 76, 34, 18, 87, 6, 81, 20, 32, 57, 50, 98, 23, 97, 92, 21, 53, 86, 88, 29, 47, 49, 24, 60, 80, 99, 17, 48, 51, 67, 8, 11, 30, 82, 90, 56, 77, 89, 3, 52, 94, 1, 73, 33, 91, 31, 15, 41, 61, 27, 72, 59, 64, 13, 95, 45, 10, 83, 93, 26, 39, 4, 28, 16, 2, 58, 46, 35, 5, 78, 44, 68, 43, 84, 79, 40, 71, 25, 36, 63, 75, 19, 85, 54, 74, 38, 70, 37, 69]"
Sko100c,6500,153568,558.61,6.04,6,70,0.5966,0.5187,10,100,42,"[62, 9, 12, 66, 55, 42, 0, 22, 7, 65, 96, 14, 76, 34, 18, 87, 6, 81, 20, 32, 57, 50, 98, 23, 97, 92, 21, 53, 86, 88, 29, 47, 49, 24, 60, 80, 99, 17, 48, 51, 67, 8, 11, 30, 82, 90, 56, 77, 89, 3, 52, 94, 1, 73, 33, 91, 31, 15, 41, 61, 27, 72, 59, 64, 13, 95, 45, 10, 83, 93, 26, 39, 4, 28, 16, 2, 58, 46, 35, 5, 78, 44, 68, 43, 84, 79, 40, 71, 25, 36, 63, 75, 19, 85, 54, 74, 38, 70, 37, 69]"
Sko100c,6600,153548,561.26,6.04,6,70,0.5966,0.5187,10,100,42,"[62, 9, 12, 66, 55, 42, 0, 22, 7, 65, 96, 14, 76, 34, 18, 87, 6, 81, 20, 32, 57, 50, 98, 23, 97, 92, 21, 53, 86, 88, 29, 47, 8, 24, 60, 80, 99, 17, 48, 51, 67, 49, 11, 30, 82, 90, 56, 77, 89, 3, 52, 94, 1, 73, 33, 91, 31, 15, 41, 61, 27, 72, 59, 64, 13, 95, 45, 10, 83, 93, 26, 39, 4, 28, 16, 2, 58, 46, 35, 5, 78, 44, 68, 43, 84, 79, 40, 71, 25, 36, 63, 75, 19, 85, 54, 74, 38, 70, 37, 69]"
Sko100c,100,172490,563.96,6.49,6,70,0.5966,0.5187,10,100,42,"[27, 88, 9, 94, 18, 79, 15, 34, 55, 40, 3, 75, 69, 62, 4, 48, 0, 67, 58, 77, 93, 70, 25, 10, 51, 26, 22, 17, 80, 54, 92, 91, 19, 44, 89, 98, 43, 42, 82, 47, 97, 50, 95, 84, 24, 87, 31, 20, 32, 7, 41, 66, 12, 56, 46, 74, 53, 86, 57, 45, 63, 14, 60, 8, 35, 83, 37, 28, 2, 76, 81, 96, 49, 90, 30, 23, 33, 52, 21, 16, 99, 78, 65, 71, 6, 72, 13, 38, 85, 11, 5, 64, 59, 61, 29, 1, 68, 73, 36, 39]"
Sko100c,200,171486,566.72,6.49,6,70,0.5966,0.5187,10,100,42,"[3, 81, 52, 58, 18, 60, 97, 5, 41, 66, 65, 37, 78, 96, 30, 26, 76, 92, 40, 77, 17, 61, 88, 15, 51, 36, 0, 57, 14, 4, 56, 86, 43, 16, 87, 98, 10, 42, 82, 48, 69, 13, 83, 84, 80, 93, 63, 12, 44, 50, 29, 1, 31, 70, 89, 75, 28, 34, 62, 72, 11, 59, 25, 21, 33, 91, 95, 79, 35, 22, 8, 46, 19, 73, 6, 20, 90, 2, 85, 68, 94, 64, 24, 53, 47, 27, 99, 38, 74, 71, 55, 32, 45, 67, 54, 23, 9, 7, 49, 39]"
Sko100c,300,171486,569.15,6.49,6,70,0.5966,0.5187,10,100,42,"[3, 81, 52, 58, 18, 60, 97, 5, 41, 66, 65, 37, 78, 96, 30, 26, 76, 92, 40, 77, 17, 61, 88, 15, 51, 36, 0, 57, 14, 4, 56, 86, 43, 16, 87, 98, 10, 42, 82, 48, 69, 13, 83, 84, 80, 93, 63, 12, 44, 50, 29, 1, 31, 70, 89, 75, 28, 34, 62, 72, 11, 59, 25, 21, 33, 91, 95, 79, 35, 22, 8, 46, 19, 73, 6, 20, 90, 2, 85, 68, 94, 64, 24, 53, 47, 27, 99, 38, 74, 71, 55, 32, 45, 67, 54, 23, 9, 7, 49, 39]"
Sko100c,400,171486,571.37,6.49,6,70,0.5966,0.5187,10,100,42,"[3, 81, 52, 58, 18, 60, 97, 5, 41, 66, 65, 37, 78, 96, 30, 26, 76, 92, 40, 77, 17, 61, 88, 15, 51, 36, 0, 57, 14, 4, 56, 86, 43, 16, 87, 98, 10, 42, 82, 48, 69, 13, 83, 84, 80, 93, 63, 12, 44, 50, 29, 1, 31, 70, 89, 75, 28, 34, 62, 72, 11, 59, 25, 21, 33, 91, 95, 79, 35, 22, 8, 46, 19, 73, 6, 20, 90, 2, 85, 68, 94, 64, 24, 53, 47, 27, 99, 38, 74, 71, 55, 32, 45, 67, 54, 23, 9, 7, 49, 39]"
Sko100c,500,171486,573.8,6.51,6,70,0.5966,0.5187,10,100,42,"[3, 81, 52, 58, 18, 60, 97, 5, 41, 66, 65, 37, 78, 96, 30, 26, 76, 92, 40, 77, 17, 61, 88, 15, 51, 36, 0, 57, 14, 4, 56, 86, 43, 16, 87, 98, 10, 42, 82, 48, 69, 13, 83, 84, 80, 93, 63, 12, 44, 50, 29, 1, 31, 70, 89, 75, 28, 34, 62, 72, 11, 59, 25, 21, 33, 91, 95, 79, 35, 22, 8, 46, 19, 73, 6, 20, 90, 2, 85, 68, 94, 64, 24, 53, 47, 27, 99, 38, 74, 71, 55, 32, 45, 67, 54, 23, 9, 7, 49, 39]"
Sko100c,600,168746,576.38,6.51,6,70,0.5966,0.5187,10,100,42,"[29, 76, 31, 68, 67, 43, 83, 73, 71, 27, 50, 5, 39, 0, 74, 90, 93, 84, 51, 46, 20, 19, 77, 45, 6, 8, 12, 95, 1, 32, 80, 58, 17, 53, 49, 38, 85, 87, 16, 22, 24, 52, 60, 14, 59, 15, 82, 97, 33, 7, 26, 3, 66, 96, 99, 72, 64, 41, 61, 44, 30, 54, 18, 69, 28, 35, 4, 34, 37, 89, 57, 21, 62, 42, 47, 40, 13, 63, 2, 10, 78, 81, 91, 9, 23, 70, 55, 56, 94, 98, 75, 88, 92, 86, 11, 36, 48, 65, 79, 25]"
Sko100c,700,168746,578.77,6.51,6,70,0.5966,0.5187,10,100,42,"[29, 76, 31, 68, 67, 43, 83, 73, 71, 27, 50, 5, 39, 0, 74, 90, 93, 84, 51, 46, 20, 19, 77, 45, 6, 8, 12, 95, 1, 32, 80, 58, 17, 53, 49, 38, 85, 87, 16, 22, 24, 52, 60, 14, 59, 15, 82, 97, 33, 7, 26, 3, 66, 96, 99, 72, 64, 41, 61, 44, 30, 54, 18, 69, 28, 35, 4, 34, 37, 89, 57, 21, 62, 42, 47, 40, 13, 63, 2, 10, 78, 81, 91, 9, 23, 70, 55, 56, 94, 98, 75, 88, 92, 86, 11, 36, 48, 65, 79, 25]"
Sko100c,800,168746,581.16,6.51,6,70,0.5966,0.5187,10,100,42,"[29, 76, 31, 68, 67, 43, 83, 73, 71, 27, 50, 5, 39, 0, 74, 90, 93, 84, 51, 46, 20, 19, 77, 45, 6, 8, 12, 95, 1, 32, 80, 58, 17, 53, 49, 38, 85, 87, 16, 22, 24, 52, 60, 14, 59, 15, 82, 97, 33, 7, 26, 3, 66, 96, 99, 72, 64, 41, 61, 44, 30, 54, 18, 69, 28, 35, 4, 34, 37, 89, 57, 21, 62, 42, 47, 40, 13, 63, 2, 10, 78, 81, 91, 9, 23, 70, 55, 56, 94, 98, 75, 88, 92, 86, 11, 36, 48, 65, 79, 25]"
Sko100c,900,168746,583.83,6.51,6,70,0.5966,0.5187,10,100,42,"[29, 76, 31, 68, 67, 43, 83, 73, 71, 27, 50, 5, 39, 0, 74, 90, 93, 84, 51, 46, 20, 19, 77, 45, 6, 8, 12, 95, 1, 32, 80, 58, 17, 53, 49, 38, 85, 87, 16, 22, 24, 52, 60, 14, 59, 15, 82, 97, 33, 7, 26, 3, 66, 96, 99, 72, 64, 41, 61, 44, 30, 54, 18, 69, 28, 35, 4, 34, 37, 89, 57, 21, 62, 42, 47, 40, 13, 63, 2, 10, 78, 81, 91, 9, 23, 70, 55, 56, 94, 98, 75, 88, 92, 86, 11, 36, 48, 65, 79, 25]"
Sko100c,1000,168746,586.57,6.52,6,70,0.5966,0.5187,10,100,42,"[29, 76, 31, 68, 67, 43, 83, 73, 71, 27, 50, 5, 39, 0, 74, 90, 93, 84, 51, 46, 20, 19, 77, 45, 6, 8, 12, 95, 1, 32, 80, 58, 17, 53, 49, 38, 85, 87, 16, 22, 24, 52, 60, 14, 59, 15, 82, 97, 33, 7, 26, 3, 66, 96, 99, 72, 64, 41, 61, 44, 30, 54, 18, 69, 28, 35, 4, 34, 37, 89, 57, 21, 62, 42, 47, 40, 13, 63, 2, 10, 78, 81, 91, 9, 23, 70, 55, 56, 94, 98, 75, 88, 92, 86, 11, 36, 48, 65, 79, 25]"
Sko100c,1100,168746,589.31,6.53,6,70,0.5966,0.5187,10,100,42,"[29, 76, 31, 68, 67, 43, 83, 73, 71, 27, 50, 5, 39, 0, 74, 90, 93, 84, 51, 46, 20, 19, 77, 45, 6, 8, 12, 95, 1, 32, 80, 58, 17, 53, 49, 38, 85, 87, 16, 22, 24, 52, 60, 14, 59, 15, 82, 97, 33, 7, 26, 3, 66, 96, 99, 72, 64, 41, 61, 44, 30, 54, 18, 69, 28, 35, 4, 34, 37, 89, 57, 21, 62, 42, 47, 40, 13, 63, 2, 10, 78, 81, 91, 9, 23, 70, 55, 56, 94, 98, 75, 88, 92, 86, 11, 36, 48, 65, 79, 25]"
Sko100c,1200,168746,592.09,6.53,6,70,0.5966,0.5187,10,100,42,"[29, 76, 31, 68, 67, 43, 83, 73, 71, 27, 50, 5, 39, 0, 74, 90, 93, 84, 51, 46, 20, 19, 77, 45, 6, 8, 12, 95, 1, 32, 80, 58, 17, 53, 49, 38, 85, 87, 16, 22, 24, 52, 60, 14, 59, 15, 82, 97, 33, 7, 26, 3, 66, 96, 99, 72, 64, 41, 61, 44, 30, 54, 18, 69, 28, 35, 4, 34, 37, 89, 57, 21, 62, 42, 47, 40, 13, 63, 2, 10, 78, 81, 91, 9, 23, 70, 55, 56, 94, 98, 75, 88, 92, 86, 11, 36, 48, 65, 79, 25]"
Sko100c,1300,168706,594.82,6.53,6,70,0.5966,0.5187,10,100,42,"[62, 9, 85, 91, 49, 64, 67, 11, 16, 44, 27, 86, 82, 33, 12, 7, 78, 69, 52, 65, 14, 68, 77, 32, 3, 93, 21, 72, 47, 59, 61, 90, 23, 99, 19, 81, 39, 57, 54, 53, 29, 42, 46, 87, 60, 4, 84, 8, 74, 43, 40, 2, 6, 31, 95, 30, 10, 22, 36, 38, 98, 37, 18, 26, 15, 5, 83, 56, 13, 25, 24, 92, 48, 75, 55, 70, 50, 71, 17, 58, 0, 80, 45, 76, 41, 97, 89, 35, 94, 63, 51, 88, 96, 20, 73, 34, 66, 1, 28, 79]"
Sko100c,1400,167502,597.37,6.53,6,70,0.5966,0.5187,10,100,42,"[73, 6, 93, 55, 68, 84, 52, 67, 89, 40, 71, 26, 47, 50, 49, 43, 9, 38, 25, 77, 8, 63, 64, 16, 80, 85, 76, 5, 7, 59, 15, 95, 24, 82, 44, 10, 39, 97, 54, 88, 62, 91, 81, 12, 46, 33, 96, 14, 34, 13, 66, 87, 72, 99, 29, 56, 0, 78, 45, 69, 2, 19, 18, 17, 42, 1, 90, 27, 22, 36, 53, 31, 48, 74, 83, 70, 41, 30, 11, 58, 61, 3, 60, 21, 98, 57, 37, 32, 65, 23, 51, 86, 79, 20, 35, 75, 94, 92, 28, 4]"
Sko100c,1500,166698,599.84,6.53,6,70,0.5966,0.5187,10,100,42,"[73, 63, 93, 24, 68, 84, 82, 67, 46, 40, 71, 26, 47, 50, 4, 81, 9, 38, 79, 16, 8, 6, 64, 77, 80, 29, 76, 5, 7, 59, 31, 15, 55, 65, 44, 10, 39, 43, 54, 88, 62, 91, 97, 12, 89, 72, 96, 14, 90, 13, 0, 87, 95, 99, 85, 56, 66, 23, 45, 69, 2, 27, 18, 17, 42, 1, 41, 19, 94, 36, 53, 34, 48, 74, 83, 70, 33, 30, 11, 58, 61, 3, 60, 21, 98, 57, 37, 32, 52, 78, 51, 86, 25, 20, 35, 75, 22, 92, 28, 49]"
