Tai256c,100,48850508,35.26,22.85,10,85,0.5271,0.5401,10,256,42,"[159, 250, 59, 141, 44, 216, 97, 103, 90, 169, 177, 227, 54, 127, 166, 37, 31, 75, 135, 120, 161, 23, 83, 28, 246, 187, 118, 196, 224, 85, 100, 125, 79, 8, 170, 247, 98, 123, 16, 229, 242, 104, 172, 234, 189, 40, 244, 95, 86, 108, 190, 58, 19, 25, 62, 126, 61, 180, 202, 5, 148, 68, 129, 30, 92, 173, 1, 255, 22, 64, 237, 84, 176, 222, 183, 153, 34, 179, 168, 121, 209, 235, 219, 214, 71, 72, 194, 26, 207, 47, 133, 49, 38, 115, 70, 13, 50, 46, 88, 162, 152, 24, 175, 81, 33, 53, 248, 18, 65, 117, 204, 199, 87, 134, 116, 113, 191, 73, 181, 119, 151, 43, 11, 163, 243, 96, 165, 221, 102, 42, 132, 233, 107, 200, 241, 3, 160, 167, 225, 146, 29, 252, 124, 139, 10, 208, 251, 157, 140, 144, 101, 218, 91, 142, 39, 7, 15, 109, 130, 195, 45, 193, 110, 93, 147, 94, 249, 212, 60, 184, 231, 171, 55, 106, 114, 36, 145, 78, 192, 240, 99, 12, 158, 156, 112, 201, 48, 4, 35, 185, 143, 77, 253, 76, 89, 203, 254, 220, 215, 67, 136, 32, 2, 63, 14, 245, 197, 41, 228, 66, 210, 122, 182, 217, 9, 149, 211, 69, 80, 52, 56, 155, 205, 178, 206, 6, 128, 164, 238, 137, 17, 20, 138, 150, 232, 0, 174, 230, 105, 198, 188, 51, 226, 213, 223, 111, 74, 186, 82, 131, 57, 239, 154, 236, 27, 21]"
Tai256c,200,48060930,52.91,22.62,10,85,0.5271,0.5401,10,256,42,"[159, 250, 59, 141, 44, 31, 97, 103, 123, 169, 177, 224, 54, 104, 64, 37, 216, 75, 90, 184, 127, 252, 83, 135, 246, 244, 118, 161, 227, 85, 100, 1, 116, 8, 170, 247, 98, 94, 16, 130, 242, 196, 172, 234, 189, 40, 187, 95, 86, 108, 27, 58, 19, 25, 62, 126, 61, 180, 202, 5, 148, 68, 129, 30, 92, 173, 125, 255, 22, 166, 237, 163, 176, 222, 183, 153, 34, 179, 168, 121, 209, 235, 219, 214, 14, 72, 194, 26, 207, 47, 133, 49, 38, 200, 101, 70, 186, 46, 88, 142, 152, 147, 156, 81, 24, 178, 249, 18, 65, 213, 204, 199, 87, 134, 191, 113, 79, 154, 181, 120, 60, 43, 11, 84, 243, 96, 165, 89, 102, 91, 132, 233, 117, 115, 241, 3, 160, 167, 225, 39, 29, 23, 124, 139, 10, 55, 251, 157, 140, 144, 13, 218, 73, 162, 112, 7, 15, 109, 229, 195, 45, 99, 110, 93, 33, 119, 248, 145, 151, 28, 231, 171, 208, 52, 114, 36, 2, 245, 192, 240, 254, 12, 158, 175, 146, 201, 48, 4, 35, 185, 143, 77, 253, 76, 221, 203, 193, 220, 215, 197, 136, 32, 212, 63, 71, 78, 67, 41, 228, 66, 210, 122, 182, 217, 9, 149, 211, 69, 80, 106, 137, 198, 53, 138, 206, 6, 128, 164, 238, 56, 17, 20, 205, 150, 232, 0, 174, 230, 105, 155, 188, 190, 226, 107, 223, 111, 74, 82, 50, 131, 57, 239, 42, 236, 51, 21]"
Tai256c,300,47849246,71.3,22.63,10,85,0.5271,0.5401,10,256,42,"[159, 250, 59, 141, 44, 31, 64, 103, 123, 169, 177, 224, 54, 104, 97, 37, 216, 75, 90, 184, 127, 252, 83, 214, 246, 244, 118, 161, 227, 85, 100, 1, 116, 8, 170, 247, 98, 94, 16, 130, 242, 196, 172, 234, 189, 40, 187, 95, 86, 108, 27, 58, 19, 25, 62, 126, 61, 180, 202, 5, 148, 68, 129, 30, 92, 173, 229, 255, 22, 166, 237, 163, 176, 222, 183, 153, 34, 179, 168, 121, 209, 235, 219, 135, 14, 72, 194, 26, 207, 47, 133, 49, 38, 200, 238, 101, 186, 46, 88, 142, 152, 147, 156, 105, 24, 178, 249, 18, 65, 213, 204, 199, 87, 134, 191, 113, 221, 154, 181, 120, 60, 43, 11, 84, 243, 96, 165, 245, 102, 91, 132, 233, 122, 220, 241, 3, 160, 167, 225, 39, 215, 23, 124, 139, 10, 55, 251, 157, 140, 144, 13, 218, 73, 162, 112, 7, 15, 109, 53, 195, 78, 99, 110, 93, 33, 119, 248, 145, 151, 28, 231, 171, 208, 52, 114, 36, 2, 89, 239, 240, 254, 12, 158, 175, 17, 201, 48, 4, 35, 185, 143, 77, 253, 76, 79, 203, 193, 115, 29, 197, 136, 32, 212, 63, 71, 45, 67, 41, 228, 66, 210, 117, 182, 217, 9, 149, 211, 69, 80, 106, 137, 198, 125, 138, 206, 6, 128, 164, 70, 56, 146, 20, 205, 150, 232, 0, 174, 230, 81, 155, 188, 190, 226, 107, 223, 111, 74, 82, 50, 131, 57, 192, 42, 236, 51, 21]"
Tai256c,400,47353098,89.78,22.63,10,85,0.5271,0.5401,10,256,42,"[37, 250, 59, 141, 44, 153, 27, 54, 123, 49, 219, 135, 103, 104, 97, 179, 216, 75, 227, 184, 127, 252, 83, 214, 246, 72, 118, 161, 90, 85, 16, 1, 116, 8, 170, 247, 98, 94, 100, 3, 242, 196, 172, 234, 189, 224, 222, 95, 86, 108, 64, 58, 19, 25, 62, 126, 61, 47, 202, 5, 148, 68, 129, 106, 92, 158, 229, 130, 22, 166, 237, 163, 176, 187, 183, 31, 34, 159, 168, 121, 209, 255, 177, 40, 14, 244, 194, 26, 207, 139, 133, 169, 38, 200, 235, 101, 197, 142, 88, 113, 74, 147, 167, 119, 24, 151, 110, 18, 152, 213, 134, 253, 87, 204, 191, 32, 146, 154, 181, 120, 60, 43, 11, 84, 243, 65, 149, 245, 9, 91, 132, 20, 210, 220, 241, 238, 15, 156, 79, 39, 78, 188, 124, 180, 10, 137, 251, 157, 140, 144, 13, 218, 122, 145, 112, 7, 160, 109, 117, 195, 190, 99, 107, 93, 33, 71, 248, 162, 233, 28, 173, 171, 35, 232, 114, 36, 76, 89, 239, 193, 254, 12, 231, 96, 17, 201, 131, 29, 208, 185, 67, 77, 21, 73, 198, 41, 240, 115, 178, 186, 136, 143, 50, 63, 105, 45, 0, 203, 228, 66, 2, 205, 70, 217, 53, 192, 211, 69, 175, 30, 55, 225, 125, 138, 206, 52, 128, 164, 223, 56, 221, 4, 165, 150, 46, 6, 230, 174, 81, 155, 48, 215, 226, 249, 182, 111, 80, 82, 212, 23, 57, 102, 42, 236, 199, 51]"
Tai256c,500,46987418,107.83,14.04,10,85,0.5271,0.5401,10,256,42,"[37, 61, 150, 194, 118, 133, 27, 54, 123, 49, 70, 135, 103, 64, 97, 179, 216, 75, 227, 184, 127, 252, 83, 214, 246, 72, 44, 161, 234, 68, 16, 1, 116, 8, 170, 247, 98, 94, 100, 3, 242, 196, 172, 90, 189, 176, 222, 95, 220, 108, 104, 58, 25, 19, 62, 126, 250, 47, 202, 5, 148, 85, 129, 106, 92, 158, 207, 130, 22, 166, 237, 163, 224, 187, 183, 31, 34, 159, 168, 121, 209, 177, 255, 40, 14, 219, 141, 26, 229, 139, 153, 248, 233, 200, 235, 101, 206, 142, 88, 113, 74, 147, 39, 167, 199, 197, 110, 151, 152, 213, 134, 35, 53, 32, 99, 102, 146, 154, 181, 144, 114, 71, 188, 125, 243, 65, 23, 245, 9, 91, 132, 226, 210, 86, 241, 238, 15, 156, 79, 225, 190, 212, 124, 180, 10, 231, 251, 157, 140, 120, 119, 218, 122, 185, 112, 4, 160, 20, 178, 195, 73, 191, 164, 93, 33, 239, 169, 254, 253, 17, 87, 171, 38, 232, 105, 51, 76, 89, 59, 193, 162, 29, 137, 96, 28, 201, 131, 12, 208, 145, 67, 77, 21, 78, 198, 41, 240, 115, 117, 186, 136, 60, 50, 63, 143, 175, 0, 203, 228, 66, 2, 205, 244, 18, 173, 192, 211, 69, 45, 30, 182, 13, 84, 138, 217, 52, 128, 107, 223, 56, 221, 155, 165, 43, 46, 6, 230, 174, 81, 7, 36, 215, 109, 249, 55, 111, 80, 82, 11, 149, 57, 204, 42, 236, 24, 48]"
Tai256c,600,46851122,127.3,6.59,10,85,0.5271,0.5401,10,256,42,"[37, 61, 150, 194, 118, 133, 27, 54, 123, 49, 70, 135, 103, 64, 127, 219, 216, 75, 58, 1, 97, 34, 83, 214, 246, 40, 44, 161, 234, 68, 16, 184, 116, 8, 170, 247, 98, 158, 100, 3, 242, 196, 172, 90, 25, 176, 222, 95, 121, 108, 104, 227, 189, 19, 62, 126, 250, 153, 202, 5, 148, 85, 129, 106, 92, 94, 22, 252, 207, 166, 237, 163, 224, 187, 183, 31, 130, 159, 168, 220, 209, 139, 255, 141, 14, 233, 72, 26, 229, 177, 47, 197, 179, 200, 235, 232, 206, 142, 122, 11, 74, 147, 30, 167, 109, 248, 110, 191, 67, 192, 138, 35, 43, 120, 99, 102, 146, 154, 181, 78, 23, 52, 69, 125, 243, 65, 57, 53, 9, 91, 169, 226, 249, 113, 15, 238, 241, 156, 79, 225, 117, 203, 124, 180, 223, 231, 251, 213, 140, 32, 82, 218, 210, 185, 112, 212, 160, 55, 119, 195, 73, 208, 33, 93, 164, 239, 114, 10, 84, 86, 87, 0, 38, 240, 21, 51, 76, 89, 145, 193, 45, 29, 178, 253, 28, 201, 80, 12, 171, 115, 136, 77, 105, 144, 215, 41, 101, 59, 131, 186, 152, 60, 50, 63, 143, 175, 132, 4, 228, 66, 96, 190, 211, 18, 173, 157, 244, 188, 149, 39, 182, 13, 2, 134, 217, 71, 128, 107, 254, 56, 221, 155, 165, 245, 46, 6, 230, 174, 81, 7, 36, 198, 199, 88, 20, 111, 205, 137, 17, 162, 151, 204, 42, 236, 24, 48]"
Tai256c,700,46726130,143.58,5.27,10,85,0.5271,0.5401,10,256,42,"[37, 77, 150, 194, 118, 133, 27, 126, 123, 49, 70, 135, 103, 64, 255, 219, 216, 75, 58, 1, 97, 34, 83, 184, 246, 40, 44, 161, 234, 68, 16, 214, 163, 8, 170, 247, 197, 158, 100, 51, 153, 196, 172, 90, 25, 176, 222, 95, 121, 108, 104, 227, 189, 19, 62, 54, 251, 242, 202, 5, 148, 85, 129, 106, 92, 94, 141, 252, 207, 166, 237, 190, 224, 187, 183, 31, 130, 159, 168, 220, 209, 139, 72, 22, 14, 233, 127, 26, 229, 177, 47, 98, 179, 200, 235, 223, 206, 142, 122, 11, 74, 238, 30, 167, 109, 248, 110, 191, 91, 7, 119, 165, 43, 120, 241, 134, 146, 186, 181, 156, 23, 52, 69, 125, 243, 65, 57, 53, 9, 67, 169, 226, 249, 113, 178, 147, 203, 78, 96, 225, 117, 99, 221, 180, 138, 231, 250, 213, 140, 32, 82, 218, 18, 185, 112, 212, 160, 144, 232, 195, 73, 208, 33, 93, 164, 239, 114, 10, 84, 86, 204, 0, 38, 240, 29, 3, 76, 89, 145, 193, 244, 21, 15, 56, 28, 201, 80, 12, 173, 115, 136, 61, 105, 55, 215, 35, 101, 59, 228, 154, 152, 60, 50, 63, 143, 175, 132, 4, 131, 66, 41, 116, 211, 210, 171, 157, 45, 188, 149, 39, 182, 13, 2, 87, 217, 71, 128, 107, 254, 253, 124, 155, 79, 245, 46, 6, 199, 174, 81, 192, 36, 198, 230, 88, 20, 111, 205, 137, 17, 162, 151, 102, 42, 236, 24, 48]"
Tai256c,800,46664386,160.58,5.41,10,85,0.5271,0.5401,10,256,42,"[37, 77, 150, 194, 118, 133, 27, 202, 179, 49, 70, 135, 103, 64, 255, 20, 216, 75, 58, 1, 97, 34, 83, 184, 229, 40, 44, 189, 139, 68, 16, 190, 163, 8, 170, 100, 197, 158, 247, 51, 153, 177, 251, 90, 25, 176, 222, 95, 121, 108, 104, 227, 161, 19, 62, 54, 172, 242, 126, 5, 148, 85, 129, 106, 92, 94, 207, 252, 141, 166, 237, 214, 224, 187, 183, 31, 130, 159, 168, 220, 209, 234, 72, 22, 14, 233, 127, 26, 246, 196, 47, 98, 123, 200, 235, 124, 206, 142, 50, 11, 74, 238, 30, 167, 109, 248, 110, 191, 146, 7, 151, 66, 53, 147, 241, 134, 91, 223, 181, 156, 23, 52, 174, 125, 243, 65, 57, 43, 105, 67, 122, 60, 249, 113, 178, 154, 203, 78, 93, 188, 117, 99, 221, 180, 138, 231, 250, 120, 162, 32, 82, 218, 18, 185, 245, 212, 160, 28, 165, 195, 73, 102, 33, 96, 164, 239, 114, 10, 84, 86, 204, 0, 38, 240, 29, 3, 76, 89, 145, 193, 101, 21, 15, 56, 144, 201, 157, 12, 173, 42, 136, 61, 9, 55, 215, 35, 244, 59, 228, 213, 152, 226, 169, 63, 143, 175, 132, 48, 131, 69, 41, 116, 211, 210, 171, 80, 45, 225, 149, 39, 182, 13, 2, 87, 17, 71, 128, 107, 254, 253, 186, 36, 79, 112, 46, 6, 199, 232, 81, 192, 155, 198, 230, 88, 219, 111, 205, 137, 217, 119, 140, 208, 115, 236, 24, 4]"
Tai256c,900,46624348,177.98,5.43,10,85,0.5271,0.5401,10,256,42,"[85, 77, 150, 194, 118, 133, 27, 202, 179, 49, 70, 222, 103, 64, 255, 1, 216, 75, 196, 26, 97, 220, 83, 184, 34, 40, 44, 22, 139, 68, 244, 190, 163, 8, 170, 100, 13, 158, 247, 51, 153, 58, 251, 90, 224, 176, 135, 95, 121, 108, 104, 227, 62, 19, 161, 54, 172, 242, 126, 5, 148, 37, 129, 106, 92, 94, 209, 252, 141, 166, 237, 214, 25, 187, 183, 31, 130, 159, 168, 127, 189, 234, 72, 207, 14, 233, 229, 20, 246, 177, 47, 98, 123, 200, 231, 124, 206, 10, 192, 155, 208, 238, 9, 111, 109, 82, 110, 191, 146, 7, 151, 119, 53, 147, 241, 243, 91, 223, 181, 137, 245, 52, 143, 125, 134, 105, 15, 50, 65, 67, 198, 60, 204, 113, 178, 230, 203, 235, 115, 154, 112, 99, 221, 180, 210, 78, 197, 120, 162, 167, 175, 218, 18, 185, 86, 217, 160, 144, 23, 248, 73, 102, 33, 157, 164, 239, 114, 142, 84, 165, 138, 0, 17, 219, 29, 39, 76, 89, 145, 6, 101, 193, 57, 232, 28, 249, 149, 12, 173, 42, 136, 61, 30, 55, 43, 35, 32, 59, 228, 213, 152, 226, 169, 80, 174, 195, 132, 48, 188, 69, 41, 93, 211, 36, 66, 182, 45, 225, 96, 3, 63, 250, 56, 87, 240, 71, 128, 107, 254, 253, 215, 38, 79, 199, 46, 4, 117, 2, 81, 116, 11, 171, 16, 88, 201, 131, 205, 156, 212, 186, 140, 74, 122, 236, 24, 21]"
Tai256c,1000,46623984,195.25,5.45,10,85,0.5271,0.5401,10,256,42,"[85, 106, 150, 129, 118, 222, 104, 202, 163, 68, 70, 132, 103, 64, 255, 1, 216, 75, 196, 26, 97, 220, 83, 184, 34, 40, 44, 22, 139, 49, 244, 190, 179, 8, 170, 100, 13, 158, 247, 51, 153, 58, 251, 90, 224, 176, 135, 95, 121, 108, 27, 227, 62, 19, 161, 54, 172, 242, 126, 5, 148, 37, 194, 77, 92, 94, 209, 252, 141, 166, 237, 214, 25, 187, 183, 31, 130, 159, 168, 127, 189, 234, 72, 207, 14, 233, 229, 20, 246, 177, 47, 98, 123, 200, 178, 124, 206, 6, 192, 155, 208, 238, 9, 111, 109, 116, 110, 188, 146, 7, 151, 41, 107, 147, 21, 243, 91, 223, 181, 112, 245, 52, 143, 125, 55, 105, 15, 50, 65, 60, 198, 67, 204, 113, 217, 42, 203, 235, 115, 228, 165, 99, 221, 180, 210, 78, 197, 120, 11, 167, 175, 218, 18, 191, 86, 231, 160, 144, 23, 248, 73, 102, 117, 174, 164, 239, 114, 169, 84, 137, 138, 0, 17, 219, 29, 39, 76, 195, 48, 10, 254, 193, 57, 232, 119, 225, 149, 12, 173, 230, 59, 61, 30, 134, 96, 226, 154, 136, 32, 213, 152, 35, 142, 80, 157, 89, 133, 145, 79, 69, 28, 240, 211, 36, 66, 182, 46, 43, 74, 3, 63, 250, 33, 87, 93, 71, 128, 53, 101, 253, 185, 38, 140, 199, 45, 4, 56, 2, 81, 215, 162, 171, 16, 88, 201, 131, 205, 156, 212, 186, 82, 249, 122, 236, 24, 241]"
Tai256c,1100,46387552,208.81,5.45,10,85,0.5271,0.5401,10,256,42,"[85, 106, 150, 129, 118, 222, 158, 202, 163, 1, 70, 132, 103, 64, 255, 68, 216, 75, 196, 26, 97, 220, 190, 184, 34, 40, 44, 22, 139, 49, 244, 83, 179, 8, 170, 100, 13, 104, 247, 51, 153, 58, 224, 90, 251, 176, 135, 19, 121, 108, 27, 227, 62, 95, 161, 54, 172, 242, 126, 5, 148, 37, 194, 77, 92, 94, 209, 252, 141, 166, 237, 214, 25, 187, 183, 31, 130, 159, 181, 127, 189, 234, 72, 207, 14, 233, 229, 20, 246, 124, 47, 98, 123, 200, 178, 177, 206, 173, 192, 155, 208, 238, 243, 111, 29, 116, 109, 188, 146, 7, 151, 41, 107, 147, 21, 164, 91, 223, 212, 112, 122, 52, 143, 125, 55, 120, 15, 50, 65, 60, 198, 67, 204, 113, 217, 42, 180, 235, 115, 228, 165, 99, 221, 203, 210, 154, 197, 105, 254, 167, 175, 218, 18, 191, 86, 231, 160, 144, 23, 248, 73, 102, 117, 174, 240, 239, 114, 169, 84, 137, 138, 0, 17, 219, 110, 39, 76, 195, 48, 10, 11, 193, 57, 232, 119, 225, 69, 12, 6, 230, 59, 61, 30, 134, 96, 226, 78, 136, 32, 213, 152, 35, 142, 245, 157, 89, 133, 145, 79, 149, 9, 253, 211, 36, 66, 182, 46, 43, 74, 3, 63, 250, 33, 87, 93, 71, 128, 53, 101, 171, 185, 38, 140, 199, 45, 4, 56, 2, 81, 215, 162, 168, 16, 88, 201, 131, 205, 156, 28, 186, 82, 249, 80, 236, 24, 241]"
Tai256c,1200,46387552,225.29,5.45,10,85,0.5271,0.5401,10,256,42,"[85, 106, 150, 129, 118, 222, 158, 202, 163, 1, 70, 132, 103, 64, 255, 68, 216, 75, 196, 26, 97, 220, 190, 184, 34, 40, 44, 22, 139, 49, 244, 83, 179, 8, 170, 100, 13, 104, 247, 51, 153, 58, 224, 90, 251, 176, 135, 19, 121, 108, 27, 227, 62, 95, 161, 54, 172, 242, 126, 5, 148, 37, 194, 77, 92, 94, 209, 252, 141, 166, 237, 214, 25, 187, 183, 31, 130, 159, 181, 127, 189, 234, 72, 207, 14, 233, 229, 20, 246, 124, 47, 98, 123, 200, 178, 177, 206, 173, 192, 155, 208, 238, 243, 111, 29, 116, 109, 188, 146, 7, 151, 41, 107, 147, 21, 164, 91, 223, 212, 112, 122, 52, 143, 125, 55, 120, 15, 50, 65, 60, 198, 67, 204, 113, 217, 42, 180, 235, 115, 228, 165, 99, 221, 203, 210, 154, 197, 105, 254, 167, 175, 218, 18, 191, 86, 231, 160, 144, 23, 248, 73, 102, 117, 174, 240, 239, 114, 169, 84, 137, 138, 0, 17, 219, 110, 39, 76, 195, 48, 10, 11, 193, 57, 232, 119, 225, 69, 12, 6, 230, 59, 61, 30, 134, 96, 226, 78, 136, 32, 213, 152, 35, 142, 245, 157, 89, 133, 145, 79, 149, 9, 253, 211, 36, 66, 182, 46, 43, 74, 3, 63, 250, 33, 87, 93, 71, 128, 53, 101, 171, 185, 38, 140, 199, 45, 4, 56, 2, 81, 215, 162, 168, 16, 88, 201, 131, 205, 156, 28, 186, 82, 249, 80, 236, 24, 241]"
Tai256c,1300,46320312,242.41,6.62,10,85,0.5271,0.5401,10,256,42,"[25, 106, 150, 129, 118, 222, 220, 251, 224, 1, 209, 132, 103, 184, 95, 104, 216, 75, 196, 70, 77, 246, 190, 64, 34, 94, 44, 22, 31, 49, 244, 227, 179, 58, 170, 100, 83, 27, 159, 26, 153, 8, 207, 90, 202, 183, 233, 229, 121, 108, 68, 13, 234, 255, 161, 98, 172, 85, 127, 5, 62, 37, 194, 158, 97, 40, 17, 252, 141, 166, 237, 214, 139, 187, 176, 242, 130, 247, 181, 126, 189, 47, 72, 163, 14, 135, 19, 124, 92, 51, 148, 54, 230, 238, 7, 38, 197, 23, 78, 79, 167, 33, 208, 114, 2, 156, 109, 119, 146, 143, 20, 41, 213, 147, 21, 66, 110, 140, 206, 6, 201, 128, 11, 168, 61, 71, 15, 204, 188, 24, 3, 134, 199, 113, 145, 80, 133, 241, 96, 0, 165, 16, 102, 9, 59, 86, 46, 105, 217, 144, 93, 254, 12, 191, 225, 42, 160, 228, 151, 81, 48, 60, 63, 174, 240, 239, 212, 89, 57, 154, 138, 116, 69, 99, 123, 39, 76, 195, 192, 10, 29, 193, 35, 173, 18, 137, 155, 73, 112, 152, 210, 4, 30, 218, 115, 182, 231, 136, 32, 215, 149, 243, 245, 142, 157, 203, 232, 162, 36, 235, 28, 253, 211, 164, 178, 205, 111, 43, 74, 219, 117, 250, 50, 87, 175, 120, 107, 53, 101, 171, 91, 198, 223, 84, 45, 185, 56, 180, 248, 221, 67, 125, 177, 88, 122, 131, 65, 52, 169, 186, 82, 249, 226, 236, 200, 55]"
Tai256c,1400,46320312,259.94,6.63,10,85,0.5271,0.5401,10,256,42,"[25, 106, 150, 129, 118, 222, 220, 251, 224, 1, 209, 132, 103, 184, 95, 104, 216, 75, 196, 70, 77, 246, 190, 64, 34, 94, 44, 22, 31, 49, 244, 227, 179, 58, 170, 100, 83, 27, 159, 26, 153, 8, 207, 90, 202, 183, 233, 229, 121, 108, 68, 13, 234, 255, 161, 98, 172, 85, 127, 5, 62, 37, 194, 158, 97, 40, 17, 252, 141, 166, 237, 214, 139, 187, 176, 242, 130, 247, 181, 126, 189, 47, 72, 163, 14, 135, 19, 124, 92, 51, 148, 54, 230, 238, 7, 38, 197, 23, 78, 79, 167, 33, 208, 114, 2, 156, 109, 119, 146, 143, 20, 41, 213, 147, 21, 66, 110, 140, 206, 6, 201, 128, 11, 168, 61, 71, 15, 204, 188, 24, 3, 134, 199, 113, 145, 80, 133, 241, 96, 0, 165, 16, 102, 9, 59, 86, 46, 105, 217, 144, 93, 254, 12, 191, 225, 42, 160, 228, 151, 81, 48, 60, 63, 174, 240, 239, 212, 89, 57, 154, 138, 116, 69, 99, 123, 39, 76, 195, 192, 10, 29, 193, 35, 173, 18, 137, 155, 73, 112, 152, 210, 4, 30, 218, 115, 182, 231, 136, 32, 215, 149, 243, 245, 142, 157, 203, 232, 162, 36, 235, 28, 253, 211, 164, 178, 205, 111, 43, 74, 219, 117, 250, 50, 87, 175, 120, 107, 53, 101, 171, 91, 198, 223, 84, 45, 185, 56, 180, 248, 221, 67, 125, 177, 88, 122, 131, 65, 52, 169, 186, 82, 249, 226, 236, 200, 55]"
Tai256c,1500,46320312,276.86,6.63,10,85,0.5271,0.5401,10,256,42,"[25, 106, 150, 129, 118, 222, 220, 251, 224, 1, 209, 132, 103, 184, 95, 104, 216, 75, 196, 70, 77, 246, 190, 64, 34, 94, 44, 22, 31, 49, 244, 227, 179, 58, 170, 100, 83, 27, 159, 26, 153, 8, 207, 90, 202, 183, 233, 229, 121, 108, 68, 13, 234, 255, 161, 98, 172, 85, 127, 5, 62, 37, 194, 158, 97, 40, 17, 252, 141, 166, 237, 214, 139, 187, 176, 242, 130, 247, 181, 126, 189, 47, 72, 163, 14, 135, 19, 124, 92, 51, 148, 54, 230, 238, 7, 38, 197, 23, 78, 79, 167, 33, 208, 114, 2, 156, 109, 119, 146, 143, 20, 41, 213, 147, 21, 66, 110, 140, 206, 6, 201, 128, 11, 168, 61, 71, 15, 204, 188, 24, 3, 134, 199, 113, 145, 80, 133, 241, 96, 0, 165, 16, 102, 9, 59, 86, 46, 105, 217, 144, 93, 254, 12, 191, 225, 42, 160, 228, 151, 81, 48, 60, 63, 174, 240, 239, 212, 89, 57, 154, 138, 116, 69, 99, 123, 39, 76, 195, 192, 10, 29, 193, 35, 173, 18, 137, 155, 73, 112, 152, 210, 4, 30, 218, 115, 182, 231, 136, 32, 215, 149, 243, 245, 142, 157, 203, 232, 162, 36, 235, 28, 253, 211, 164, 178, 205, 111, 43, 74, 219, 117, 250, 50, 87, 175, 120, 107, 53, 101, 171, 91, 198, 223, 84, 45, 185, 56, 180, 248, 221, 67, 125, 177, 88, 122, 131, 65, 52, 169, 186, 82, 249, 226, 236, 200, 55]"
Tai256c,1600,46264254,294.22,6.65,10,85,0.5271,0.5401,10,256,42,"[97, 229, 150, 129, 244, 37, 62, 216, 224, 1, 209, 75, 251, 184, 94, 118, 83, 132, 141, 70, 72, 159, 190, 103, 64, 104, 44, 172, 196, 60, 14, 227, 179, 58, 170, 49, 106, 22, 135, 158, 153, 8, 207, 90, 202, 222, 17, 77, 121, 100, 246, 13, 234, 255, 139, 98, 220, 85, 127, 5, 27, 181, 194, 26, 25, 34, 242, 252, 183, 189, 237, 214, 161, 187, 176, 233, 130, 247, 40, 126, 166, 47, 148, 163, 95, 68, 19, 124, 92, 51, 31, 54, 35, 67, 173, 114, 136, 23, 175, 28, 167, 46, 212, 186, 120, 197, 109, 71, 210, 16, 200, 41, 198, 73, 29, 66, 102, 140, 206, 6, 10, 86, 11, 156, 145, 185, 15, 168, 188, 217, 177, 112, 74, 113, 53, 241, 160, 12, 193, 4, 9, 230, 87, 165, 48, 174, 238, 96, 122, 107, 24, 133, 154, 191, 116, 123, 204, 228, 169, 81, 178, 119, 0, 91, 240, 3, 223, 69, 115, 199, 117, 182, 63, 99, 42, 138, 20, 7, 192, 144, 249, 137, 149, 18, 235, 201, 155, 205, 254, 211, 50, 89, 128, 131, 57, 21, 231, 152, 226, 215, 43, 93, 245, 80, 105, 203, 79, 52, 151, 213, 108, 253, 243, 164, 134, 111, 162, 218, 78, 239, 61, 59, 76, 110, 39, 208, 147, 32, 125, 171, 101, 146, 219, 84, 45, 142, 56, 180, 248, 55, 33, 2, 30, 88, 195, 36, 65, 143, 225, 250, 82, 157, 236, 38, 232, 221]"
Tai256c,1700,46226732,311.85,6.69,10,85,0.5271,0.5401,10,256,42,"[97, 229, 242, 129, 244, 37, 62, 216, 224, 1, 209, 75, 251, 184, 94, 118, 83, 132, 141, 70, 72, 159, 190, 103, 14, 104, 44, 172, 196, 109, 64, 227, 179, 58, 54, 49, 106, 22, 222, 158, 153, 8, 207, 90, 170, 135, 17, 77, 121, 100, 68, 13, 234, 255, 139, 98, 220, 85, 127, 5, 27, 181, 47, 26, 25, 34, 161, 252, 183, 237, 189, 214, 150, 187, 176, 166, 130, 247, 40, 126, 233, 194, 148, 163, 95, 246, 19, 124, 92, 51, 31, 202, 112, 67, 6, 114, 117, 23, 175, 28, 167, 46, 134, 30, 120, 197, 96, 71, 210, 16, 200, 41, 20, 73, 63, 66, 61, 140, 206, 88, 10, 74, 142, 81, 145, 185, 15, 168, 188, 217, 93, 35, 86, 122, 245, 241, 160, 21, 193, 191, 48, 230, 87, 165, 254, 119, 238, 60, 113, 107, 24, 36, 154, 156, 155, 218, 204, 137, 169, 4, 178, 33, 0, 91, 240, 3, 223, 105, 131, 199, 136, 213, 29, 99, 42, 123, 198, 7, 147, 12, 39, 228, 149, 18, 235, 201, 116, 205, 9, 211, 50, 89, 128, 115, 57, 144, 231, 152, 226, 215, 43, 177, 53, 80, 69, 203, 79, 146, 151, 182, 108, 253, 243, 164, 212, 111, 162, 138, 78, 239, 102, 59, 76, 110, 249, 208, 236, 32, 125, 171, 11, 52, 219, 84, 45, 101, 56, 180, 248, 55, 174, 2, 186, 173, 195, 133, 65, 143, 225, 250, 82, 157, 192, 38, 232, 221]"
Tai256c,1800,46226732,329.67,6.69,10,85,0.5271,0.5401,10,256,42,"[97, 229, 242, 129, 244, 37, 62, 216, 224, 1, 209, 75, 251, 184, 94, 118, 83, 132, 141, 70, 72, 159, 190, 103, 14, 104, 44, 172, 196, 109, 64, 227, 179, 58, 54, 49, 106, 22, 222, 158, 153, 8, 207, 90, 170, 135, 17, 77, 121, 100, 68, 13, 234, 255, 139, 98, 220, 85, 127, 5, 27, 181, 47, 26, 25, 34, 161, 252, 183, 237, 189, 214, 150, 187, 176, 166, 130, 247, 40, 126, 233, 194, 148, 163, 95, 246, 19, 124, 92, 51, 31, 202, 112, 67, 6, 114, 117, 23, 175, 28, 167, 46, 134, 30, 120, 197, 96, 71, 210, 16, 200, 41, 20, 73, 63, 66, 61, 140, 206, 88, 10, 74, 142, 81, 145, 185, 15, 168, 188, 217, 93, 35, 86, 122, 245, 241, 160, 21, 193, 191, 48, 230, 87, 165, 254, 119, 238, 60, 113, 107, 24, 36, 154, 156, 155, 218, 204, 137, 169, 4, 178, 33, 0, 91, 240, 3, 223, 105, 131, 199, 136, 213, 29, 99, 42, 123, 198, 7, 147, 12, 39, 228, 149, 18, 235, 201, 116, 205, 9, 211, 50, 89, 128, 115, 57, 144, 231, 152, 226, 215, 43, 177, 53, 80, 69, 203, 79, 146, 151, 182, 108, 253, 243, 164, 212, 111, 162, 138, 78, 239, 102, 59, 76, 110, 249, 208, 236, 32, 125, 171, 11, 52, 219, 84, 45, 101, 56, 180, 248, 55, 174, 2, 186, 173, 195, 133, 65, 143, 225, 250, 82, 157, 192, 38, 232, 221]"
Tai256c,1900,46226732,347.14,6.69,10,85,0.5271,0.5401,10,256,42,"[97, 229, 242, 129, 244, 37, 62, 216, 224, 1, 209, 75, 251, 184, 94, 118, 83, 132, 141, 70, 72, 159, 190, 103, 14, 104, 44, 172, 196, 109, 64, 227, 179, 58, 54, 49, 106, 22, 222, 158, 153, 8, 207, 90, 170, 135, 17, 77, 121, 100, 68, 13, 234, 255, 139, 98, 220, 85, 127, 5, 27, 181, 47, 26, 25, 34, 161, 252, 183, 237, 189, 214, 150, 187, 176, 166, 130, 247, 40, 126, 233, 194, 148, 163, 95, 246, 19, 124, 92, 51, 31, 202, 112, 67, 6, 114, 117, 23, 175, 28, 167, 46, 134, 30, 120, 197, 96, 71, 210, 16, 200, 41, 20, 73, 63, 66, 61, 140, 206, 88, 10, 74, 142, 81, 145, 185, 15, 168, 188, 217, 93, 35, 86, 122, 245, 241, 160, 21, 193, 191, 48, 230, 87, 165, 254, 119, 238, 60, 113, 107, 24, 36, 154, 156, 155, 218, 204, 137, 169, 4, 178, 33, 0, 91, 240, 3, 223, 105, 131, 199, 136, 213, 29, 99, 42, 123, 198, 7, 147, 12, 39, 228, 149, 18, 235, 201, 116, 205, 9, 211, 50, 89, 128, 115, 57, 144, 231, 152, 226, 215, 43, 177, 53, 80, 69, 203, 79, 146, 151, 182, 108, 253, 243, 164, 212, 111, 162, 138, 78, 239, 102, 59, 76, 110, 249, 208, 236, 32, 125, 171, 11, 52, 219, 84, 45, 101, 56, 180, 248, 55, 174, 2, 186, 173, 195, 133, 65, 143, 225, 250, 82, 157, 192, 38, 232, 221]"
Tai256c,2000,46206734,364.15,6.69,10,85,0.5271,0.5401,10,256,42,"[139, 229, 242, 129, 244, 70, 62, 214, 85, 1, 209, 150, 251, 184, 40, 118, 27, 237, 141, 37, 163, 234, 190, 83, 14, 49, 17, 172, 196, 109, 25, 227, 13, 58, 51, 104, 26, 22, 222, 106, 153, 8, 207, 64, 170, 135, 44, 77, 189, 92, 68, 179, 181, 72, 224, 98, 231, 216, 127, 5, 103, 159, 47, 158, 100, 34, 161, 252, 183, 132, 121, 19, 97, 187, 176, 166, 130, 247, 94, 126, 233, 194, 148, 255, 95, 220, 75, 124, 90, 54, 31, 202, 112, 156, 78, 114, 221, 140, 175, 28, 167, 39, 160, 2, 32, 33, 152, 12, 211, 16, 195, 41, 9, 81, 180, 66, 61, 203, 123, 218, 178, 74, 48, 149, 110, 205, 210, 38, 144, 225, 36, 35, 4, 122, 245, 232, 105, 93, 125, 243, 42, 80, 52, 151, 173, 119, 238, 241, 0, 230, 24, 213, 117, 29, 60, 250, 204, 137, 169, 174, 96, 134, 91, 86, 240, 185, 249, 6, 87, 199, 55, 10, 239, 201, 76, 206, 162, 171, 142, 3, 191, 168, 73, 18, 235, 155, 99, 67, 20, 7, 69, 23, 128, 226, 57, 188, 246, 145, 115, 215, 50, 177, 53, 146, 193, 197, 43, 113, 165, 182, 147, 253, 192, 164, 212, 111, 223, 138, 120, 21, 102, 116, 107, 46, 133, 208, 236, 79, 143, 63, 11, 108, 254, 84, 45, 101, 56, 15, 248, 200, 154, 30, 186, 131, 88, 89, 65, 219, 217, 59, 82, 157, 71, 228, 198, 136]"
Tai256c,2100,46206734,380.52,6.69,10,85,0.5271,0.5401,10,256,42,"[139, 229, 242, 129, 244, 70, 62, 214, 85, 1, 209, 150, 251, 184, 40, 118, 27, 237, 141, 37, 163, 234, 190, 83, 14, 49, 17, 172, 196, 109, 25, 227, 13, 58, 51, 104, 26, 22, 222, 106, 153, 8, 207, 64, 170, 135, 44, 77, 189, 92, 68, 179, 181, 72, 224, 98, 231, 216, 127, 5, 103, 159, 47, 158, 100, 34, 161, 252, 183, 132, 121, 19, 97, 187, 176, 166, 130, 247, 94, 126, 233, 194, 148, 255, 95, 220, 75, 124, 90, 54, 31, 202, 112, 156, 78, 114, 221, 140, 175, 28, 167, 39, 160, 2, 32, 33, 152, 12, 211, 16, 195, 41, 9, 81, 180, 66, 61, 203, 123, 218, 178, 74, 48, 149, 110, 205, 210, 38, 144, 225, 36, 35, 4, 122, 245, 232, 105, 93, 125, 243, 42, 80, 52, 151, 173, 119, 238, 241, 0, 230, 24, 213, 117, 29, 60, 250, 204, 137, 169, 174, 96, 134, 91, 86, 240, 185, 249, 6, 87, 199, 55, 10, 239, 201, 76, 206, 162, 171, 142, 3, 191, 168, 73, 18, 235, 155, 99, 67, 20, 7, 69, 23, 128, 226, 57, 188, 246, 145, 115, 215, 50, 177, 53, 146, 193, 197, 43, 113, 165, 182, 147, 253, 192, 164, 212, 111, 223, 138, 120, 21, 102, 116, 107, 46, 133, 208, 236, 79, 143, 63, 11, 108, 254, 84, 45, 101, 56, 15, 248, 200, 154, 30, 186, 131, 88, 89, 65, 219, 217, 59, 82, 157, 71, 228, 198, 136]"
Tai256c,2200,46206734,397.26,5.75,10,85,0.5271,0.5401,10,256,42,"[139, 229, 242, 129, 244, 70, 62, 214, 85, 1, 209, 150, 251, 184, 40, 118, 27, 237, 141, 37, 163, 234, 190, 83, 14, 49, 17, 172, 196, 109, 25, 227, 13, 58, 51, 104, 26, 22, 222, 106, 153, 8, 207, 64, 170, 135, 44, 77, 189, 92, 68, 179, 181, 72, 224, 98, 231, 216, 127, 5, 103, 159, 47, 158, 100, 34, 161, 252, 183, 132, 121, 19, 97, 187, 176, 166, 130, 247, 94, 126, 233, 194, 148, 255, 95, 220, 75, 124, 90, 54, 31, 202, 112, 156, 78, 114, 221, 140, 175, 28, 167, 39, 160, 2, 32, 33, 152, 12, 211, 16, 195, 41, 9, 81, 180, 66, 61, 203, 123, 218, 178, 74, 48, 149, 110, 205, 210, 38, 144, 225, 36, 35, 4, 122, 245, 232, 105, 93, 125, 243, 42, 80, 52, 151, 173, 119, 238, 241, 0, 230, 24, 213, 117, 29, 60, 250, 204, 137, 169, 174, 96, 134, 91, 86, 240, 185, 249, 6, 87, 199, 55, 10, 239, 201, 76, 206, 162, 171, 142, 3, 191, 168, 73, 18, 235, 155, 99, 67, 20, 7, 69, 23, 128, 226, 57, 188, 246, 145, 115, 215, 50, 177, 53, 146, 193, 197, 43, 113, 165, 182, 147, 253, 192, 164, 212, 111, 223, 138, 120, 21, 102, 116, 107, 46, 133, 208, 236, 79, 143, 63, 11, 108, 254, 84, 45, 101, 56, 15, 248, 200, 154, 30, 186, 131, 88, 89, 65, 219, 217, 59, 82, 157, 71, 228, 198, 136]"
Tai256c,2300,46206734,413.74,5.62,10,85,0.5271,0.5401,10,256,42,"[139, 229, 242, 129, 244, 70, 62, 214, 85, 1, 209, 150, 251, 184, 40, 118, 27, 237, 141, 37, 163, 234, 190, 83, 14, 49, 17, 172, 196, 109, 25, 227, 13, 58, 51, 104, 26, 22, 222, 106, 153, 8, 207, 64, 170, 135, 44, 77, 189, 92, 68, 179, 181, 72, 224, 98, 231, 216, 127, 5, 103, 159, 47, 158, 100, 34, 161, 252, 183, 132, 121, 19, 97, 187, 176, 166, 130, 247, 94, 126, 233, 194, 148, 255, 95, 220, 75, 124, 90, 54, 31, 202, 112, 156, 78, 114, 221, 140, 175, 28, 167, 39, 160, 2, 32, 33, 152, 12, 211, 16, 195, 41, 9, 81, 180, 66, 61, 203, 123, 218, 178, 74, 48, 149, 110, 205, 210, 38, 144, 225, 36, 35, 4, 122, 245, 232, 105, 93, 125, 243, 42, 80, 52, 151, 173, 119, 238, 241, 0, 230, 24, 213, 117, 29, 60, 250, 204, 137, 169, 174, 96, 134, 91, 86, 240, 185, 249, 6, 87, 199, 55, 10, 239, 201, 76, 206, 162, 171, 142, 3, 191, 168, 73, 18, 235, 155, 99, 67, 20, 7, 69, 23, 128, 226, 57, 188, 246, 145, 115, 215, 50, 177, 53, 146, 193, 197, 43, 113, 165, 182, 147, 253, 192, 164, 212, 111, 223, 138, 120, 21, 102, 116, 107, 46, 133, 208, 236, 79, 143, 63, 11, 108, 254, 84, 45, 101, 56, 15, 248, 200, 154, 30, 186, 131, 88, 89, 65, 219, 217, 59, 82, 157, 71, 228, 198, 136]"
Tai256c,2400,46185540,431.69,6.92,10,85,0.5271,0.5401,10,256,42,"[22, 237, 252, 129, 158, 70, 190, 90, 106, 5, 227, 255, 251, 68, 34, 85, 13, 135, 44, 1, 92, 234, 58, 233, 247, 214, 77, 26, 196, 109, 187, 222, 40, 64, 51, 118, 172, 8, 19, 121, 153, 209, 207, 183, 97, 170, 17, 141, 224, 104, 184, 124, 181, 130, 229, 231, 161, 216, 127, 100, 103, 72, 47, 244, 37, 27, 98, 242, 62, 132, 139, 163, 189, 31, 176, 166, 39, 14, 49, 126, 83, 194, 148, 202, 95, 220, 25, 179, 159, 54, 75, 150, 136, 245, 78, 243, 200, 21, 175, 18, 177, 110, 9, 69, 186, 0, 84, 143, 206, 137, 38, 41, 88, 81, 211, 36, 125, 115, 111, 218, 20, 134, 146, 198, 250, 248, 201, 59, 12, 48, 178, 193, 57, 235, 112, 236, 105, 65, 241, 164, 35, 119, 191, 133, 188, 46, 226, 203, 122, 16, 173, 6, 89, 82, 91, 212, 168, 165, 225, 99, 7, 67, 60, 86, 32, 52, 154, 142, 87, 199, 23, 238, 102, 117, 76, 210, 145, 3, 138, 131, 205, 73, 79, 28, 114, 96, 195, 169, 80, 155, 33, 128, 228, 113, 152, 192, 246, 147, 4, 215, 185, 29, 108, 2, 171, 239, 93, 10, 63, 249, 219, 197, 223, 53, 156, 123, 217, 74, 160, 174, 182, 180, 240, 24, 149, 208, 120, 254, 213, 107, 11, 230, 101, 42, 71, 43, 56, 15, 151, 30, 55, 221, 140, 162, 50, 157, 204, 45, 144, 116, 66, 232, 253, 94, 61, 167]"
Tai256c,2500,46185540,451.15,5.46,10,85,0.5271,0.5401,10,256,42,"[22, 237, 252, 129, 158, 70, 190, 90, 106, 5, 227, 255, 251, 68, 34, 85, 13, 135, 44, 1, 92, 234, 58, 233, 247, 214, 77, 26, 196, 109, 187, 222, 40, 64, 51, 118, 172, 8, 19, 121, 153, 209, 207, 183, 97, 170, 17, 141, 224, 104, 184, 124, 181, 130, 229, 231, 161, 216, 127, 100, 103, 72, 47, 244, 37, 27, 98, 242, 62, 132, 139, 163, 189, 31, 176, 166, 39, 14, 49, 126, 83, 194, 148, 202, 95, 220, 25, 179, 159, 54, 75, 150, 136, 245, 78, 243, 200, 21, 175, 18, 177, 110, 9, 69, 186, 0, 84, 143, 206, 137, 38, 41, 88, 81, 211, 36, 125, 115, 111, 218, 20, 134, 146, 198, 250, 248, 201, 59, 12, 48, 178, 193, 57, 235, 112, 236, 105, 65, 241, 164, 35, 119, 191, 133, 188, 46, 226, 203, 122, 16, 173, 6, 89, 82, 91, 212, 168, 165, 225, 99, 7, 67, 60, 86, 32, 52, 154, 142, 87, 199, 23, 238, 102, 117, 76, 210, 145, 3, 138, 131, 205, 73, 79, 28, 114, 96, 195, 169, 80, 155, 33, 128, 228, 113, 152, 192, 246, 147, 4, 215, 185, 29, 108, 2, 171, 239, 93, 10, 63, 249, 219, 197, 223, 53, 156, 123, 217, 74, 160, 174, 182, 180, 240, 24, 149, 208, 120, 254, 213, 107, 11, 230, 101, 42, 71, 43, 56, 15, 151, 30, 55, 221, 140, 162, 50, 157, 204, 45, 144, 116, 66, 232, 253, 94, 61, 167]"
Tai256c,2600,46143568,473.07,4.32,10,85,0.5271,0.5401,10,256,42,"[22, 237, 184, 224, 190, 70, 158, 47, 106, 5, 227, 255, 251, 68, 34, 1, 13, 135, 172, 85, 92, 27, 58, 121, 247, 214, 77, 26, 196, 109, 187, 222, 40, 64, 51, 118, 44, 25, 19, 220, 153, 98, 216, 183, 96, 170, 17, 141, 54, 95, 252, 124, 181, 130, 229, 127, 161, 31, 39, 100, 234, 176, 8, 244, 37, 103, 209, 242, 62, 132, 139, 163, 189, 207, 72, 166, 231, 14, 49, 126, 83, 194, 148, 202, 104, 159, 90, 179, 233, 129, 75, 150, 128, 245, 78, 174, 102, 21, 175, 195, 177, 138, 9, 69, 155, 0, 84, 143, 206, 212, 38, 144, 35, 87, 88, 122, 151, 4, 111, 173, 20, 134, 146, 116, 162, 43, 73, 59, 12, 48, 131, 193, 57, 167, 112, 236, 36, 65, 67, 107, 171, 149, 219, 119, 186, 137, 16, 80, 243, 226, 218, 232, 89, 60, 91, 46, 81, 165, 188, 99, 61, 241, 32, 238, 114, 142, 157, 52, 168, 199, 23, 204, 30, 117, 169, 210, 105, 3, 110, 178, 205, 249, 113, 200, 211, 97, 18, 74, 203, 6, 33, 115, 228, 53, 152, 235, 246, 147, 136, 215, 185, 29, 108, 2, 79, 239, 93, 164, 63, 253, 28, 197, 223, 145, 156, 123, 217, 250, 191, 86, 182, 180, 240, 71, 133, 208, 120, 254, 213, 10, 11, 230, 101, 42, 24, 82, 56, 15, 125, 160, 55, 221, 140, 248, 50, 201, 154, 45, 41, 198, 66, 225, 76, 94, 7, 192]"
Tai256c,2700,46143568,489.87,4.29,10,85,0.5271,0.5401,10,256,42,"[22, 237, 184, 224, 190, 70, 158, 47, 106, 5, 227, 255, 251, 68, 34, 1, 13, 135, 172, 85, 92, 27, 58, 121, 247, 214, 77, 26, 196, 109, 187, 222, 40, 64, 51, 118, 44, 25, 19, 220, 153, 98, 216, 183, 96, 170, 17, 141, 54, 95, 252, 124, 181, 130, 229, 127, 161, 31, 39, 100, 234, 176, 8, 244, 37, 103, 209, 242, 62, 132, 139, 163, 189, 207, 72, 166, 231, 14, 49, 126, 83, 194, 148, 202, 104, 159, 90, 179, 233, 129, 75, 150, 128, 245, 78, 174, 102, 21, 175, 195, 177, 138, 9, 69, 155, 0, 84, 143, 206, 212, 38, 144, 35, 87, 88, 122, 151, 4, 111, 173, 20, 134, 146, 116, 162, 43, 73, 59, 12, 48, 131, 193, 57, 167, 112, 236, 36, 65, 67, 107, 171, 149, 219, 119, 186, 137, 16, 80, 243, 226, 218, 232, 89, 60, 91, 46, 81, 165, 188, 99, 61, 241, 32, 238, 114, 142, 157, 52, 168, 199, 23, 204, 30, 117, 169, 210, 105, 3, 110, 178, 205, 249, 113, 200, 211, 97, 18, 74, 203, 6, 33, 115, 228, 53, 152, 235, 246, 147, 136, 215, 185, 29, 108, 2, 79, 239, 93, 164, 63, 253, 28, 197, 223, 145, 156, 123, 217, 250, 191, 86, 182, 180, 240, 71, 133, 208, 120, 254, 213, 10, 11, 230, 101, 42, 24, 82, 56, 15, 125, 160, 55, 221, 140, 248, 50, 201, 154, 45, 41, 198, 66, 225, 76, 94, 7, 192]"
Tai256c,2800,46143568,506.06,6.61,10,85,0.5271,0.5401,10,256,42,"[22, 237, 184, 224, 190, 70, 158, 47, 106, 5, 227, 255, 251, 68, 34, 1, 13, 135, 172, 85, 92, 27, 58, 121, 247, 214, 77, 26, 196, 109, 187, 222, 40, 64, 51, 118, 44, 25, 19, 220, 153, 98, 216, 183, 96, 170, 17, 141, 54, 95, 252, 124, 181, 130, 229, 127, 161, 31, 39, 100, 234, 176, 8, 244, 37, 103, 209, 242, 62, 132, 139, 163, 189, 207, 72, 166, 231, 14, 49, 126, 83, 194, 148, 202, 104, 159, 90, 179, 233, 129, 75, 150, 128, 245, 78, 174, 102, 21, 175, 195, 177, 138, 9, 69, 155, 0, 84, 143, 206, 212, 38, 144, 35, 87, 88, 122, 151, 4, 111, 173, 20, 134, 146, 116, 162, 43, 73, 59, 12, 48, 131, 193, 57, 167, 112, 236, 36, 65, 67, 107, 171, 149, 219, 119, 186, 137, 16, 80, 243, 226, 218, 232, 89, 60, 91, 46, 81, 165, 188, 99, 61, 241, 32, 238, 114, 142, 157, 52, 168, 199, 23, 204, 30, 117, 169, 210, 105, 3, 110, 178, 205, 249, 113, 200, 211, 97, 18, 74, 203, 6, 33, 115, 228, 53, 152, 235, 246, 147, 136, 215, 185, 29, 108, 2, 79, 239, 93, 164, 63, 253, 28, 197, 223, 145, 156, 123, 217, 250, 191, 86, 182, 180, 240, 71, 133, 208, 120, 254, 213, 10, 11, 230, 101, 42, 24, 82, 56, 15, 125, 160, 55, 221, 140, 248, 50, 201, 154, 45, 41, 198, 66, 225, 76, 94, 7, 192]"
Tai256c,2900,46120966,522.72,6.62,10,85,0.5271,0.5401,10,256,42,"[22, 237, 184, 224, 190, 37, 158, 47, 106, 13, 227, 255, 75, 68, 176, 81, 214, 135, 14, 85, 92, 54, 96, 121, 247, 27, 77, 251, 170, 17, 166, 126, 40, 109, 51, 242, 49, 90, 19, 220, 153, 26, 216, 58, 209, 172, 159, 141, 118, 25, 252, 124, 181, 130, 189, 127, 70, 31, 39, 100, 234, 129, 8, 244, 161, 103, 44, 5, 62, 132, 139, 98, 229, 196, 72, 187, 231, 207, 183, 64, 83, 194, 148, 202, 104, 34, 95, 179, 233, 222, 163, 150, 210, 245, 119, 12, 84, 21, 151, 79, 219, 138, 101, 175, 155, 0, 171, 69, 35, 102, 223, 144, 24, 73, 76, 213, 93, 122, 111, 173, 20, 52, 9, 218, 162, 208, 7, 59, 42, 113, 41, 193, 57, 167, 168, 236, 160, 65, 215, 60, 67, 28, 61, 128, 91, 36, 88, 86, 115, 78, 33, 94, 149, 243, 186, 131, 140, 165, 53, 134, 74, 145, 82, 142, 38, 182, 32, 43, 241, 177, 89, 250, 30, 120, 169, 116, 105, 204, 2, 232, 205, 246, 16, 112, 211, 97, 56, 11, 108, 6, 137, 107, 15, 178, 55, 3, 46, 147, 136, 23, 63, 199, 80, 146, 254, 99, 71, 164, 29, 253, 228, 185, 45, 154, 192, 123, 212, 152, 191, 188, 157, 180, 114, 249, 133, 200, 238, 226, 87, 10, 197, 230, 174, 4, 117, 1, 18, 206, 156, 110, 125, 221, 217, 195, 50, 201, 48, 240, 143, 198, 66, 225, 239, 203, 235, 248]"
Tai256c,3000,46057268,539.67,6.62,10,85,0.5271,0.5401,10,256,42,"[13, 216, 184, 83, 190, 37, 158, 47, 106, 22, 227, 255, 75, 68, 176, 81, 214, 135, 14, 44, 148, 54, 96, 121, 247, 163, 77, 251, 170, 181, 25, 126, 40, 109, 51, 39, 49, 90, 85, 124, 153, 26, 130, 27, 64, 172, 179, 141, 118, 234, 252, 220, 17, 237, 196, 0, 229, 31, 242, 100, 166, 129, 8, 244, 161, 103, 34, 5, 62, 132, 150, 98, 70, 189, 209, 95, 231, 207, 183, 72, 224, 194, 92, 202, 104, 159, 19, 187, 233, 222, 58, 139, 250, 59, 119, 12, 35, 38, 235, 79, 240, 246, 101, 175, 180, 50, 128, 69, 87, 249, 223, 144, 7, 73, 76, 213, 254, 20, 111, 152, 9, 52, 89, 174, 173, 208, 211, 245, 248, 149, 41, 43, 21, 167, 241, 165, 160, 217, 102, 18, 67, 200, 4, 203, 91, 191, 61, 238, 115, 78, 33, 94, 113, 243, 1, 131, 140, 205, 53, 182, 74, 145, 169, 228, 206, 55, 30, 193, 80, 177, 122, 142, 32, 120, 134, 116, 60, 232, 218, 2, 15, 138, 16, 82, 114, 123, 6, 11, 108, 65, 137, 107, 236, 178, 112, 56, 239, 147, 136, 23, 63, 162, 168, 146, 164, 71, 99, 93, 29, 253, 210, 185, 199, 156, 192, 97, 212, 45, 36, 186, 157, 155, 28, 215, 133, 88, 110, 226, 84, 10, 197, 230, 46, 24, 117, 188, 143, 171, 86, 57, 125, 221, 3, 195, 127, 201, 66, 219, 105, 198, 48, 225, 204, 154, 151, 42]"
Tai256c,3100,46057268,556.95,6.23,10,85,0.5271,0.5401,10,256,42,"[13, 216, 184, 83, 190, 37, 158, 47, 106, 22, 227, 255, 75, 68, 176, 81, 214, 135, 14, 44, 148, 54, 96, 121, 247, 163, 77, 251, 170, 181, 25, 126, 40, 109, 51, 39, 49, 90, 85, 124, 153, 26, 130, 27, 64, 172, 179, 141, 118, 234, 252, 220, 17, 237, 196, 0, 229, 31, 242, 100, 166, 129, 8, 244, 161, 103, 34, 5, 62, 132, 150, 98, 70, 189, 209, 95, 231, 207, 183, 72, 224, 194, 92, 202, 104, 159, 19, 187, 233, 222, 58, 139, 250, 59, 119, 12, 35, 38, 235, 79, 240, 246, 101, 175, 180, 50, 128, 69, 87, 249, 223, 144, 7, 73, 76, 213, 254, 20, 111, 152, 9, 52, 89, 174, 173, 208, 211, 245, 248, 149, 41, 43, 21, 167, 241, 165, 160, 217, 102, 18, 67, 200, 4, 203, 91, 191, 61, 238, 115, 78, 33, 94, 113, 243, 1, 131, 140, 205, 53, 182, 74, 145, 169, 228, 206, 55, 30, 193, 80, 177, 122, 142, 32, 120, 134, 116, 60, 232, 218, 2, 15, 138, 16, 82, 114, 123, 6, 11, 108, 65, 137, 107, 236, 178, 112, 56, 239, 147, 136, 23, 63, 162, 168, 146, 164, 71, 99, 93, 29, 253, 210, 185, 199, 156, 192, 97, 212, 45, 36, 186, 157, 155, 28, 215, 133, 88, 110, 226, 84, 10, 197, 230, 46, 24, 117, 188, 143, 171, 86, 57, 125, 221, 3, 195, 127, 201, 66, 219, 105, 198, 48, 225, 204, 154, 151, 42]"
Tai256c,3200,46057268,574.44,6.51,10,85,0.5271,0.5401,10,256,42,"[13, 216, 184, 83, 190, 37, 158, 47, 106, 22, 227, 255, 75, 68, 176, 81, 214, 135, 14, 44, 148, 54, 96, 121, 247, 163, 77, 251, 170, 181, 25, 126, 40, 109, 51, 39, 49, 90, 85, 124, 153, 26, 130, 27, 64, 172, 179, 141, 118, 234, 252, 220, 17, 237, 196, 0, 229, 31, 242, 100, 166, 129, 8, 244, 161, 103, 34, 5, 62, 132, 150, 98, 70, 189, 209, 95, 231, 207, 183, 72, 224, 194, 92, 202, 104, 159, 19, 187, 233, 222, 58, 139, 250, 59, 119, 12, 35, 38, 235, 79, 240, 246, 101, 175, 180, 50, 128, 69, 87, 249, 223, 144, 7, 73, 76, 213, 254, 20, 111, 152, 9, 52, 89, 174, 173, 208, 211, 245, 248, 149, 41, 43, 21, 167, 241, 165, 160, 217, 102, 18, 67, 200, 4, 203, 91, 191, 61, 238, 115, 78, 33, 94, 113, 243, 1, 131, 140, 205, 53, 182, 74, 145, 169, 228, 206, 55, 30, 193, 80, 177, 122, 142, 32, 120, 134, 116, 60, 232, 218, 2, 15, 138, 16, 82, 114, 123, 6, 11, 108, 65, 137, 107, 236, 178, 112, 56, 239, 147, 136, 23, 63, 162, 168, 146, 164, 71, 99, 93, 29, 253, 210, 185, 199, 156, 192, 97, 212, 45, 36, 186, 157, 155, 28, 215, 133, 88, 110, 226, 84, 10, 197, 230, 46, 24, 117, 188, 143, 171, 86, 57, 125, 221, 3, 195, 127, 201, 66, 219, 105, 198, 48, 225, 204, 154, 151, 42]"
Tai256c,3300,46057268,592.53,6.52,10,85,0.5271,0.5401,10,256,42,"[13, 216, 184, 83, 190, 37, 158, 47, 106, 22, 227, 255, 75, 68, 176, 81, 214, 135, 14, 44, 148, 54, 96, 121, 247, 163, 77, 251, 170, 181, 25, 126, 40, 109, 51, 39, 49, 90, 85, 124, 153, 26, 130, 27, 64, 172, 179, 141, 118, 234, 252, 220, 17, 237, 196, 0, 229, 31, 242, 100, 166, 129, 8, 244, 161, 103, 34, 5, 62, 132, 150, 98, 70, 189, 209, 95, 231, 207, 183, 72, 224, 194, 92, 202, 104, 159, 19, 187, 233, 222, 58, 139, 250, 59, 119, 12, 35, 38, 235, 79, 240, 246, 101, 175, 180, 50, 128, 69, 87, 249, 223, 144, 7, 73, 76, 213, 254, 20, 111, 152, 9, 52, 89, 174, 173, 208, 211, 245, 248, 149, 41, 43, 21, 167, 241, 165, 160, 217, 102, 18, 67, 200, 4, 203, 91, 191, 61, 238, 115, 78, 33, 94, 113, 243, 1, 131, 140, 205, 53, 182, 74, 145, 169, 228, 206, 55, 30, 193, 80, 177, 122, 142, 32, 120, 134, 116, 60, 232, 218, 2, 15, 138, 16, 82, 114, 123, 6, 11, 108, 65, 137, 107, 236, 178, 112, 56, 239, 147, 136, 23, 63, 162, 168, 146, 164, 71, 99, 93, 29, 253, 210, 185, 199, 156, 192, 97, 212, 45, 36, 186, 157, 155, 28, 215, 133, 88, 110, 226, 84, 10, 197, 230, 46, 24, 117, 188, 143, 171, 86, 57, 125, 221, 3, 195, 127, 201, 66, 219, 105, 198, 48, 225, 204, 154, 151, 42]"
