Sko100b,100,176658,5.08,21.56,6,70,0.5966,0.5187,10,100,42,"[93, 37, 2, 61, 65, 46, 41, 34, 51, 99, 0, 36, 83, 66, 87, 11, 9, 49, 78, 40, 77, 18, 64, 63, 31, 70, 84, 97, 91, 29, 80, 6, 23, 56, 95, 44, 7, 35, 90, 57, 17, 3, 92, 38, 73, 82, 58, 19, 72, 26, 54, 10, 76, 4, 32, 22, 96, 12, 16, 98, 47, 88, 8, 59, 21, 48, 71, 68, 24, 67, 69, 86, 55, 28, 79, 1, 39, 45, 89, 30, 43, 62, 25, 60, 85, 52, 14, 81, 74, 5, 33, 15, 20, 42, 94, 27, 50, 53, 75, 13]"
Sko100b,200,175436,8.14,21.6,6,70,0.5966,0.5187,10,100,42,"[93, 37, 18, 74, 65, 55, 62, 2, 51, 81, 0, 61, 15, 27, 3, 11, 9, 42, 78, 16, 44, 80, 7, 85, 99, 68, 84, 72, 50, 25, 6, 19, 49, 56, 95, 10, 32, 35, 90, 86, 88, 26, 97, 38, 73, 82, 57, 36, 77, 60, 23, 29, 64, 39, 43, 63, 96, 52, 31, 8, 34, 46, 98, 59, 21, 48, 89, 20, 22, 67, 69, 47, 5, 28, 91, 75, 92, 45, 71, 53, 66, 41, 87, 76, 17, 83, 12, 40, 24, 79, 33, 30, 14, 13, 94, 58, 1, 4, 54, 70]"
Sko100b,300,175436,10.94,21.6,6,70,0.5966,0.5187,10,100,42,"[93, 37, 18, 74, 65, 55, 62, 2, 51, 81, 0, 61, 15, 27, 3, 11, 9, 42, 78, 16, 44, 80, 7, 85, 99, 68, 84, 72, 50, 25, 6, 19, 49, 56, 95, 10, 32, 35, 90, 86, 88, 26, 97, 38, 73, 82, 57, 36, 77, 60, 23, 29, 64, 39, 43, 63, 96, 52, 31, 8, 34, 46, 98, 59, 21, 48, 89, 20, 22, 67, 69, 47, 5, 28, 91, 75, 92, 45, 71, 53, 66, 41, 87, 76, 17, 83, 12, 40, 24, 79, 33, 30, 14, 13, 94, 58, 1, 4, 54, 70]"
Sko100b,400,175306,13.88,21.6,6,70,0.5966,0.5187,10,100,42,"[58, 51, 10, 48, 62, 89, 25, 59, 50, 24, 83, 12, 64, 41, 68, 5, 3, 23, 45, 0, 74, 31, 52, 36, 20, 71, 18, 22, 8, 70, 90, 34, 87, 92, 47, 26, 85, 30, 66, 80, 37, 60, 1, 43, 67, 4, 93, 56, 72, 88, 84, 91, 32, 2, 40, 75, 13, 82, 35, 39, 57, 46, 33, 65, 73, 42, 61, 96, 78, 98, 27, 97, 55, 28, 29, 11, 16, 38, 53, 44, 79, 49, 17, 86, 14, 19, 77, 63, 9, 69, 99, 15, 95, 6, 94, 76, 7, 21, 81, 54]"
Sko100b,500,174976,16.73,21.6,6,70,0.5966,0.5187,10,100,42,"[58, 28, 73, 32, 62, 97, 25, 59, 50, 24, 74, 12, 96, 41, 68, 5, 84, 23, 86, 0, 83, 31, 52, 36, 20, 71, 18, 56, 8, 2, 27, 34, 87, 92, 47, 4, 85, 45, 43, 80, 53, 60, 30, 66, 67, 26, 93, 22, 72, 88, 3, 76, 48, 9, 40, 75, 13, 82, 35, 39, 57, 79, 29, 65, 10, 42, 61, 55, 78, 98, 95, 81, 90, 1, 37, 33, 16, 38, 11, 44, 46, 49, 69, 51, 14, 19, 77, 63, 70, 17, 99, 15, 64, 6, 94, 91, 7, 21, 89, 54]"
Sko100b,600,174976,19.71,21.6,6,70,0.5966,0.5187,10,100,42,"[58, 28, 73, 32, 62, 97, 25, 59, 50, 24, 74, 12, 96, 41, 68, 5, 84, 23, 86, 0, 83, 31, 52, 36, 20, 71, 18, 56, 8, 2, 27, 34, 87, 92, 47, 4, 85, 45, 43, 80, 53, 60, 30, 66, 67, 26, 93, 22, 72, 88, 3, 76, 48, 9, 40, 75, 13, 82, 35, 39, 57, 79, 29, 65, 10, 42, 61, 55, 78, 98, 95, 81, 90, 1, 37, 33, 16, 38, 11, 44, 46, 49, 69, 51, 14, 19, 77, 63, 70, 17, 99, 15, 64, 6, 94, 91, 7, 21, 89, 54]"
Sko100b,700,174976,22.56,21.61,6,70,0.5966,0.5187,10,100,42,"[58, 28, 73, 32, 62, 97, 25, 59, 50, 24, 74, 12, 96, 41, 68, 5, 84, 23, 86, 0, 83, 31, 52, 36, 20, 71, 18, 56, 8, 2, 27, 34, 87, 92, 47, 4, 85, 45, 43, 80, 53, 60, 30, 66, 67, 26, 93, 22, 72, 88, 3, 76, 48, 9, 40, 75, 13, 82, 35, 39, 57, 79, 29, 65, 10, 42, 61, 55, 78, 98, 95, 81, 90, 1, 37, 33, 16, 38, 11, 44, 46, 49, 69, 51, 14, 19, 77, 63, 70, 17, 99, 15, 64, 6, 94, 91, 7, 21, 89, 54]"
Sko100b,800,174976,25.52,21.61,6,70,0.5966,0.5187,10,100,42,"[58, 28, 73, 32, 62, 97, 25, 59, 50, 24, 74, 12, 96, 41, 68, 5, 84, 23, 86, 0, 83, 31, 52, 36, 20, 71, 18, 56, 8, 2, 27, 34, 87, 92, 47, 4, 85, 45, 43, 80, 53, 60, 30, 66, 67, 26, 93, 22, 72, 88, 3, 76, 48, 9, 40, 75, 13, 82, 35, 39, 57, 79, 29, 65, 10, 42, 61, 55, 78, 98, 95, 81, 90, 1, 37, 33, 16, 38, 11, 44, 46, 49, 69, 51, 14, 19, 77, 63, 70, 17, 99, 15, 64, 6, 94, 91, 7, 21, 89, 54]"
Sko100b,900,174976,28.5,21.61,6,70,0.5966,0.5187,10,100,42,"[58, 28, 73, 32, 62, 97, 25, 59, 50, 24, 74, 12, 96, 41, 68, 5, 84, 23, 86, 0, 83, 31, 52, 36, 20, 71, 18, 56, 8, 2, 27, 34, 87, 92, 47, 4, 85, 45, 43, 80, 53, 60, 30, 66, 67, 26, 93, 22, 72, 88, 3, 76, 48, 9, 40, 75, 13, 82, 35, 39, 57, 79, 29, 65, 10, 42, 61, 55, 78, 98, 95, 81, 90, 1, 37, 33, 16, 38, 11, 44, 46, 49, 69, 51, 14, 19, 77, 63, 70, 17, 99, 15, 64, 6, 94, 91, 7, 21, 89, 54]"
Sko100b,1000,174976,31.33,21.61,6,70,0.5966,0.5187,10,100,42,"[58, 28, 73, 32, 62, 97, 25, 59, 50, 24, 74, 12, 96, 41, 68, 5, 84, 23, 86, 0, 83, 31, 52, 36, 20, 71, 18, 56, 8, 2, 27, 34, 87, 92, 47, 4, 85, 45, 43, 80, 53, 60, 30, 66, 67, 26, 93, 22, 72, 88, 3, 76, 48, 9, 40, 75, 13, 82, 35, 39, 57, 79, 29, 65, 10, 42, 61, 55, 78, 98, 95, 81, 90, 1, 37, 33, 16, 38, 11, 44, 46, 49, 69, 51, 14, 19, 77, 63, 70, 17, 99, 15, 64, 6, 94, 91, 7, 21, 89, 54]"
Sko100b,1100,174976,34.0,21.61,6,70,0.5966,0.5187,10,100,42,"[58, 28, 73, 32, 62, 97, 25, 59, 50, 24, 74, 12, 96, 41, 68, 5, 84, 23, 86, 0, 83, 31, 52, 36, 20, 71, 18, 56, 8, 2, 27, 34, 87, 92, 47, 4, 85, 45, 43, 80, 53, 60, 30, 66, 67, 26, 93, 22, 72, 88, 3, 76, 48, 9, 40, 75, 13, 82, 35, 39, 57, 79, 29, 65, 10, 42, 61, 55, 78, 98, 95, 81, 90, 1, 37, 33, 16, 38, 11, 44, 46, 49, 69, 51, 14, 19, 77, 63, 70, 17, 99, 15, 64, 6, 94, 91, 7, 21, 89, 54]"
Sko100b,1200,173228,36.58,21.61,6,70,0.5966,0.5187,10,100,42,"[58, 68, 5, 10, 89, 15, 95, 31, 49, 91, 63, 72, 13, 11, 43, 74, 80, 71, 64, 69, 60, 75, 50, 51, 29, 57, 88, 24, 44, 23, 33, 17, 62, 82, 90, 76, 55, 66, 86, 93, 54, 40, 42, 99, 18, 25, 4, 39, 48, 45, 94, 14, 8, 1, 52, 73, 67, 79, 97, 47, 26, 87, 35, 28, 65, 2, 16, 7, 37, 34, 53, 38, 32, 61, 96, 0, 12, 70, 22, 78, 20, 3, 98, 21, 6, 84, 77, 92, 27, 56, 59, 30, 46, 19, 85, 9, 41, 81, 36, 83]"
Sko100b,1300,173228,39.26,21.61,6,70,0.5966,0.5187,10,100,42,"[58, 68, 5, 10, 89, 15, 95, 31, 49, 91, 63, 72, 13, 11, 43, 74, 80, 71, 64, 69, 60, 75, 50, 51, 29, 57, 88, 24, 44, 23, 33, 17, 62, 82, 90, 76, 55, 66, 86, 93, 54, 40, 42, 99, 18, 25, 4, 39, 48, 45, 94, 14, 8, 1, 52, 73, 67, 79, 97, 47, 26, 87, 35, 28, 65, 2, 16, 7, 37, 34, 53, 38, 32, 61, 96, 0, 12, 70, 22, 78, 20, 3, 98, 21, 6, 84, 77, 92, 27, 56, 59, 30, 46, 19, 85, 9, 41, 81, 36, 83]"
Sko100b,1400,171358,41.91,21.61,6,70,0.5966,0.5187,10,100,42,"[42, 76, 65, 20, 17, 5, 77, 59, 68, 60, 95, 81, 72, 10, 50, 71, 97, 35, 99, 58, 55, 39, 4, 51, 82, 14, 88, 41, 8, 23, 3, 27, 46, 93, 57, 66, 16, 92, 49, 26, 94, 7, 61, 52, 29, 28, 56, 38, 48, 90, 19, 74, 86, 1, 54, 6, 45, 12, 64, 91, 18, 32, 40, 67, 25, 2, 73, 9, 0, 34, 87, 11, 13, 89, 85, 22, 79, 70, 69, 47, 43, 24, 33, 37, 78, 84, 30, 96, 31, 83, 62, 15, 63, 44, 75, 98, 80, 21, 36, 53]"
Sko100b,1500,171104,44.22,21.61,6,70,0.5966,0.5187,10,100,42,"[42, 76, 65, 20, 17, 5, 77, 59, 68, 60, 95, 81, 72, 10, 50, 71, 97, 35, 99, 58, 55, 39, 4, 51, 82, 14, 88, 41, 8, 23, 3, 27, 46, 93, 57, 66, 16, 92, 49, 26, 94, 7, 61, 52, 29, 28, 56, 38, 48, 90, 19, 74, 86, 1, 54, 6, 45, 12, 64, 91, 18, 32, 40, 67, 25, 2, 73, 9, 0, 34, 87, 11, 13, 89, 85, 96, 79, 70, 69, 47, 43, 24, 33, 37, 78, 84, 30, 22, 31, 83, 62, 15, 63, 44, 75, 98, 80, 21, 36, 53]"
Sko100b,1600,171104,46.63,21.61,6,70,0.5966,0.5187,10,100,42,"[42, 76, 65, 20, 17, 5, 77, 59, 68, 60, 95, 81, 72, 10, 50, 71, 97, 35, 99, 58, 55, 39, 4, 51, 82, 14, 88, 41, 8, 23, 3, 27, 46, 93, 57, 66, 16, 92, 49, 26, 94, 7, 61, 52, 29, 28, 56, 38, 48, 90, 19, 74, 86, 1, 54, 6, 45, 12, 64, 91, 18, 32, 40, 67, 25, 2, 73, 9, 0, 34, 87, 11, 13, 89, 85, 96, 79, 70, 69, 47, 43, 24, 33, 37, 78, 84, 30, 22, 31, 83, 62, 15, 63, 44, 75, 98, 80, 21, 36, 53]"
Sko100b,1700,171104,49.33,21.61,6,70,0.5966,0.5187,10,100,42,"[42, 76, 65, 20, 17, 5, 77, 59, 68, 60, 95, 81, 72, 10, 50, 71, 97, 35, 99, 58, 55, 39, 4, 51, 82, 14, 88, 41, 8, 23, 3, 27, 46, 93, 57, 66, 16, 92, 49, 26, 94, 7, 61, 52, 29, 28, 56, 38, 48, 90, 19, 74, 86, 1, 54, 6, 45, 12, 64, 91, 18, 32, 40, 67, 25, 2, 73, 9, 0, 34, 87, 11, 13, 89, 85, 96, 79, 70, 69, 47, 43, 24, 33, 37, 78, 84, 30, 22, 31, 83, 62, 15, 63, 44, 75, 98, 80, 21, 36, 53]"
Sko100b,1800,170930,52.14,21.61,6,70,0.5966,0.5187,10,100,42,"[22, 31, 32, 17, 42, 57, 7, 81, 76, 69, 33, 16, 62, 75, 1, 97, 14, 9, 51, 50, 59, 8, 87, 40, 84, 37, 83, 95, 4, 98, 63, 92, 12, 35, 11, 93, 71, 49, 72, 36, 58, 99, 65, 38, 19, 23, 47, 27, 34, 5, 77, 2, 25, 67, 10, 52, 45, 28, 88, 15, 21, 79, 54, 6, 3, 82, 73, 41, 24, 55, 0, 61, 18, 44, 96, 64, 30, 85, 66, 26, 20, 68, 13, 74, 39, 70, 89, 29, 56, 90, 46, 91, 48, 43, 94, 86, 80, 60, 78, 53]"
Sko100b,1900,169462,54.93,21.61,6,70,0.5966,0.5187,10,100,42,"[22, 31, 65, 17, 66, 39, 98, 70, 76, 69, 33, 93, 62, 1, 75, 99, 14, 9, 51, 50, 59, 8, 87, 40, 84, 37, 83, 95, 82, 7, 63, 92, 12, 35, 11, 16, 71, 49, 72, 36, 58, 73, 32, 43, 19, 81, 47, 27, 34, 5, 77, 2, 44, 67, 10, 52, 45, 57, 88, 15, 21, 79, 54, 6, 3, 4, 97, 41, 24, 55, 0, 61, 18, 25, 96, 64, 23, 85, 42, 26, 20, 68, 13, 74, 28, 30, 89, 29, 56, 90, 46, 48, 91, 38, 94, 86, 80, 60, 78, 53]"
Sko100b,2000,169462,57.82,21.61,6,70,0.5966,0.5187,10,100,42,"[22, 31, 65, 17, 66, 39, 98, 70, 76, 69, 33, 93, 62, 1, 75, 99, 14, 9, 51, 50, 59, 8, 87, 40, 84, 37, 83, 95, 82, 7, 63, 92, 12, 35, 11, 16, 71, 49, 72, 36, 58, 73, 32, 43, 19, 81, 47, 27, 34, 5, 77, 2, 44, 67, 10, 52, 45, 57, 88, 15, 21, 79, 54, 6, 3, 4, 97, 41, 24, 55, 0, 61, 18, 25, 96, 64, 23, 85, 42, 26, 20, 68, 13, 74, 28, 30, 89, 29, 56, 90, 46, 48, 91, 38, 94, 86, 80, 60, 78, 53]"
Sko100b,2100,168394,60.64,21.61,6,70,0.5966,0.5187,10,100,42,"[22, 82, 40, 11, 12, 39, 56, 9, 76, 71, 33, 79, 62, 69, 75, 46, 51, 14, 55, 50, 43, 8, 74, 61, 96, 37, 27, 17, 83, 84, 65, 92, 29, 35, 95, 99, 1, 38, 49, 36, 19, 7, 47, 48, 2, 4, 57, 31, 23, 5, 77, 54, 44, 67, 45, 81, 94, 34, 88, 15, 21, 98, 73, 85, 59, 72, 41, 80, 24, 68, 0, 87, 60, 25, 6, 64, 70, 58, 89, 66, 20, 32, 16, 13, 42, 30, 26, 97, 90, 28, 63, 93, 86, 52, 3, 91, 18, 10, 53, 78]"
Sko100b,2200,168102,63.41,21.57,6,70,0.5966,0.5187,10,100,42,"[22, 75, 40, 7, 97, 82, 56, 9, 76, 71, 33, 79, 62, 69, 44, 46, 51, 14, 55, 50, 43, 8, 74, 61, 96, 99, 27, 49, 83, 17, 65, 92, 29, 35, 42, 30, 1, 38, 95, 36, 19, 11, 47, 48, 94, 4, 24, 31, 57, 5, 77, 54, 39, 67, 2, 12, 45, 34, 81, 15, 21, 98, 85, 73, 59, 3, 41, 66, 23, 88, 0, 87, 52, 25, 6, 64, 70, 58, 89, 68, 20, 32, 16, 13, 37, 60, 26, 80, 90, 28, 63, 93, 84, 86, 72, 91, 18, 10, 53, 78]"
Sko100b,2300,167366,66.37,21.57,6,70,0.5966,0.5187,10,100,42,"[22, 42, 40, 79, 43, 82, 88, 55, 76, 10, 62, 7, 33, 69, 44, 46, 51, 14, 97, 50, 35, 77, 74, 61, 18, 99, 27, 49, 83, 17, 65, 71, 29, 98, 39, 30, 1, 38, 95, 36, 19, 11, 92, 48, 94, 4, 56, 31, 57, 5, 8, 54, 75, 67, 2, 12, 45, 34, 81, 15, 21, 37, 89, 73, 59, 3, 41, 66, 23, 24, 0, 87, 52, 25, 6, 64, 70, 58, 85, 53, 20, 32, 16, 84, 9, 60, 26, 80, 28, 90, 63, 93, 13, 86, 96, 91, 72, 47, 68, 78]"
Sko100b,2400,166934,69.25,21.57,6,70,0.5966,0.5187,10,100,42,"[22, 42, 44, 79, 43, 82, 14, 76, 55, 10, 62, 7, 33, 69, 40, 94, 51, 88, 97, 50, 35, 77, 74, 46, 56, 99, 49, 27, 83, 17, 65, 71, 29, 98, 18, 30, 1, 96, 95, 5, 19, 11, 92, 48, 61, 4, 39, 31, 57, 36, 8, 54, 75, 67, 6, 12, 45, 34, 28, 15, 21, 37, 89, 80, 59, 3, 41, 66, 23, 24, 0, 87, 52, 25, 2, 64, 70, 58, 85, 38, 20, 13, 16, 84, 9, 60, 26, 73, 81, 90, 63, 93, 32, 86, 53, 91, 72, 47, 68, 78]"
Sko100b,2500,166000,72.16,21.57,6,70,0.5966,0.5187,10,100,42,"[22, 42, 44, 79, 19, 82, 14, 76, 97, 10, 98, 62, 13, 69, 40, 94, 51, 88, 55, 50, 35, 59, 74, 9, 89, 99, 39, 27, 83, 17, 65, 71, 92, 75, 18, 30, 1, 96, 29, 5, 43, 11, 95, 48, 61, 4, 49, 31, 57, 36, 8, 7, 70, 25, 6, 2, 45, 3, 28, 68, 21, 54, 37, 80, 77, 34, 41, 66, 23, 24, 0, 38, 84, 67, 12, 64, 56, 58, 85, 87, 20, 60, 16, 52, 46, 33, 26, 73, 81, 90, 63, 93, 32, 86, 53, 91, 72, 47, 15, 78]"
Sko100b,2600,165506,75.15,21.57,6,70,0.5966,0.5187,10,100,42,"[22, 42, 44, 79, 69, 82, 14, 76, 97, 10, 98, 62, 13, 19, 55, 35, 51, 66, 40, 50, 56, 11, 74, 30, 89, 99, 39, 27, 17, 83, 75, 71, 92, 9, 18, 43, 1, 96, 29, 28, 65, 59, 37, 48, 61, 4, 49, 31, 57, 36, 8, 7, 70, 25, 6, 84, 45, 3, 5, 68, 60, 54, 95, 80, 77, 72, 41, 88, 23, 24, 0, 38, 32, 67, 12, 64, 94, 58, 85, 87, 20, 21, 16, 52, 46, 33, 26, 73, 81, 90, 63, 93, 2, 86, 53, 91, 34, 47, 15, 78]"
Sko100b,2700,165204,77.97,21.57,6,70,0.5966,0.5187,10,100,42,"[22, 42, 44, 79, 29, 82, 14, 76, 9, 83, 98, 74, 13, 19, 55, 35, 51, 84, 40, 50, 56, 85, 62, 30, 89, 99, 60, 27, 17, 10, 75, 71, 92, 97, 18, 43, 1, 96, 31, 28, 65, 59, 37, 48, 72, 4, 49, 95, 57, 36, 8, 7, 70, 25, 6, 66, 45, 3, 5, 68, 69, 54, 39, 80, 12, 61, 41, 88, 23, 24, 0, 38, 32, 67, 77, 33, 94, 58, 11, 87, 20, 21, 16, 52, 46, 64, 26, 73, 81, 90, 63, 93, 2, 86, 53, 91, 34, 47, 15, 78]"
Sko100b,2800,164408,80.83,21.57,6,70,0.5966,0.5187,10,100,42,"[22, 42, 44, 79, 29, 82, 14, 76, 49, 83, 98, 74, 13, 92, 55, 35, 51, 84, 40, 50, 56, 60, 7, 30, 48, 99, 85, 27, 17, 10, 75, 71, 19, 97, 18, 45, 1, 96, 31, 28, 65, 39, 43, 89, 25, 4, 38, 95, 57, 24, 8, 62, 70, 59, 6, 66, 46, 3, 5, 68, 69, 54, 72, 80, 32, 61, 41, 88, 23, 36, 0, 37, 11, 67, 77, 64, 94, 58, 15, 87, 20, 21, 16, 52, 9, 33, 26, 73, 81, 90, 63, 93, 2, 86, 53, 91, 34, 47, 12, 78]"
Sko100b,2900,164320,83.78,21.57,6,70,0.5966,0.5187,10,100,42,"[22, 42, 39, 79, 29, 82, 14, 76, 49, 83, 77, 54, 13, 51, 55, 35, 92, 84, 40, 24, 56, 60, 7, 89, 66, 99, 85, 27, 28, 10, 75, 71, 19, 97, 18, 45, 1, 96, 31, 17, 65, 44, 43, 30, 25, 4, 38, 95, 57, 50, 8, 62, 70, 59, 6, 48, 46, 3, 5, 68, 69, 16, 72, 80, 32, 61, 41, 88, 23, 9, 74, 37, 11, 67, 98, 64, 94, 58, 15, 87, 20, 21, 0, 52, 86, 33, 26, 73, 81, 34, 63, 93, 2, 36, 53, 91, 90, 47, 12, 78]"
Sko100b,3000,164192,86.68,21.58,6,70,0.5966,0.5187,10,100,42,"[22, 42, 39, 79, 29, 82, 14, 76, 60, 83, 77, 69, 55, 19, 13, 35, 84, 38, 49, 24, 56, 40, 7, 97, 66, 99, 85, 27, 28, 10, 43, 71, 51, 89, 18, 92, 1, 96, 17, 31, 65, 44, 75, 25, 30, 4, 45, 95, 57, 50, 8, 62, 70, 59, 6, 48, 46, 3, 5, 68, 54, 16, 72, 80, 32, 61, 41, 88, 23, 15, 74, 37, 11, 67, 98, 64, 94, 58, 9, 87, 20, 21, 0, 52, 86, 33, 26, 73, 81, 34, 63, 93, 2, 36, 53, 91, 90, 47, 12, 78]"
Sko100b,3100,163926,89.62,21.58,6,70,0.5966,0.5187,10,100,42,"[22, 42, 84, 79, 29, 82, 14, 76, 60, 83, 77, 69, 55, 19, 13, 35, 92, 97, 49, 24, 56, 40, 7, 38, 66, 99, 85, 27, 28, 10, 43, 71, 51, 89, 18, 39, 1, 96, 17, 31, 65, 44, 75, 25, 30, 4, 45, 95, 57, 50, 8, 16, 70, 59, 6, 48, 46, 3, 5, 68, 54, 62, 72, 80, 32, 61, 41, 88, 23, 15, 74, 37, 11, 67, 98, 64, 94, 58, 9, 81, 20, 21, 0, 52, 86, 36, 26, 73, 87, 34, 63, 93, 2, 33, 53, 91, 90, 47, 12, 78]"
Sko100b,3200,163632,92.52,21.58,6,70,0.5966,0.5187,10,100,42,"[22, 42, 84, 79, 29, 82, 14, 76, 60, 83, 77, 69, 55, 19, 13, 35, 92, 97, 49, 24, 56, 40, 7, 38, 99, 66, 85, 27, 28, 10, 43, 71, 51, 89, 18, 39, 1, 96, 17, 31, 65, 44, 75, 25, 6, 4, 45, 95, 57, 50, 8, 16, 70, 59, 30, 48, 46, 3, 5, 68, 54, 62, 72, 80, 32, 61, 41, 88, 23, 15, 74, 37, 11, 67, 98, 86, 94, 58, 64, 81, 20, 21, 63, 52, 26, 36, 9, 73, 87, 34, 0, 93, 2, 33, 53, 91, 90, 47, 12, 78]"
Sko100b,3300,162702,96.33,21.58,6,70,0.5966,0.5187,10,100,42,"[22, 42, 84, 79, 29, 82, 14, 76, 60, 83, 77, 69, 55, 19, 13, 35, 92, 97, 49, 24, 56, 40, 30, 9, 99, 66, 85, 27, 28, 10, 43, 71, 51, 89, 18, 39, 1, 96, 17, 31, 65, 44, 75, 25, 6, 4, 45, 95, 57, 50, 8, 16, 70, 59, 7, 94, 47, 3, 5, 68, 54, 62, 72, 80, 32, 61, 41, 88, 12, 15, 37, 74, 11, 67, 98, 86, 48, 58, 64, 81, 20, 21, 63, 52, 38, 46, 26, 73, 87, 34, 0, 93, 2, 33, 53, 91, 90, 36, 23, 78]"
Sko100b,3400,162312,99.98,21.58,6,70,0.5966,0.5187,10,100,42,"[22, 13, 84, 79, 29, 82, 14, 76, 60, 83, 77, 69, 55, 19, 42, 35, 92, 97, 49, 24, 56, 75, 30, 85, 99, 66, 9, 27, 28, 10, 40, 71, 51, 89, 18, 39, 1, 96, 17, 31, 65, 44, 43, 25, 6, 4, 45, 47, 57, 50, 8, 16, 70, 59, 7, 94, 95, 3, 5, 68, 54, 62, 72, 80, 32, 61, 41, 88, 86, 15, 37, 74, 11, 98, 67, 12, 48, 87, 64, 81, 20, 21, 63, 52, 38, 46, 26, 73, 58, 34, 0, 93, 2, 33, 53, 91, 90, 36, 23, 78]"
Sko100b,3500,162284,103.08,21.58,6,70,0.5966,0.5187,10,100,42,"[22, 13, 84, 79, 29, 82, 14, 76, 60, 83, 77, 69, 55, 19, 42, 35, 92, 97, 49, 24, 56, 75, 30, 85, 99, 66, 9, 27, 28, 10, 40, 71, 51, 89, 18, 39, 1, 96, 17, 31, 65, 44, 43, 25, 6, 4, 45, 47, 57, 50, 8, 16, 70, 59, 7, 94, 95, 3, 5, 68, 0, 62, 74, 80, 32, 61, 41, 88, 86, 15, 37, 72, 11, 98, 67, 12, 48, 87, 64, 81, 20, 21, 63, 52, 38, 46, 26, 73, 58, 34, 54, 93, 2, 33, 53, 91, 90, 36, 23, 78]"
Sko100b,3600,162066,106.1,21.58,6,70,0.5966,0.5187,10,100,42,"[22, 13, 84, 79, 29, 82, 14, 76, 60, 83, 77, 69, 55, 19, 42, 35, 92, 97, 10, 24, 56, 75, 30, 85, 99, 66, 9, 27, 28, 49, 40, 71, 51, 89, 18, 39, 1, 96, 17, 31, 65, 44, 43, 25, 6, 4, 45, 47, 87, 50, 8, 16, 70, 0, 7, 94, 95, 3, 5, 68, 59, 62, 74, 67, 32, 61, 41, 88, 86, 15, 37, 72, 11, 98, 80, 12, 48, 57, 64, 81, 21, 20, 63, 52, 38, 53, 26, 73, 58, 34, 54, 93, 2, 33, 46, 91, 90, 36, 23, 78]"
Sko100b,3700,161818,109.66,21.67,6,70,0.5966,0.5187,10,100,42,"[22, 69, 84, 79, 29, 82, 14, 76, 60, 83, 77, 13, 55, 19, 42, 35, 92, 97, 10, 24, 56, 75, 30, 85, 99, 66, 9, 27, 28, 49, 40, 71, 51, 89, 18, 39, 1, 96, 17, 31, 65, 44, 43, 25, 6, 4, 45, 47, 87, 50, 8, 16, 70, 0, 7, 94, 95, 3, 5, 68, 59, 62, 74, 67, 32, 80, 41, 88, 86, 15, 37, 72, 11, 98, 61, 12, 48, 57, 64, 81, 20, 21, 63, 52, 38, 53, 26, 73, 58, 34, 54, 93, 2, 33, 46, 91, 90, 36, 23, 78]"
Sko100b,3800,161338,112.75,21.72,6,70,0.5966,0.5187,10,100,42,"[22, 69, 84, 79, 29, 71, 14, 76, 60, 83, 77, 13, 55, 82, 30, 35, 92, 97, 10, 24, 56, 75, 42, 85, 19, 6, 9, 27, 28, 49, 40, 99, 51, 89, 18, 39, 1, 96, 17, 31, 65, 44, 43, 25, 66, 4, 45, 47, 87, 50, 8, 16, 70, 0, 7, 94, 32, 3, 5, 68, 59, 62, 74, 67, 80, 95, 41, 88, 86, 15, 37, 72, 11, 98, 61, 12, 48, 57, 64, 81, 20, 21, 38, 52, 63, 53, 26, 73, 58, 34, 54, 93, 2, 33, 46, 91, 90, 36, 23, 78]"
Sko100b,3900,161052,115.75,21.72,6,70,0.5966,0.5187,10,100,42,"[22, 69, 42, 79, 29, 71, 14, 76, 60, 83, 77, 13, 55, 84, 30, 35, 92, 97, 10, 24, 56, 44, 82, 85, 19, 6, 9, 27, 28, 87, 40, 99, 51, 89, 18, 39, 1, 96, 17, 31, 65, 75, 43, 25, 66, 4, 45, 47, 49, 50, 8, 16, 70, 0, 7, 94, 32, 3, 5, 68, 59, 62, 74, 67, 80, 95, 41, 88, 86, 15, 37, 72, 11, 98, 61, 12, 48, 57, 64, 81, 20, 21, 38, 52, 63, 53, 26, 73, 58, 34, 54, 93, 2, 33, 46, 91, 90, 36, 23, 78]"
Sko100b,4000,160890,118.77,21.72,6,70,0.5966,0.5187,10,100,42,"[22, 69, 42, 79, 29, 71, 14, 76, 60, 83, 56, 13, 55, 84, 30, 35, 92, 97, 10, 24, 77, 44, 82, 4, 19, 6, 9, 27, 28, 87, 40, 75, 51, 89, 18, 39, 1, 96, 17, 31, 65, 99, 43, 25, 66, 85, 45, 47, 49, 50, 8, 16, 70, 0, 7, 94, 32, 3, 5, 68, 59, 62, 74, 67, 80, 48, 41, 88, 86, 15, 37, 72, 11, 98, 61, 12, 95, 57, 64, 81, 20, 21, 38, 52, 63, 53, 26, 73, 58, 34, 54, 93, 2, 33, 46, 91, 90, 36, 23, 78]"
Sko100b,4100,160702,121.64,21.72,6,70,0.5966,0.5187,10,100,42,"[22, 69, 42, 79, 29, 71, 14, 76, 60, 83, 56, 13, 55, 84, 30, 35, 92, 97, 10, 24, 77, 44, 82, 4, 19, 6, 9, 27, 28, 87, 40, 75, 51, 89, 18, 39, 1, 96, 17, 31, 65, 99, 43, 25, 66, 85, 45, 47, 49, 50, 8, 16, 70, 67, 7, 94, 32, 3, 5, 68, 59, 20, 74, 0, 80, 48, 41, 88, 86, 15, 62, 72, 11, 98, 61, 12, 95, 57, 64, 81, 37, 21, 38, 52, 63, 53, 26, 73, 58, 34, 54, 93, 2, 33, 46, 91, 90, 36, 23, 78]"
Sko100b,4200,160630,124.62,21.72,6,70,0.5966,0.5187,10,100,42,"[22, 69, 42, 79, 29, 71, 14, 76, 60, 24, 56, 13, 55, 84, 30, 35, 92, 97, 10, 83, 77, 44, 82, 4, 19, 6, 9, 27, 28, 87, 40, 75, 51, 89, 18, 39, 1, 96, 17, 31, 65, 99, 43, 25, 66, 85, 45, 47, 49, 50, 8, 16, 70, 67, 7, 94, 32, 3, 5, 68, 59, 20, 74, 0, 80, 48, 41, 88, 86, 15, 21, 72, 98, 11, 61, 12, 95, 57, 64, 81, 37, 62, 38, 52, 63, 53, 26, 73, 58, 34, 54, 93, 91, 33, 46, 2, 90, 36, 23, 78]"
Sko100b,4300,160564,127.65,21.72,6,70,0.5966,0.5187,10,100,42,"[22, 69, 42, 79, 29, 14, 71, 76, 60, 31, 56, 13, 55, 84, 30, 35, 92, 97, 10, 83, 77, 44, 82, 4, 19, 6, 9, 27, 28, 87, 40, 75, 51, 89, 18, 39, 1, 96, 17, 24, 65, 99, 43, 25, 66, 85, 45, 47, 49, 50, 8, 16, 70, 67, 7, 94, 32, 3, 5, 68, 59, 20, 74, 0, 80, 48, 41, 88, 86, 15, 21, 72, 98, 11, 61, 12, 95, 57, 64, 81, 37, 62, 38, 52, 63, 53, 26, 73, 58, 34, 54, 93, 91, 33, 46, 2, 90, 36, 23, 78]"
Sko100b,4400,160564,130.57,21.72,6,70,0.5966,0.5187,10,100,42,"[22, 69, 42, 79, 29, 14, 71, 76, 60, 31, 56, 13, 55, 84, 30, 35, 92, 97, 10, 83, 77, 44, 82, 4, 19, 6, 9, 27, 28, 87, 40, 75, 51, 89, 18, 39, 1, 96, 17, 24, 65, 99, 43, 25, 66, 85, 45, 47, 49, 50, 8, 16, 70, 67, 7, 94, 32, 3, 5, 68, 59, 20, 74, 0, 80, 48, 41, 88, 86, 15, 21, 72, 98, 11, 61, 12, 95, 57, 64, 81, 37, 62, 38, 52, 63, 53, 26, 73, 58, 34, 54, 93, 91, 33, 46, 2, 90, 36, 23, 78]"
Sko100b,4500,160514,133.37,21.72,6,70,0.5966,0.5187,10,100,42,"[22, 69, 42, 60, 29, 14, 71, 76, 79, 31, 56, 13, 55, 84, 30, 35, 92, 97, 10, 83, 77, 44, 82, 4, 19, 6, 9, 27, 28, 87, 40, 75, 51, 89, 18, 39, 1, 96, 17, 24, 65, 99, 43, 25, 66, 85, 45, 47, 50, 49, 8, 16, 70, 67, 7, 94, 32, 3, 5, 68, 59, 20, 74, 0, 80, 48, 41, 88, 86, 15, 21, 72, 98, 11, 61, 12, 95, 57, 64, 81, 37, 62, 38, 52, 63, 53, 26, 73, 58, 34, 54, 93, 91, 33, 46, 2, 90, 36, 78, 23]"
Sko100b,4600,160378,136.39,21.73,6,70,0.5966,0.5187,10,100,42,"[22, 69, 42, 60, 29, 14, 71, 76, 79, 31, 56, 13, 55, 84, 30, 35, 92, 97, 10, 83, 77, 44, 82, 4, 19, 66, 1, 27, 28, 87, 40, 75, 51, 89, 18, 39, 9, 96, 49, 24, 65, 99, 43, 25, 6, 85, 45, 47, 50, 17, 8, 16, 70, 67, 7, 94, 32, 3, 5, 68, 59, 20, 74, 0, 80, 48, 41, 88, 86, 15, 21, 72, 98, 11, 61, 26, 95, 57, 64, 81, 62, 37, 38, 52, 63, 53, 12, 73, 58, 34, 54, 93, 91, 33, 46, 2, 90, 36, 78, 23]"
Sko100b,4700,160204,138.84,14.07,6,70,0.5966,0.5187,10,100,42,"[22, 69, 42, 60, 29, 14, 71, 76, 79, 31, 56, 13, 55, 84, 30, 51, 92, 97, 10, 83, 65, 44, 82, 4, 19, 66, 1, 27, 28, 50, 40, 75, 35, 89, 18, 39, 9, 96, 49, 24, 77, 99, 43, 25, 6, 85, 45, 47, 87, 17, 8, 16, 70, 67, 7, 94, 32, 3, 5, 68, 59, 20, 74, 0, 80, 48, 41, 88, 86, 15, 21, 72, 98, 11, 61, 26, 95, 57, 64, 81, 62, 37, 38, 52, 63, 53, 12, 73, 58, 34, 54, 93, 91, 33, 46, 2, 90, 36, 78, 23]"
Sko100b,4800,160056,141.82,14.07,6,70,0.5966,0.5187,10,100,42,"[22, 69, 42, 60, 29, 30, 71, 76, 79, 31, 56, 55, 13, 84, 14, 51, 92, 97, 10, 83, 65, 44, 82, 4, 19, 66, 1, 27, 28, 50, 40, 75, 35, 89, 18, 6, 9, 96, 49, 24, 77, 99, 43, 25, 39, 85, 45, 47, 87, 17, 8, 16, 70, 67, 7, 94, 32, 3, 5, 68, 59, 20, 74, 0, 80, 48, 41, 88, 86, 15, 21, 72, 98, 11, 61, 26, 95, 57, 64, 81, 62, 37, 38, 52, 63, 53, 2, 73, 58, 34, 54, 93, 33, 91, 46, 12, 90, 36, 78, 23]"
Sko100b,4900,160056,144.81,14.07,6,70,0.5966,0.5187,10,100,42,"[22, 69, 42, 60, 29, 30, 71, 76, 79, 31, 56, 55, 13, 84, 14, 51, 92, 97, 10, 83, 65, 44, 82, 4, 19, 66, 1, 27, 28, 50, 40, 75, 35, 89, 18, 6, 9, 96, 49, 24, 77, 99, 43, 25, 39, 85, 45, 47, 87, 17, 8, 16, 70, 67, 7, 94, 32, 3, 5, 68, 59, 20, 74, 0, 80, 48, 41, 88, 86, 15, 21, 72, 98, 11, 61, 26, 95, 57, 64, 81, 62, 37, 38, 52, 63, 53, 2, 73, 58, 34, 54, 93, 33, 91, 46, 12, 90, 36, 78, 23]"
Sko100b,5000,160046,147.45,14.07,6,70,0.5966,0.5187,10,100,42,"[22, 69, 42, 60, 29, 30, 71, 76, 79, 31, 56, 55, 13, 84, 14, 51, 92, 97, 10, 83, 65, 44, 82, 4, 19, 66, 1, 27, 28, 24, 40, 75, 35, 89, 18, 6, 9, 96, 49, 50, 77, 99, 43, 25, 39, 85, 45, 47, 87, 17, 8, 16, 70, 67, 7, 94, 32, 3, 5, 68, 59, 20, 74, 0, 80, 48, 41, 88, 86, 15, 21, 72, 98, 11, 61, 26, 95, 57, 64, 81, 37, 62, 38, 52, 63, 53, 2, 73, 58, 34, 54, 93, 33, 91, 46, 12, 90, 36, 78, 23]"
Sko100b,5100,159950,150.18,14.07,6,70,0.5966,0.5187,10,100,42,"[22, 69, 42, 60, 29, 30, 71, 76, 79, 31, 56, 55, 13, 84, 14, 51, 92, 97, 10, 83, 65, 44, 82, 4, 19, 66, 1, 27, 28, 24, 40, 75, 35, 89, 18, 6, 9, 96, 49, 50, 77, 99, 43, 25, 39, 85, 45, 47, 87, 17, 8, 16, 70, 67, 7, 94, 32, 3, 5, 68, 59, 20, 74, 0, 80, 48, 41, 88, 86, 15, 21, 72, 98, 11, 61, 26, 95, 57, 64, 81, 37, 62, 38, 52, 63, 53, 2, 73, 58, 12, 54, 93, 33, 91, 46, 34, 90, 36, 78, 23]"
Sko100b,5200,159936,153.3,14.07,6,70,0.5966,0.5187,10,100,42,"[22, 69, 42, 60, 29, 30, 71, 76, 79, 31, 56, 55, 13, 84, 14, 51, 92, 97, 10, 83, 65, 44, 82, 4, 19, 66, 1, 27, 28, 24, 40, 75, 35, 89, 18, 6, 9, 96, 49, 50, 77, 99, 43, 25, 39, 85, 45, 47, 87, 17, 8, 16, 70, 67, 7, 94, 32, 3, 5, 68, 59, 20, 74, 0, 80, 48, 41, 88, 86, 15, 21, 72, 98, 11, 61, 26, 95, 57, 64, 81, 37, 62, 38, 52, 63, 53, 73, 2, 58, 12, 54, 93, 33, 91, 46, 34, 90, 36, 78, 23]"
Sko100b,5300,159810,156.33,14.07,6,70,0.5966,0.5187,10,100,42,"[22, 69, 42, 60, 29, 30, 71, 76, 79, 31, 56, 55, 13, 84, 14, 51, 1, 97, 10, 83, 65, 44, 82, 35, 19, 66, 92, 27, 28, 24, 40, 75, 4, 89, 18, 6, 9, 96, 49, 50, 77, 99, 43, 25, 39, 85, 45, 47, 87, 17, 8, 16, 70, 67, 7, 94, 32, 3, 5, 68, 59, 20, 74, 0, 80, 53, 41, 88, 86, 15, 21, 72, 98, 11, 61, 26, 95, 57, 64, 81, 37, 62, 38, 52, 63, 48, 73, 2, 58, 12, 54, 93, 33, 91, 46, 34, 90, 36, 78, 23]"
Sko100b,5400,159810,159.32,14.07,6,70,0.5966,0.5187,10,100,42,"[22, 69, 42, 60, 29, 30, 71, 76, 79, 31, 56, 55, 13, 84, 14, 51, 1, 97, 10, 83, 65, 44, 82, 35, 19, 66, 92, 27, 28, 24, 40, 75, 4, 89, 18, 6, 9, 96, 49, 50, 77, 99, 43, 25, 39, 85, 45, 47, 87, 17, 8, 16, 70, 67, 7, 94, 32, 3, 5, 68, 59, 20, 74, 0, 80, 53, 41, 88, 86, 15, 21, 72, 98, 11, 61, 26, 95, 57, 64, 81, 37, 62, 38, 52, 63, 48, 73, 2, 58, 12, 54, 93, 33, 91, 46, 34, 90, 36, 78, 23]"
Sko100b,5500,159764,162.51,14.07,6,70,0.5966,0.5187,10,100,42,"[22, 69, 42, 60, 29, 30, 71, 76, 79, 31, 56, 55, 13, 84, 14, 51, 1, 97, 10, 83, 65, 44, 82, 35, 19, 66, 92, 27, 28, 24, 40, 75, 4, 89, 18, 6, 9, 96, 49, 50, 77, 99, 43, 25, 39, 85, 47, 45, 87, 17, 8, 16, 70, 67, 7, 94, 32, 3, 5, 68, 59, 20, 74, 0, 80, 53, 41, 88, 86, 15, 21, 72, 98, 11, 61, 26, 95, 57, 64, 81, 37, 62, 38, 52, 63, 48, 73, 2, 58, 12, 54, 93, 33, 91, 46, 34, 90, 36, 78, 23]"
Sko100b,5600,159764,165.47,14.07,6,70,0.5966,0.5187,10,100,42,"[22, 69, 42, 60, 29, 30, 71, 76, 79, 31, 56, 55, 13, 84, 14, 51, 1, 97, 10, 83, 65, 44, 82, 35, 19, 66, 92, 27, 28, 24, 40, 75, 4, 89, 18, 6, 9, 96, 49, 50, 77, 99, 43, 25, 39, 85, 47, 45, 87, 17, 8, 16, 70, 67, 7, 94, 32, 3, 5, 68, 59, 20, 74, 0, 80, 53, 41, 88, 86, 15, 21, 72, 98, 11, 61, 26, 95, 57, 64, 81, 37, 62, 38, 52, 63, 48, 73, 2, 58, 12, 54, 93, 33, 91, 46, 34, 90, 36, 78, 23]"
Sko100b,5700,159660,168.56,14.07,6,70,0.5966,0.5187,10,100,42,"[22, 60, 42, 69, 29, 30, 71, 76, 79, 31, 56, 55, 13, 75, 14, 51, 1, 97, 10, 83, 65, 44, 82, 35, 19, 66, 96, 27, 28, 24, 40, 84, 4, 89, 18, 6, 9, 92, 49, 50, 77, 99, 43, 25, 39, 85, 3, 45, 87, 17, 8, 16, 70, 67, 7, 94, 32, 47, 5, 68, 59, 20, 74, 0, 80, 53, 41, 88, 86, 15, 21, 72, 98, 11, 61, 26, 95, 57, 64, 81, 37, 62, 38, 52, 63, 48, 73, 2, 58, 12, 54, 93, 33, 91, 46, 34, 90, 36, 78, 23]"
Sko100b,5800,159636,171.62,14.08,6,70,0.5966,0.5187,10,100,42,"[22, 60, 42, 69, 29, 30, 71, 76, 79, 31, 56, 55, 13, 75, 14, 51, 1, 97, 10, 83, 65, 44, 82, 35, 19, 66, 96, 27, 28, 24, 40, 84, 4, 89, 18, 6, 9, 92, 49, 50, 77, 99, 43, 25, 39, 85, 3, 45, 87, 17, 8, 16, 70, 67, 7, 94, 32, 47, 5, 68, 59, 20, 74, 0, 80, 53, 41, 88, 86, 15, 21, 72, 98, 11, 61, 26, 95, 57, 64, 81, 37, 62, 38, 52, 63, 48, 73, 2, 12, 58, 54, 93, 33, 91, 46, 34, 90, 36, 78, 23]"
Sko100b,5900,159636,174.75,14.08,6,70,0.5966,0.5187,10,100,42,"[22, 60, 42, 69, 29, 30, 71, 76, 79, 31, 56, 55, 13, 75, 14, 51, 1, 97, 10, 83, 65, 44, 82, 35, 19, 66, 96, 27, 28, 24, 40, 84, 4, 89, 18, 6, 9, 92, 49, 50, 77, 99, 43, 25, 39, 85, 3, 45, 87, 17, 8, 16, 70, 67, 7, 94, 32, 47, 5, 68, 59, 20, 74, 0, 80, 53, 41, 88, 86, 15, 21, 72, 98, 11, 61, 26, 95, 57, 64, 81, 37, 62, 38, 52, 63, 48, 73, 2, 12, 58, 54, 93, 33, 91, 46, 34, 90, 36, 78, 23]"
Sko100b,6000,159592,177.66,14.08,6,70,0.5966,0.5187,10,100,42,"[22, 60, 42, 69, 29, 30, 71, 76, 79, 31, 56, 55, 13, 75, 14, 51, 1, 97, 10, 83, 65, 44, 82, 35, 19, 66, 96, 27, 28, 24, 40, 84, 4, 89, 18, 6, 9, 92, 49, 50, 77, 99, 43, 25, 39, 85, 3, 45, 87, 17, 8, 16, 70, 67, 7, 94, 32, 47, 5, 68, 59, 20, 74, 0, 80, 53, 41, 88, 86, 15, 21, 72, 98, 11, 61, 26, 95, 57, 78, 81, 37, 62, 38, 52, 63, 48, 73, 2, 12, 58, 54, 93, 33, 91, 46, 34, 90, 36, 64, 23]"
Sko100b,6100,159592,180.82,14.08,6,70,0.5966,0.5187,10,100,42,"[22, 60, 42, 69, 29, 30, 71, 76, 79, 31, 56, 55, 13, 75, 14, 51, 1, 97, 10, 83, 65, 44, 82, 35, 19, 66, 96, 27, 28, 24, 40, 84, 4, 89, 18, 6, 9, 92, 49, 50, 77, 99, 43, 25, 39, 85, 3, 45, 87, 17, 8, 16, 70, 67, 7, 94, 32, 47, 5, 68, 59, 20, 74, 0, 80, 53, 41, 88, 86, 15, 21, 72, 98, 11, 61, 26, 95, 57, 78, 81, 37, 62, 38, 52, 63, 48, 73, 2, 12, 58, 54, 93, 33, 91, 46, 34, 90, 36, 64, 23]"
Sko100b,6200,159554,183.97,14.08,6,70,0.5966,0.5187,10,100,42,"[22, 60, 42, 69, 29, 30, 71, 76, 79, 31, 56, 55, 13, 75, 14, 51, 1, 97, 10, 83, 65, 44, 82, 35, 19, 66, 96, 27, 28, 24, 40, 84, 4, 89, 18, 6, 9, 92, 49, 50, 77, 99, 43, 25, 39, 85, 3, 45, 87, 17, 8, 16, 70, 67, 7, 94, 32, 47, 5, 68, 59, 20, 74, 0, 80, 53, 41, 88, 86, 15, 21, 72, 98, 11, 61, 26, 95, 57, 78, 81, 37, 62, 38, 52, 63, 48, 73, 2, 12, 58, 54, 93, 33, 91, 46, 64, 90, 36, 34, 23]"
Sko100b,6300,159412,187.05,14.08,6,70,0.5966,0.5187,10,100,42,"[22, 60, 42, 69, 29, 30, 71, 76, 79, 31, 56, 75, 13, 55, 14, 51, 1, 97, 10, 83, 65, 44, 82, 35, 19, 66, 96, 27, 28, 24, 40, 84, 4, 89, 18, 6, 9, 92, 50, 49, 77, 99, 43, 25, 39, 85, 3, 45, 88, 17, 8, 16, 70, 67, 7, 94, 32, 47, 5, 68, 59, 20, 74, 0, 80, 53, 41, 81, 86, 15, 21, 72, 98, 11, 61, 26, 95, 57, 78, 87, 37, 62, 38, 48, 63, 52, 73, 2, 12, 58, 54, 93, 33, 91, 46, 64, 90, 36, 34, 23]"
Sko100b,6400,159348,189.86,10.09,6,70,0.5966,0.5187,10,100,42,"[22, 60, 42, 69, 29, 30, 71, 76, 79, 31, 56, 75, 40, 55, 14, 51, 1, 97, 10, 83, 43, 44, 82, 35, 19, 66, 96, 27, 28, 24, 13, 84, 4, 89, 18, 6, 9, 92, 50, 49, 77, 99, 65, 25, 39, 85, 3, 45, 88, 17, 8, 16, 70, 67, 7, 94, 32, 47, 5, 68, 59, 20, 74, 0, 80, 53, 41, 81, 86, 15, 21, 72, 98, 11, 61, 26, 95, 57, 78, 87, 37, 62, 38, 48, 63, 52, 73, 2, 12, 58, 54, 93, 33, 91, 46, 64, 90, 36, 34, 23]"
Sko100b,6500,159322,193.1,10.09,6,70,0.5966,0.5187,10,100,42,"[22, 60, 42, 69, 29, 30, 71, 76, 79, 31, 56, 75, 40, 55, 14, 51, 1, 97, 10, 83, 43, 44, 82, 35, 19, 66, 96, 27, 28, 24, 13, 84, 4, 89, 18, 6, 9, 92, 50, 17, 77, 99, 65, 25, 39, 85, 3, 45, 88, 49, 8, 16, 70, 67, 7, 94, 32, 47, 5, 68, 59, 20, 74, 98, 80, 53, 41, 81, 86, 15, 21, 72, 0, 11, 61, 26, 95, 57, 78, 87, 37, 62, 38, 48, 63, 52, 73, 2, 12, 58, 54, 93, 33, 91, 46, 64, 90, 36, 34, 23]"
Sko100b,6600,159286,196.22,10.08,6,70,0.5966,0.5187,10,100,42,"[22, 60, 42, 69, 29, 30, 71, 76, 79, 31, 56, 75, 40, 55, 14, 51, 1, 97, 10, 83, 43, 44, 82, 35, 39, 66, 96, 27, 28, 24, 13, 84, 4, 89, 18, 6, 9, 92, 50, 17, 77, 99, 65, 25, 19, 85, 3, 45, 88, 49, 8, 16, 70, 67, 7, 94, 32, 47, 5, 68, 59, 20, 74, 98, 80, 53, 41, 81, 86, 15, 21, 72, 0, 11, 61, 26, 95, 57, 78, 87, 37, 62, 38, 48, 63, 52, 73, 2, 12, 58, 54, 93, 33, 91, 46, 64, 90, 36, 34, 23]"
Sko100b,100,177088,199.59,10.44,6,70,0.5966,0.5187,10,100,42,"[52, 33, 47, 20, 16, 84, 41, 82, 40, 99, 76, 56, 2, 93, 11, 90, 51, 86, 78, 4, 12, 18, 28, 15, 36, 75, 96, 68, 10, 74, 59, 80, 13, 34, 89, 24, 70, 77, 31, 35, 97, 73, 32, 38, 0, 95, 7, 65, 72, 30, 54, 5, 66, 50, 87, 45, 25, 19, 42, 53, 58, 48, 81, 85, 94, 61, 98, 22, 62, 92, 88, 26, 1, 39, 79, 17, 49, 14, 67, 3, 83, 91, 43, 21, 46, 8, 44, 60, 29, 23, 63, 71, 27, 69, 37, 57, 6, 55, 64, 9]"
Sko100b,200,177088,202.93,10.44,6,70,0.5966,0.5187,10,100,42,"[52, 33, 47, 20, 16, 84, 41, 82, 40, 99, 76, 56, 2, 93, 11, 90, 51, 86, 78, 4, 12, 18, 28, 15, 36, 75, 96, 68, 10, 74, 59, 80, 13, 34, 89, 24, 70, 77, 31, 35, 97, 73, 32, 38, 0, 95, 7, 65, 72, 30, 54, 5, 66, 50, 87, 45, 25, 19, 42, 53, 58, 48, 81, 85, 94, 61, 98, 22, 62, 92, 88, 26, 1, 39, 79, 17, 49, 14, 67, 3, 83, 91, 43, 21, 46, 8, 44, 60, 29, 23, 63, 71, 27, 69, 37, 57, 6, 55, 64, 9]"
Sko100b,300,177076,206.29,10.44,6,70,0.5966,0.5187,10,100,42,"[14, 79, 60, 40, 8, 31, 52, 54, 38, 36, 89, 56, 37, 16, 20, 6, 94, 64, 72, 29, 87, 48, 1, 88, 78, 3, 12, 11, 33, 74, 75, 44, 83, 91, 63, 84, 62, 76, 58, 24, 50, 82, 18, 26, 55, 51, 68, 98, 28, 71, 42, 19, 43, 67, 96, 22, 35, 23, 49, 17, 65, 21, 34, 70, 92, 99, 27, 93, 73, 86, 13, 80, 4, 95, 10, 46, 39, 90, 25, 30, 59, 85, 45, 7, 77, 2, 53, 61, 32, 57, 9, 97, 15, 69, 41, 47, 5, 66, 81, 0]"
Sko100b,400,176090,209.38,10.44,6,70,0.5966,0.5187,10,100,42,"[64, 47, 3, 96, 16, 95, 52, 63, 76, 99, 78, 26, 57, 39, 66, 98, 72, 34, 77, 73, 55, 87, 79, 23, 89, 1, 67, 54, 28, 71, 90, 36, 46, 24, 31, 70, 60, 65, 75, 68, 51, 83, 94, 6, 43, 2, 33, 9, 91, 93, 50, 19, 7, 45, 13, 58, 42, 37, 44, 88, 85, 61, 4, 49, 81, 14, 18, 21, 69, 82, 84, 86, 53, 48, 5, 12, 74, 20, 25, 15, 27, 92, 59, 40, 80, 38, 8, 29, 32, 22, 56, 97, 17, 11, 41, 30, 62, 10, 35, 0]"
Sko100b,500,175992,212.49,10.44,6,70,0.5966,0.5187,10,100,42,"[47, 64, 3, 96, 16, 95, 52, 63, 76, 99, 78, 26, 57, 39, 66, 98, 72, 34, 77, 73, 55, 87, 79, 23, 89, 1, 67, 54, 28, 71, 90, 36, 46, 24, 31, 70, 60, 65, 75, 68, 51, 83, 94, 6, 43, 2, 33, 9, 8, 93, 50, 19, 7, 45, 13, 58, 42, 37, 44, 88, 85, 61, 4, 49, 81, 14, 18, 21, 69, 82, 84, 86, 53, 48, 5, 12, 74, 20, 25, 15, 27, 92, 59, 40, 80, 38, 91, 29, 32, 22, 56, 97, 17, 11, 41, 30, 62, 10, 35, 0]"
Sko100b,600,175992,215.75,8.36,6,70,0.5966,0.5187,10,100,42,"[47, 64, 3, 96, 16, 95, 52, 63, 76, 99, 78, 26, 57, 39, 66, 98, 72, 34, 77, 73, 55, 87, 79, 23, 89, 1, 67, 54, 28, 71, 90, 36, 46, 24, 31, 70, 60, 65, 75, 68, 51, 83, 94, 6, 43, 2, 33, 9, 8, 93, 50, 19, 7, 45, 13, 58, 42, 37, 44, 88, 85, 61, 4, 49, 81, 14, 18, 21, 69, 82, 84, 86, 53, 48, 5, 12, 74, 20, 25, 15, 27, 92, 59, 40, 80, 38, 91, 29, 32, 22, 56, 97, 17, 11, 41, 30, 62, 10, 35, 0]"
Sko100b,700,175992,218.71,8.36,6,70,0.5966,0.5187,10,100,42,"[47, 64, 3, 96, 16, 95, 52, 63, 76, 99, 78, 26, 57, 39, 66, 98, 72, 34, 77, 73, 55, 87, 79, 23, 89, 1, 67, 54, 28, 71, 90, 36, 46, 24, 31, 70, 60, 65, 75, 68, 51, 83, 94, 6, 43, 2, 33, 9, 8, 93, 50, 19, 7, 45, 13, 58, 42, 37, 44, 88, 85, 61, 4, 49, 81, 14, 18, 21, 69, 82, 84, 86, 53, 48, 5, 12, 74, 20, 25, 15, 27, 92, 59, 40, 80, 38, 91, 29, 32, 22, 56, 97, 17, 11, 41, 30, 62, 10, 35, 0]"
Sko100b,800,174776,221.94,8.36,6,70,0.5966,0.5187,10,100,42,"[37, 46, 75, 48, 90, 66, 24, 58, 92, 78, 85, 93, 49, 25, 34, 22, 86, 14, 51, 79, 59, 36, 65, 3, 15, 82, 27, 89, 28, 13, 95, 17, 71, 23, 41, 74, 80, 98, 0, 16, 10, 99, 83, 56, 45, 70, 9, 31, 60, 1, 87, 73, 32, 18, 84, 2, 55, 33, 64, 67, 68, 77, 97, 38, 29, 61, 35, 53, 62, 96, 39, 43, 21, 42, 44, 30, 91, 57, 94, 54, 69, 72, 4, 40, 47, 6, 19, 8, 63, 7, 52, 11, 88, 12, 5, 76, 50, 26, 20, 81]"
Sko100b,900,174220,225.54,6.92,6,70,0.5966,0.5187,10,100,42,"[33, 46, 47, 48, 59, 90, 0, 58, 88, 13, 17, 93, 25, 12, 87, 78, 86, 20, 98, 79, 74, 49, 65, 16, 15, 11, 52, 89, 96, 91, 64, 85, 63, 23, 82, 34, 51, 80, 44, 69, 24, 99, 83, 81, 21, 70, 9, 31, 60, 1, 72, 45, 41, 27, 84, 2, 55, 37, 95, 67, 68, 77, 14, 62, 30, 61, 36, 18, 38, 28, 3, 43, 32, 42, 66, 73, 92, 29, 26, 54, 39, 53, 57, 40, 75, 8, 19, 4, 71, 7, 76, 6, 22, 97, 5, 35, 50, 94, 56, 10]"
Sko100b,1000,174220,228.98,6.93,6,70,0.5966,0.5187,10,100,42,"[33, 46, 47, 48, 59, 90, 0, 58, 88, 13, 17, 93, 25, 12, 87, 78, 86, 20, 98, 79, 74, 49, 65, 16, 15, 11, 52, 89, 96, 91, 64, 85, 63, 23, 82, 34, 51, 80, 44, 69, 24, 99, 83, 81, 21, 70, 9, 31, 60, 1, 72, 45, 41, 27, 84, 2, 55, 37, 95, 67, 68, 77, 14, 62, 30, 61, 36, 18, 38, 28, 3, 43, 32, 42, 66, 73, 92, 29, 26, 54, 39, 53, 57, 40, 75, 8, 19, 4, 71, 7, 76, 6, 22, 97, 5, 35, 50, 94, 56, 10]"
Sko100b,1100,174220,232.67,7.09,6,70,0.5966,0.5187,10,100,42,"[33, 46, 47, 48, 59, 90, 0, 58, 88, 13, 17, 93, 25, 12, 87, 78, 86, 20, 98, 79, 74, 49, 65, 16, 15, 11, 52, 89, 96, 91, 64, 85, 63, 23, 82, 34, 51, 80, 44, 69, 24, 99, 83, 81, 21, 70, 9, 31, 60, 1, 72, 45, 41, 27, 84, 2, 55, 37, 95, 67, 68, 77, 14, 62, 30, 61, 36, 18, 38, 28, 3, 43, 32, 42, 66, 73, 92, 29, 26, 54, 39, 53, 57, 40, 75, 8, 19, 4, 71, 7, 76, 6, 22, 97, 5, 35, 50, 94, 56, 10]"
Sko100b,1200,174220,236.37,7.09,6,70,0.5966,0.5187,10,100,42,"[33, 46, 47, 48, 59, 90, 0, 58, 88, 13, 17, 93, 25, 12, 87, 78, 86, 20, 98, 79, 74, 49, 65, 16, 15, 11, 52, 89, 96, 91, 64, 85, 63, 23, 82, 34, 51, 80, 44, 69, 24, 99, 83, 81, 21, 70, 9, 31, 60, 1, 72, 45, 41, 27, 84, 2, 55, 37, 95, 67, 68, 77, 14, 62, 30, 61, 36, 18, 38, 28, 3, 43, 32, 42, 66, 73, 92, 29, 26, 54, 39, 53, 57, 40, 75, 8, 19, 4, 71, 7, 76, 6, 22, 97, 5, 35, 50, 94, 56, 10]"
Sko100b,1300,174060,239.62,7.09,6,70,0.5966,0.5187,10,100,42,"[11, 2, 23, 71, 21, 46, 34, 15, 79, 29, 93, 74, 22, 59, 94, 36, 81, 57, 78, 1, 12, 25, 44, 67, 6, 64, 76, 55, 83, 40, 32, 16, 56, 92, 58, 31, 9, 86, 99, 90, 0, 85, 33, 54, 63, 77, 8, 72, 84, 91, 26, 97, 38, 35, 61, 88, 4, 68, 53, 87, 28, 41, 45, 13, 95, 80, 43, 70, 24, 96, 37, 89, 47, 7, 50, 69, 17, 65, 82, 48, 30, 42, 3, 73, 98, 20, 75, 49, 66, 51, 10, 19, 14, 18, 5, 39, 62, 60, 27, 52]"
Sko100b,1400,173410,242.69,7.09,6,70,0.5966,0.5187,10,100,42,"[11, 2, 34, 71, 21, 46, 23, 15, 79, 29, 93, 41, 22, 59, 42, 36, 81, 57, 78, 1, 12, 25, 44, 67, 6, 64, 76, 55, 83, 40, 32, 16, 56, 92, 97, 5, 9, 89, 99, 90, 0, 85, 33, 19, 63, 77, 8, 72, 84, 91, 26, 47, 38, 35, 13, 88, 65, 68, 60, 86, 28, 74, 45, 53, 70, 80, 96, 95, 24, 43, 37, 75, 39, 7, 50, 18, 14, 4, 82, 48, 30, 94, 69, 73, 98, 20, 54, 49, 66, 51, 10, 87, 17, 3, 61, 58, 62, 31, 27, 52]"
Sko100b,1500,172894,246.25,7.09,6,70,0.5966,0.5187,10,100,42,"[2, 16, 54, 34, 86, 32, 23, 19, 79, 29, 93, 5, 43, 63, 7, 22, 91, 57, 1, 60, 12, 25, 39, 44, 92, 82, 81, 55, 83, 51, 69, 49, 56, 98, 97, 73, 71, 89, 46, 9, 41, 38, 33, 15, 99, 37, 77, 36, 4, 6, 26, 21, 85, 35, 90, 11, 78, 68, 66, 64, 76, 0, 45, 72, 70, 58, 75, 95, 80, 84, 10, 14, 47, 18, 50, 96, 30, 53, 20, 48, 62, 94, 74, 13, 88, 42, 59, 65, 67, 40, 31, 87, 3, 17, 61, 24, 52, 8, 27, 28]"
Sko100b,1600,172722,249.25,7.1,6,70,0.5966,0.5187,10,100,42,"[2, 16, 54, 7, 86, 32, 23, 19, 79, 29, 39, 20, 43, 45, 34, 22, 91, 57, 1, 40, 24, 25, 93, 44, 50, 64, 81, 92, 83, 51, 69, 49, 56, 38, 66, 73, 71, 6, 67, 9, 76, 85, 33, 15, 99, 37, 63, 36, 47, 89, 26, 21, 98, 35, 90, 58, 78, 80, 82, 97, 41, 12, 77, 72, 70, 11, 75, 95, 68, 84, 87, 28, 4, 18, 13, 96, 30, 53, 5, 48, 62, 94, 74, 55, 88, 42, 59, 65, 46, 60, 31, 10, 3, 17, 61, 0, 52, 8, 27, 14]"
Sko100b,1700,172704,252.38,7.1,6,70,0.5966,0.5187,10,100,42,"[2, 42, 53, 7, 65, 32, 82, 19, 57, 29, 26, 78, 93, 55, 49, 22, 91, 25, 92, 79, 24, 0, 21, 12, 50, 64, 81, 35, 60, 71, 69, 90, 73, 30, 43, 86, 34, 4, 67, 9, 41, 66, 70, 16, 99, 8, 1, 36, 68, 83, 39, 89, 98, 15, 51, 95, 20, 28, 62, 11, 80, 37, 77, 75, 13, 59, 87, 52, 47, 84, 54, 85, 63, 18, 3, 96, 38, 48, 5, 97, 72, 94, 17, 40, 88, 61, 14, 6, 46, 56, 31, 10, 58, 76, 44, 45, 33, 74, 27, 23]"
Sko100b,1800,170752,255.61,7.11,6,70,0.5966,0.5187,10,100,42,"[86, 60, 89, 7, 34, 20, 82, 19, 79, 29, 26, 58, 93, 74, 49, 22, 50, 25, 92, 88, 24, 64, 73, 18, 44, 91, 67, 53, 42, 71, 69, 90, 21, 30, 15, 80, 35, 4, 81, 9, 65, 66, 70, 0, 96, 8, 36, 1, 68, 83, 72, 41, 98, 43, 51, 14, 32, 28, 13, 11, 59, 87, 77, 75, 62, 2, 57, 52, 12, 84, 54, 17, 37, 45, 33, 27, 38, 48, 5, 97, 39, 99, 85, 40, 63, 61, 95, 6, 46, 56, 31, 10, 78, 76, 16, 47, 3, 55, 94, 23]"
Sko100b,1900,169658,258.89,7.12,6,70,0.5966,0.5187,10,100,42,"[86, 60, 89, 98, 34, 20, 82, 68, 79, 2, 54, 58, 0, 74, 28, 22, 25, 50, 92, 29, 13, 64, 15, 18, 93, 91, 45, 53, 94, 71, 69, 26, 44, 30, 75, 80, 35, 4, 36, 49, 24, 51, 39, 21, 9, 8, 81, 1, 19, 83, 17, 41, 66, 73, 7, 14, 32, 96, 27, 11, 59, 87, 62, 43, 47, 65, 57, 88, 12, 84, 31, 72, 78, 67, 33, 52, 63, 61, 5, 97, 70, 99, 85, 40, 38, 48, 95, 6, 46, 56, 90, 10, 37, 76, 16, 77, 3, 55, 42, 23]"
Sko100b,2000,169658,262.14,7.13,6,70,0.5966,0.5187,10,100,42,"[86, 60, 89, 98, 34, 20, 82, 68, 79, 2, 54, 58, 0, 74, 28, 22, 25, 50, 92, 29, 13, 64, 15, 18, 93, 91, 45, 53, 94, 71, 69, 26, 44, 30, 75, 80, 35, 4, 36, 49, 24, 51, 39, 21, 9, 8, 81, 1, 19, 83, 17, 41, 66, 73, 7, 14, 32, 96, 27, 11, 59, 87, 62, 43, 47, 65, 57, 88, 12, 84, 31, 72, 78, 67, 33, 52, 63, 61, 5, 97, 70, 99, 85, 40, 38, 48, 95, 6, 46, 56, 90, 10, 37, 76, 16, 77, 3, 55, 42, 23]"
Sko100b,2100,168372,265.41,7.13,6,70,0.5966,0.5187,10,100,42,"[86, 53, 0, 75, 34, 20, 82, 10, 79, 36, 22, 9, 80, 41, 15, 54, 21, 50, 81, 29, 13, 64, 28, 92, 74, 58, 45, 91, 94, 88, 69, 12, 44, 6, 98, 89, 35, 18, 2, 49, 24, 39, 51, 73, 43, 8, 4, 65, 19, 83, 17, 30, 66, 61, 7, 14, 37, 25, 27, 11, 72, 60, 96, 67, 85, 1, 48, 52, 97, 26, 56, 59, 78, 62, 32, 87, 63, 95, 5, 3, 70, 90, 31, 40, 84, 71, 38, 33, 57, 47, 99, 68, 93, 76, 16, 77, 46, 55, 42, 23]"
Sko100b,2200,168084,268.72,7.13,6,70,0.5966,0.5187,10,100,42,"[86, 53, 0, 28, 21, 20, 14, 81, 79, 36, 22, 9, 80, 41, 15, 54, 34, 50, 10, 29, 13, 64, 75, 92, 74, 35, 37, 91, 89, 88, 69, 12, 78, 40, 98, 94, 58, 18, 2, 42, 24, 39, 51, 73, 43, 8, 4, 65, 19, 83, 17, 30, 66, 61, 7, 82, 45, 25, 27, 11, 72, 60, 96, 67, 85, 6, 57, 52, 1, 26, 56, 59, 44, 62, 32, 87, 63, 95, 5, 3, 70, 90, 31, 97, 84, 71, 38, 33, 48, 47, 99, 68, 93, 76, 16, 77, 46, 55, 49, 23]"
Sko100b,2300,168084,271.83,7.13,6,70,0.5966,0.5187,10,100,42,"[86, 53, 0, 28, 21, 20, 14, 81, 79, 36, 22, 9, 80, 41, 15, 54, 34, 50, 10, 29, 13, 64, 75, 92, 74, 35, 37, 91, 89, 88, 69, 12, 78, 40, 98, 94, 58, 18, 2, 42, 24, 39, 51, 73, 43, 8, 4, 65, 19, 83, 17, 30, 66, 61, 7, 82, 45, 25, 27, 11, 72, 60, 96, 67, 85, 6, 57, 52, 1, 26, 56, 59, 44, 62, 32, 87, 63, 95, 5, 3, 70, 90, 31, 97, 84, 71, 38, 33, 48, 47, 99, 68, 93, 76, 16, 77, 46, 55, 49, 23]"
Sko100b,2400,168084,274.76,7.13,6,70,0.5966,0.5187,10,100,42,"[86, 53, 0, 28, 21, 20, 14, 81, 79, 36, 22, 9, 80, 41, 15, 54, 34, 50, 10, 29, 13, 64, 75, 92, 74, 35, 37, 91, 89, 88, 69, 12, 78, 40, 98, 94, 58, 18, 2, 42, 24, 39, 51, 73, 43, 8, 4, 65, 19, 83, 17, 30, 66, 61, 7, 82, 45, 25, 27, 11, 72, 60, 96, 67, 85, 6, 57, 52, 1, 26, 56, 59, 44, 62, 32, 87, 63, 95, 5, 3, 70, 90, 31, 97, 84, 71, 38, 33, 48, 47, 99, 68, 93, 76, 16, 77, 46, 55, 49, 23]"
Sko100b,2500,168084,276.5,7.13,6,70,0.5966,0.5187,10,100,42,"[86, 53, 0, 28, 21, 20, 14, 81, 79, 36, 22, 9, 80, 41, 15, 54, 34, 50, 10, 29, 13, 64, 75, 92, 74, 35, 37, 91, 89, 88, 69, 12, 78, 40, 98, 94, 58, 18, 2, 42, 24, 39, 51, 73, 43, 8, 4, 65, 19, 83, 17, 30, 66, 61, 7, 82, 45, 25, 27, 11, 72, 60, 96, 67, 85, 6, 57, 52, 1, 26, 56, 59, 44, 62, 32, 87, 63, 95, 5, 3, 70, 90, 31, 97, 84, 71, 38, 33, 48, 47, 99, 68, 93, 76, 16, 77, 46, 55, 49, 23]"
Sko100b,2600,167874,277.94,7.13,6,70,0.5966,0.5187,10,100,42,"[86, 0, 15, 75, 54, 53, 58, 21, 65, 4, 22, 20, 80, 64, 28, 89, 16, 81, 41, 29, 78, 25, 10, 61, 74, 3, 42, 73, 88, 2, 8, 35, 13, 17, 69, 94, 30, 24, 12, 14, 98, 39, 62, 26, 67, 9, 71, 52, 82, 84, 91, 85, 37, 72, 18, 50, 34, 95, 11, 27, 40, 60, 45, 79, 70, 44, 19, 47, 5, 66, 59, 56, 87, 32, 43, 77, 96, 49, 7, 51, 23, 90, 1, 97, 31, 48, 99, 33, 57, 93, 38, 68, 63, 46, 92, 6, 76, 55, 83, 36]"
Sko100b,2700,167158,279.48,7.13,6,70,0.5966,0.5187,10,100,42,"[86, 0, 15, 75, 54, 37, 58, 21, 65, 4, 22, 20, 80, 25, 69, 89, 16, 81, 41, 29, 78, 64, 10, 28, 74, 3, 42, 30, 88, 2, 8, 35, 13, 96, 61, 94, 73, 24, 12, 14, 98, 39, 62, 26, 67, 9, 71, 52, 82, 87, 40, 85, 53, 72, 70, 50, 34, 95, 11, 27, 91, 60, 45, 93, 18, 44, 19, 47, 5, 66, 63, 56, 84, 32, 43, 77, 17, 49, 7, 51, 23, 90, 1, 97, 31, 48, 99, 33, 57, 36, 38, 68, 59, 46, 92, 6, 76, 55, 83, 79]"
Sko100b,2800,166872,281.84,6.8,6,70,0.5966,0.5187,10,100,42,"[86, 0, 15, 75, 54, 37, 58, 21, 65, 4, 22, 20, 74, 25, 69, 89, 53, 81, 41, 29, 78, 64, 10, 28, 80, 3, 42, 30, 88, 2, 8, 35, 13, 96, 61, 94, 73, 24, 12, 14, 98, 39, 62, 26, 67, 9, 71, 52, 82, 87, 40, 85, 72, 19, 70, 51, 34, 95, 11, 27, 91, 63, 45, 93, 18, 44, 16, 47, 5, 66, 60, 56, 84, 32, 43, 77, 7, 49, 17, 50, 23, 90, 1, 97, 31, 48, 99, 33, 57, 36, 38, 68, 59, 46, 92, 6, 76, 55, 83, 79]"
Sko100b,2900,166036,283.7,6.8,6,70,0.5966,0.5187,10,100,42,"[86, 0, 15, 89, 54, 37, 58, 21, 65, 29, 22, 20, 74, 25, 69, 75, 82, 81, 41, 4, 78, 64, 10, 28, 80, 3, 42, 2, 88, 14, 8, 35, 13, 26, 98, 94, 73, 24, 12, 30, 61, 39, 62, 96, 67, 9, 18, 52, 53, 87, 40, 85, 72, 19, 70, 51, 34, 95, 11, 27, 91, 63, 45, 1, 77, 44, 16, 47, 5, 66, 60, 56, 59, 32, 43, 71, 7, 49, 17, 50, 46, 90, 93, 97, 31, 48, 99, 33, 57, 36, 38, 68, 84, 79, 92, 6, 76, 55, 83, 23]"
Sko100b,3000,165144,285.73,6.8,6,70,0.5966,0.5187,10,100,42,"[0, 86, 15, 89, 54, 21, 58, 48, 65, 69, 22, 20, 74, 25, 29, 75, 82, 81, 41, 28, 78, 64, 10, 4, 80, 3, 42, 2, 88, 14, 8, 35, 13, 26, 98, 94, 73, 24, 12, 30, 61, 39, 59, 57, 67, 9, 18, 52, 53, 87, 40, 85, 72, 19, 70, 96, 76, 95, 11, 27, 91, 63, 45, 1, 62, 44, 16, 47, 5, 66, 60, 56, 77, 32, 43, 6, 7, 49, 17, 50, 46, 90, 93, 97, 31, 37, 99, 33, 51, 36, 38, 79, 84, 68, 92, 71, 34, 55, 83, 23]"
Sko100b,3100,164872,288.84,6.8,6,70,0.5966,0.5187,10,100,42,"[0, 86, 15, 89, 54, 21, 98, 48, 65, 69, 22, 20, 29, 25, 74, 75, 82, 81, 41, 28, 19, 78, 10, 4, 80, 3, 42, 2, 88, 14, 8, 35, 13, 26, 58, 94, 73, 24, 12, 30, 61, 39, 59, 57, 67, 9, 18, 52, 7, 87, 40, 85, 72, 45, 70, 96, 76, 95, 11, 50, 91, 63, 64, 1, 62, 44, 16, 47, 5, 66, 60, 84, 77, 32, 43, 6, 53, 49, 17, 27, 46, 90, 93, 97, 31, 37, 99, 33, 51, 36, 38, 79, 56, 68, 92, 71, 34, 55, 83, 23]"
Sko100b,3200,164436,292.02,6.8,6,70,0.5966,0.5187,10,100,42,"[0, 86, 15, 89, 54, 21, 98, 48, 65, 69, 22, 20, 19, 25, 74, 75, 82, 81, 41, 28, 29, 78, 10, 4, 80, 3, 42, 2, 14, 88, 8, 35, 13, 26, 58, 94, 11, 24, 12, 30, 79, 39, 59, 18, 70, 16, 57, 52, 7, 87, 40, 85, 72, 45, 67, 96, 76, 95, 73, 66, 91, 63, 64, 1, 62, 44, 9, 50, 5, 47, 60, 84, 77, 32, 43, 6, 53, 49, 17, 27, 46, 90, 93, 97, 31, 37, 99, 33, 51, 36, 38, 61, 56, 68, 92, 71, 34, 55, 83, 23]"
Sko100b,3300,164000,295.25,6.8,6,70,0.5966,0.5187,10,100,42,"[0, 86, 15, 89, 54, 21, 98, 48, 65, 69, 22, 20, 19, 4, 74, 75, 82, 81, 41, 28, 13, 78, 10, 25, 80, 3, 42, 11, 14, 88, 8, 35, 29, 26, 58, 94, 2, 24, 12, 30, 79, 39, 59, 18, 70, 16, 96, 52, 7, 87, 40, 85, 6, 45, 67, 57, 76, 95, 73, 66, 91, 63, 64, 1, 32, 44, 9, 50, 5, 47, 60, 84, 77, 62, 43, 72, 53, 49, 17, 27, 46, 90, 93, 97, 31, 37, 99, 33, 51, 36, 38, 61, 56, 68, 92, 71, 34, 55, 83, 23]"
Sko100b,3400,163754,298.24,6.8,6,70,0.5966,0.5187,10,100,42,"[15, 86, 0, 74, 54, 21, 98, 48, 65, 69, 22, 20, 19, 4, 89, 75, 82, 81, 57, 28, 13, 78, 10, 25, 80, 3, 42, 11, 14, 88, 8, 84, 29, 26, 58, 41, 2, 24, 12, 76, 79, 39, 35, 18, 70, 1, 96, 52, 7, 87, 40, 85, 6, 45, 67, 94, 30, 95, 73, 66, 91, 63, 64, 16, 32, 44, 9, 50, 55, 47, 60, 59, 77, 62, 43, 72, 53, 49, 51, 27, 46, 90, 93, 97, 31, 37, 99, 33, 17, 36, 38, 61, 56, 68, 92, 71, 34, 5, 83, 23]"
Sko100b,3500,163276,301.12,6.8,6,70,0.5966,0.5187,10,100,42,"[15, 86, 0, 74, 54, 21, 98, 48, 65, 69, 22, 20, 19, 29, 89, 75, 82, 14, 57, 28, 13, 78, 10, 4, 80, 44, 42, 11, 81, 88, 8, 84, 25, 26, 58, 41, 2, 24, 12, 76, 79, 39, 35, 18, 70, 1, 96, 52, 7, 87, 40, 85, 6, 45, 67, 94, 3, 95, 73, 55, 91, 63, 64, 32, 16, 30, 9, 50, 66, 47, 60, 59, 77, 62, 43, 72, 99, 49, 51, 27, 46, 90, 93, 97, 53, 37, 31, 33, 17, 83, 38, 61, 56, 68, 92, 71, 34, 5, 36, 23]"
Sko100b,3600,162864,303.95,6.8,6,70,0.5966,0.5187,10,100,42,"[15, 86, 0, 74, 54, 21, 98, 48, 65, 69, 22, 20, 19, 29, 89, 75, 82, 14, 12, 28, 13, 78, 10, 4, 80, 44, 42, 11, 81, 88, 8, 84, 25, 53, 58, 41, 2, 24, 57, 76, 79, 39, 35, 18, 70, 1, 96, 52, 7, 87, 40, 85, 6, 45, 67, 94, 3, 95, 30, 55, 91, 63, 64, 32, 16, 73, 9, 50, 66, 47, 60, 59, 77, 62, 43, 72, 99, 49, 51, 27, 46, 56, 93, 97, 26, 37, 31, 33, 17, 83, 38, 61, 90, 68, 92, 71, 34, 5, 23, 36]"
Sko100b,3700,162560,307.01,6.8,6,70,0.5966,0.5187,10,100,42,"[15, 86, 0, 74, 54, 21, 98, 42, 65, 69, 22, 20, 19, 29, 89, 75, 82, 14, 12, 28, 13, 78, 10, 4, 53, 44, 48, 11, 81, 88, 84, 8, 25, 80, 58, 41, 2, 24, 57, 55, 79, 39, 35, 18, 70, 1, 96, 52, 7, 87, 40, 85, 6, 45, 67, 94, 3, 95, 30, 76, 38, 63, 64, 32, 16, 73, 9, 5, 66, 47, 90, 59, 77, 62, 43, 72, 99, 49, 27, 51, 46, 56, 93, 97, 26, 37, 31, 33, 17, 83, 91, 61, 60, 68, 92, 71, 34, 50, 23, 36]"
Sko100b,3800,162372,310.0,6.8,6,70,0.5966,0.5187,10,100,42,"[15, 86, 0, 74, 54, 21, 98, 42, 65, 69, 22, 20, 19, 29, 89, 75, 82, 14, 12, 28, 13, 78, 10, 4, 53, 44, 48, 11, 81, 88, 84, 8, 25, 80, 58, 41, 2, 24, 57, 55, 79, 39, 35, 18, 70, 1, 96, 52, 7, 87, 40, 85, 6, 45, 67, 94, 3, 95, 30, 76, 38, 97, 64, 32, 16, 73, 9, 5, 66, 47, 90, 59, 77, 62, 26, 72, 99, 49, 27, 51, 46, 56, 93, 63, 43, 37, 31, 33, 17, 83, 91, 61, 60, 68, 92, 71, 34, 50, 23, 36]"
Sko100b,3900,162112,313.11,6.8,6,70,0.5966,0.5187,10,100,42,"[15, 86, 0, 74, 54, 21, 98, 42, 65, 69, 22, 20, 35, 29, 89, 75, 82, 14, 12, 11, 13, 78, 10, 4, 53, 44, 48, 28, 81, 88, 84, 8, 25, 80, 58, 41, 2, 24, 7, 55, 79, 39, 19, 18, 70, 1, 96, 52, 57, 87, 40, 85, 6, 45, 67, 94, 3, 95, 30, 76, 38, 97, 64, 32, 16, 73, 9, 5, 66, 47, 90, 59, 77, 62, 26, 72, 99, 49, 27, 51, 46, 56, 93, 63, 43, 37, 34, 33, 17, 83, 91, 61, 60, 68, 92, 71, 31, 50, 23, 36]"
Sko100b,4000,161852,316.24,6.8,6,70,0.5966,0.5187,10,100,42,"[15, 86, 0, 98, 54, 21, 74, 42, 65, 69, 22, 20, 35, 29, 89, 75, 82, 14, 12, 11, 13, 78, 10, 4, 53, 44, 48, 28, 81, 88, 84, 8, 25, 80, 58, 41, 2, 24, 7, 55, 79, 39, 19, 18, 70, 1, 96, 52, 57, 51, 40, 85, 6, 45, 67, 94, 3, 95, 30, 87, 38, 97, 64, 32, 16, 73, 9, 5, 66, 47, 90, 59, 77, 62, 26, 72, 99, 49, 27, 76, 46, 56, 93, 63, 43, 37, 34, 50, 17, 83, 91, 61, 60, 68, 92, 71, 31, 33, 23, 36]"
Sko100b,4100,161716,319.55,6.8,6,70,0.5966,0.5187,10,100,42,"[15, 86, 0, 98, 54, 21, 74, 42, 65, 69, 22, 20, 35, 29, 89, 75, 82, 14, 12, 11, 78, 13, 10, 4, 53, 44, 48, 28, 88, 81, 84, 8, 80, 25, 58, 41, 31, 24, 7, 55, 79, 39, 19, 18, 70, 1, 96, 52, 57, 51, 60, 85, 6, 45, 67, 94, 3, 95, 30, 87, 38, 97, 64, 32, 16, 73, 9, 5, 66, 47, 90, 59, 77, 62, 26, 72, 99, 49, 27, 76, 46, 56, 93, 63, 43, 37, 34, 50, 17, 83, 40, 61, 91, 68, 92, 71, 2, 33, 23, 36]"
Sko100b,4200,161688,322.61,6.8,6,70,0.5966,0.5187,10,100,42,"[20, 86, 0, 98, 54, 21, 74, 42, 65, 69, 22, 15, 35, 29, 89, 75, 82, 14, 12, 11, 78, 13, 8, 4, 53, 44, 48, 28, 88, 81, 84, 10, 80, 25, 58, 41, 31, 24, 7, 55, 79, 39, 19, 18, 70, 1, 96, 52, 57, 51, 38, 85, 6, 45, 67, 94, 3, 95, 30, 87, 60, 97, 64, 32, 16, 73, 9, 5, 66, 47, 90, 59, 77, 62, 26, 72, 99, 49, 27, 76, 46, 56, 93, 63, 43, 37, 34, 50, 17, 83, 40, 61, 91, 68, 92, 71, 2, 33, 23, 36]"
Sko100b,4300,161498,325.66,6.8,6,70,0.5966,0.5187,10,100,42,"[20, 86, 0, 98, 54, 21, 74, 42, 65, 69, 22, 15, 10, 29, 89, 75, 82, 14, 11, 12, 78, 13, 8, 4, 53, 44, 48, 28, 88, 81, 84, 35, 25, 80, 58, 3, 31, 24, 7, 55, 79, 39, 19, 18, 70, 1, 96, 52, 57, 51, 38, 85, 6, 45, 67, 94, 41, 95, 30, 87, 60, 97, 64, 32, 16, 73, 9, 5, 66, 47, 90, 59, 77, 62, 26, 72, 99, 49, 27, 76, 46, 56, 43, 63, 93, 37, 34, 50, 17, 83, 40, 61, 91, 68, 92, 71, 2, 33, 23, 36]"
Sko100b,4400,161498,328.64,6.8,6,70,0.5966,0.5187,10,100,42,"[20, 86, 0, 98, 54, 21, 74, 42, 65, 69, 22, 15, 10, 29, 89, 75, 82, 14, 11, 12, 78, 13, 8, 4, 53, 44, 48, 28, 88, 81, 84, 35, 25, 80, 58, 3, 31, 24, 7, 55, 79, 39, 19, 18, 70, 1, 96, 52, 57, 51, 38, 85, 6, 45, 67, 94, 41, 95, 30, 87, 60, 97, 64, 32, 16, 73, 9, 5, 66, 47, 90, 59, 77, 62, 26, 72, 99, 49, 27, 76, 46, 56, 43, 63, 93, 37, 34, 50, 17, 83, 40, 61, 91, 68, 92, 71, 2, 33, 23, 36]"
Sko100b,4500,161498,331.49,6.8,6,70,0.5966,0.5187,10,100,42,"[20, 86, 0, 98, 54, 21, 74, 42, 65, 69, 22, 15, 10, 29, 89, 75, 82, 14, 11, 12, 78, 13, 8, 4, 53, 44, 48, 28, 88, 81, 84, 35, 25, 80, 58, 3, 31, 24, 7, 55, 79, 39, 19, 18, 70, 1, 96, 52, 57, 51, 38, 85, 6, 45, 67, 94, 41, 95, 30, 87, 60, 97, 64, 32, 16, 73, 9, 5, 66, 47, 90, 59, 77, 62, 26, 72, 99, 49, 27, 76, 46, 56, 43, 63, 93, 37, 34, 50, 17, 83, 40, 61, 91, 68, 92, 71, 2, 33, 23, 36]"
Sko100b,4600,161336,334.4,6.8,6,70,0.5966,0.5187,10,100,42,"[79, 86, 0, 13, 54, 21, 74, 42, 65, 69, 22, 15, 10, 29, 89, 75, 82, 14, 11, 12, 20, 98, 8, 4, 53, 44, 48, 28, 88, 81, 84, 35, 25, 80, 58, 3, 31, 24, 7, 55, 78, 39, 19, 18, 70, 1, 96, 52, 57, 51, 38, 85, 6, 45, 67, 94, 41, 95, 30, 87, 60, 97, 64, 32, 16, 73, 9, 34, 66, 47, 90, 59, 77, 62, 26, 72, 99, 49, 27, 76, 46, 56, 93, 63, 43, 37, 50, 5, 17, 83, 40, 61, 91, 68, 92, 71, 2, 33, 23, 36]"
Sko100b,4700,161202,337.22,6.8,6,70,0.5966,0.5187,10,100,42,"[79, 86, 0, 13, 54, 21, 74, 42, 65, 69, 22, 15, 10, 29, 89, 75, 82, 14, 11, 12, 20, 98, 8, 4, 44, 53, 48, 28, 88, 81, 84, 35, 25, 80, 58, 94, 31, 51, 7, 55, 78, 39, 19, 18, 70, 1, 96, 52, 57, 24, 59, 85, 6, 45, 67, 3, 41, 95, 30, 87, 60, 97, 64, 32, 16, 73, 9, 34, 66, 47, 90, 38, 77, 62, 26, 72, 99, 49, 27, 76, 46, 56, 93, 63, 43, 37, 50, 5, 17, 83, 40, 61, 91, 68, 92, 71, 2, 33, 23, 36]"
Sko100b,4800,161114,340.15,6.8,6,70,0.5966,0.5187,10,100,42,"[79, 86, 0, 13, 54, 21, 74, 42, 65, 69, 22, 15, 10, 29, 89, 75, 82, 14, 11, 12, 20, 98, 8, 4, 44, 53, 48, 28, 88, 81, 84, 35, 25, 80, 58, 94, 31, 51, 7, 55, 78, 39, 19, 18, 70, 1, 96, 52, 57, 24, 59, 85, 6, 45, 67, 3, 41, 95, 30, 87, 60, 97, 64, 32, 16, 73, 9, 34, 66, 47, 90, 91, 77, 62, 26, 72, 99, 49, 27, 76, 46, 56, 93, 63, 43, 37, 50, 5, 17, 83, 40, 61, 38, 68, 92, 71, 2, 33, 23, 36]"
Sko100b,4900,160978,342.98,6.8,6,70,0.5966,0.5187,10,100,42,"[79, 86, 0, 13, 54, 21, 74, 42, 65, 69, 22, 15, 10, 82, 89, 75, 29, 14, 11, 12, 20, 98, 8, 4, 44, 53, 48, 28, 88, 81, 84, 35, 25, 80, 58, 94, 31, 51, 7, 55, 78, 39, 19, 18, 70, 1, 96, 52, 57, 24, 59, 85, 6, 45, 67, 3, 41, 95, 30, 87, 60, 97, 64, 32, 16, 73, 9, 43, 66, 47, 90, 91, 77, 62, 26, 72, 99, 49, 27, 76, 46, 56, 93, 63, 34, 37, 50, 5, 17, 83, 40, 38, 61, 68, 92, 71, 2, 33, 23, 36]"
Sko100b,5000,160896,345.77,6.8,6,70,0.5966,0.5187,10,100,42,"[79, 86, 0, 13, 82, 21, 74, 42, 65, 69, 22, 15, 10, 54, 89, 75, 29, 14, 11, 12, 20, 98, 8, 4, 44, 53, 48, 28, 88, 81, 84, 35, 25, 80, 58, 94, 31, 51, 7, 55, 78, 39, 19, 18, 70, 1, 96, 52, 57, 24, 59, 85, 6, 45, 67, 3, 9, 95, 30, 87, 60, 97, 64, 32, 73, 16, 41, 43, 66, 47, 90, 91, 77, 62, 26, 72, 99, 49, 27, 76, 46, 56, 93, 63, 34, 37, 50, 5, 17, 83, 40, 38, 61, 68, 92, 71, 2, 33, 23, 36]"
Sko100b,5100,160708,348.67,6.8,6,70,0.5966,0.5187,10,100,42,"[79, 86, 0, 13, 82, 21, 74, 42, 65, 69, 22, 15, 10, 54, 89, 75, 29, 14, 11, 12, 20, 98, 8, 4, 44, 53, 48, 28, 88, 81, 84, 35, 25, 80, 58, 94, 31, 51, 7, 55, 78, 39, 19, 18, 70, 1, 96, 52, 30, 24, 59, 85, 6, 45, 67, 3, 9, 95, 57, 87, 60, 97, 64, 32, 73, 16, 41, 43, 66, 47, 90, 91, 77, 62, 26, 72, 99, 49, 27, 76, 46, 56, 93, 63, 34, 37, 50, 5, 17, 83, 40, 38, 61, 68, 92, 71, 23, 33, 2, 36]"
Sko100b,5200,160676,351.46,6.8,6,70,0.5966,0.5187,10,100,42,"[79, 86, 0, 13, 82, 21, 74, 42, 24, 69, 22, 15, 10, 54, 89, 75, 29, 14, 11, 12, 20, 98, 8, 4, 44, 53, 48, 28, 88, 81, 84, 35, 19, 80, 58, 94, 31, 51, 7, 55, 78, 39, 25, 18, 70, 1, 96, 52, 30, 65, 59, 85, 6, 45, 67, 3, 9, 95, 57, 87, 60, 97, 64, 32, 73, 16, 41, 43, 66, 47, 90, 91, 77, 62, 26, 72, 99, 49, 27, 76, 46, 56, 93, 63, 34, 37, 50, 5, 17, 83, 40, 38, 61, 68, 92, 71, 23, 33, 2, 36]"
Sko100b,5300,160474,354.67,6.8,6,70,0.5966,0.5187,10,100,42,"[79, 86, 0, 13, 82, 21, 74, 42, 24, 69, 22, 15, 10, 54, 89, 75, 29, 14, 11, 12, 20, 98, 8, 4, 44, 53, 48, 28, 88, 81, 84, 35, 19, 80, 58, 94, 31, 51, 7, 55, 78, 39, 25, 18, 70, 1, 96, 65, 30, 52, 59, 85, 6, 45, 67, 3, 9, 95, 57, 87, 60, 97, 64, 32, 73, 16, 41, 43, 66, 47, 90, 91, 77, 62, 26, 72, 99, 49, 27, 83, 46, 56, 93, 63, 34, 37, 50, 5, 17, 76, 40, 38, 61, 68, 92, 71, 23, 33, 2, 36]"
Sko100b,5400,160474,357.53,6.8,6,70,0.5966,0.5187,10,100,42,"[79, 86, 0, 13, 82, 21, 74, 42, 24, 69, 22, 15, 10, 54, 89, 75, 29, 14, 11, 12, 20, 98, 8, 4, 44, 53, 48, 28, 88, 81, 84, 35, 19, 80, 58, 94, 31, 51, 7, 55, 78, 39, 25, 18, 70, 1, 96, 65, 30, 52, 59, 85, 6, 45, 67, 3, 9, 95, 57, 87, 60, 97, 64, 32, 73, 16, 41, 43, 66, 47, 90, 91, 77, 62, 26, 72, 99, 49, 27, 83, 46, 56, 93, 63, 34, 37, 50, 5, 17, 76, 40, 38, 61, 68, 92, 71, 23, 33, 2, 36]"
Sko100b,5500,160474,360.47,6.8,6,70,0.5966,0.5187,10,100,42,"[79, 86, 0, 13, 82, 21, 74, 42, 24, 69, 22, 15, 10, 54, 89, 75, 29, 14, 11, 12, 20, 98, 8, 4, 44, 53, 48, 28, 88, 81, 84, 35, 19, 80, 58, 94, 31, 51, 7, 55, 78, 39, 25, 18, 70, 1, 96, 65, 30, 52, 59, 85, 6, 45, 67, 3, 9, 95, 57, 87, 60, 97, 64, 32, 73, 16, 41, 43, 66, 47, 90, 91, 77, 62, 26, 72, 99, 49, 27, 83, 46, 56, 93, 63, 34, 37, 50, 5, 17, 76, 40, 38, 61, 68, 92, 71, 23, 33, 2, 36]"
Sko100b,5600,160380,363.51,6.8,6,70,0.5966,0.5187,10,100,42,"[79, 86, 0, 13, 82, 21, 74, 42, 24, 69, 22, 15, 10, 54, 89, 75, 29, 14, 11, 12, 20, 98, 8, 4, 44, 53, 48, 28, 88, 81, 84, 35, 25, 80, 58, 94, 31, 51, 7, 55, 78, 39, 19, 18, 70, 1, 96, 65, 30, 52, 59, 85, 6, 45, 67, 3, 9, 95, 57, 87, 60, 97, 64, 41, 73, 16, 32, 43, 66, 47, 90, 91, 77, 62, 26, 72, 99, 71, 27, 83, 46, 56, 93, 63, 34, 37, 50, 5, 17, 76, 40, 38, 61, 68, 92, 49, 23, 33, 2, 36]"
Sko100b,5700,160324,366.53,6.8,6,70,0.5966,0.5187,10,100,42,"[79, 86, 0, 13, 82, 21, 74, 42, 24, 69, 22, 15, 10, 54, 89, 75, 29, 14, 11, 12, 20, 98, 8, 4, 44, 53, 48, 28, 88, 81, 84, 35, 25, 80, 58, 94, 31, 51, 7, 55, 78, 39, 19, 18, 70, 1, 96, 65, 30, 52, 59, 85, 6, 45, 67, 3, 9, 95, 57, 87, 60, 97, 64, 41, 73, 16, 32, 43, 66, 47, 90, 91, 77, 49, 26, 72, 99, 71, 27, 83, 46, 56, 93, 63, 34, 37, 50, 5, 17, 76, 40, 38, 61, 68, 92, 62, 23, 33, 2, 36]"
Sko100b,5800,160056,369.42,6.8,6,70,0.5966,0.5187,10,100,42,"[79, 86, 0, 54, 82, 21, 74, 42, 24, 69, 22, 15, 10, 13, 89, 75, 29, 14, 11, 12, 20, 98, 8, 58, 44, 53, 48, 28, 88, 81, 84, 35, 25, 80, 4, 31, 94, 51, 7, 55, 78, 39, 19, 18, 67, 1, 96, 65, 30, 52, 59, 85, 26, 45, 70, 3, 9, 95, 57, 87, 60, 97, 64, 41, 73, 16, 32, 43, 66, 47, 90, 91, 77, 49, 6, 72, 99, 71, 27, 83, 46, 56, 93, 63, 34, 37, 50, 5, 17, 76, 40, 38, 61, 68, 92, 62, 23, 33, 2, 36]"
Sko100b,5900,159838,372.42,6.8,6,70,0.5966,0.5187,10,100,42,"[79, 86, 0, 54, 82, 21, 74, 42, 24, 69, 22, 15, 10, 13, 8, 75, 29, 14, 11, 12, 20, 98, 89, 58, 44, 53, 48, 28, 88, 81, 84, 35, 25, 80, 4, 31, 94, 51, 7, 55, 78, 39, 19, 18, 67, 1, 96, 65, 47, 52, 59, 85, 26, 45, 70, 3, 9, 95, 27, 87, 60, 97, 64, 41, 73, 16, 32, 43, 66, 30, 90, 91, 77, 49, 6, 72, 99, 71, 57, 83, 46, 56, 93, 63, 34, 37, 50, 5, 17, 76, 40, 38, 61, 68, 92, 62, 23, 33, 2, 36]"
Sko100b,6000,159838,375.22,6.8,6,70,0.5966,0.5187,10,100,42,"[79, 86, 0, 54, 82, 21, 74, 42, 24, 69, 22, 15, 10, 13, 8, 75, 29, 14, 11, 12, 20, 98, 89, 58, 44, 53, 48, 28, 88, 81, 84, 35, 25, 80, 4, 31, 94, 51, 7, 55, 78, 39, 19, 18, 67, 1, 96, 65, 47, 52, 59, 85, 26, 45, 70, 3, 9, 95, 27, 87, 60, 97, 64, 41, 73, 16, 32, 43, 66, 30, 90, 91, 77, 49, 6, 72, 99, 71, 57, 83, 46, 56, 93, 63, 34, 37, 50, 5, 17, 76, 40, 38, 61, 68, 92, 62, 23, 33, 2, 36]"
Sko100b,6100,159750,378.21,6.8,6,70,0.5966,0.5187,10,100,42,"[79, 86, 0, 54, 82, 21, 74, 42, 24, 69, 22, 15, 10, 13, 8, 75, 29, 14, 11, 12, 20, 98, 89, 58, 44, 96, 48, 28, 88, 81, 19, 35, 25, 80, 4, 31, 94, 51, 7, 55, 78, 39, 84, 18, 67, 1, 53, 65, 47, 52, 59, 85, 26, 45, 70, 3, 9, 95, 27, 87, 60, 97, 64, 41, 73, 16, 32, 43, 66, 30, 90, 91, 77, 49, 6, 72, 99, 71, 57, 83, 46, 56, 93, 63, 34, 37, 50, 5, 17, 76, 40, 38, 61, 68, 92, 62, 23, 33, 2, 36]"
Sko100b,6200,159494,381.19,6.8,6,70,0.5966,0.5187,10,100,42,"[79, 86, 10, 54, 82, 21, 74, 42, 24, 69, 22, 15, 0, 13, 8, 75, 29, 14, 11, 12, 20, 98, 89, 58, 44, 96, 48, 28, 88, 81, 19, 35, 25, 80, 4, 31, 65, 51, 7, 55, 78, 39, 84, 18, 67, 1, 53, 94, 47, 52, 59, 85, 26, 45, 70, 3, 9, 95, 27, 87, 60, 97, 64, 41, 73, 16, 32, 92, 66, 30, 90, 91, 77, 49, 6, 72, 99, 71, 57, 83, 46, 56, 93, 63, 34, 37, 50, 5, 17, 76, 40, 38, 61, 68, 43, 62, 23, 33, 2, 36]"
Sko100b,6300,159494,384.21,6.8,6,70,0.5966,0.5187,10,100,42,"[79, 86, 10, 54, 82, 21, 74, 42, 24, 69, 22, 15, 0, 13, 8, 75, 29, 14, 11, 12, 20, 98, 89, 58, 44, 96, 48, 28, 88, 81, 19, 35, 25, 80, 4, 31, 65, 51, 7, 55, 78, 39, 84, 18, 67, 1, 53, 94, 47, 52, 59, 85, 26, 45, 70, 3, 9, 95, 27, 87, 60, 97, 64, 41, 73, 16, 32, 92, 66, 30, 90, 91, 77, 49, 6, 72, 99, 71, 57, 83, 46, 56, 93, 63, 34, 37, 50, 5, 17, 76, 40, 38, 61, 68, 43, 62, 23, 33, 2, 36]"
Sko100b,6400,159346,387.19,6.8,6,70,0.5966,0.5187,10,100,42,"[79, 86, 10, 54, 82, 21, 74, 42, 24, 69, 22, 15, 0, 89, 8, 75, 29, 14, 11, 12, 20, 98, 13, 58, 44, 96, 48, 28, 88, 81, 19, 35, 25, 80, 4, 31, 65, 51, 7, 55, 78, 39, 84, 18, 67, 1, 53, 94, 47, 52, 90, 85, 26, 45, 70, 3, 9, 95, 27, 87, 60, 97, 64, 41, 73, 16, 32, 92, 66, 30, 59, 91, 77, 49, 6, 72, 99, 71, 57, 83, 46, 56, 93, 63, 34, 37, 50, 5, 17, 76, 40, 38, 61, 68, 43, 62, 23, 33, 2, 36]"
Sko100b,6500,159088,390.16,6.8,6,70,0.5966,0.5187,10,100,42,"[79, 86, 10, 54, 82, 58, 74, 42, 24, 69, 22, 15, 0, 89, 8, 75, 29, 14, 11, 12, 20, 98, 13, 35, 44, 96, 48, 28, 88, 81, 19, 21, 25, 80, 4, 31, 65, 51, 7, 55, 78, 39, 84, 18, 67, 1, 53, 94, 47, 52, 90, 85, 26, 45, 70, 3, 9, 95, 27, 87, 60, 97, 64, 41, 73, 16, 32, 92, 66, 30, 59, 91, 77, 49, 6, 72, 99, 71, 57, 83, 46, 56, 61, 63, 34, 37, 50, 5, 17, 76, 40, 38, 93, 68, 43, 62, 23, 33, 2, 36]"
Sko100b,6600,159034,393.04,6.8,6,70,0.5966,0.5187,10,100,42,"[79, 21, 10, 54, 82, 58, 74, 42, 24, 69, 22, 15, 0, 89, 8, 75, 29, 14, 11, 12, 20, 98, 13, 35, 44, 96, 48, 28, 88, 81, 19, 86, 25, 80, 4, 31, 65, 51, 7, 55, 78, 39, 84, 18, 67, 1, 53, 94, 47, 52, 90, 85, 26, 45, 70, 3, 9, 95, 27, 87, 60, 97, 64, 41, 73, 16, 32, 92, 66, 30, 59, 91, 77, 49, 6, 72, 99, 71, 57, 83, 46, 56, 61, 63, 34, 37, 50, 5, 17, 76, 40, 38, 93, 68, 43, 62, 23, 33, 2, 36]"
Sko100b,100,177656,395.97,6.8,6,70,0.5966,0.5187,10,100,42,"[37, 20, 43, 53, 85, 80, 33, 82, 62, 19, 11, 36, 41, 93, 2, 52, 75, 59, 27, 22, 66, 42, 84, 74, 57, 87, 61, 79, 96, 29, 38, 91, 13, 21, 30, 23, 51, 67, 6, 18, 31, 73, 50, 44, 69, 76, 12, 15, 39, 70, 47, 90, 99, 4, 89, 92, 17, 0, 68, 56, 1, 46, 88, 28, 94, 72, 98, 78, 40, 83, 60, 26, 16, 55, 86, 45, 49, 64, 58, 14, 3, 25, 48, 34, 5, 8, 97, 77, 24, 10, 71, 95, 63, 32, 81, 54, 7, 65, 35, 9]"
Sko100b,200,177352,398.9,6.8,6,70,0.5966,0.5187,10,100,42,"[37, 20, 43, 53, 85, 40, 33, 82, 62, 19, 11, 36, 41, 93, 2, 52, 75, 59, 27, 22, 12, 1, 5, 74, 57, 87, 61, 79, 96, 29, 38, 91, 13, 90, 30, 23, 51, 67, 6, 18, 31, 73, 50, 44, 69, 76, 66, 15, 39, 70, 47, 21, 99, 4, 89, 92, 17, 55, 68, 56, 42, 46, 88, 28, 94, 72, 98, 78, 80, 83, 60, 26, 16, 0, 86, 45, 49, 64, 58, 14, 3, 25, 48, 34, 84, 8, 97, 77, 24, 10, 71, 95, 63, 32, 81, 54, 7, 65, 35, 9]"
Sko100b,300,176776,401.86,6.8,6,70,0.5966,0.5187,10,100,42,"[0, 87, 43, 56, 4, 29, 71, 58, 35, 38, 93, 27, 63, 65, 2, 62, 23, 15, 36, 85, 86, 42, 5, 8, 57, 10, 44, 47, 96, 22, 25, 59, 13, 55, 79, 21, 45, 67, 61, 6, 73, 91, 40, 72, 66, 78, 68, 80, 46, 31, 77, 69, 83, 37, 99, 64, 11, 50, 33, 24, 76, 17, 14, 39, 81, 20, 48, 60, 30, 19, 34, 16, 18, 12, 75, 82, 89, 52, 32, 84, 88, 49, 51, 74, 7, 92, 90, 28, 94, 54, 70, 3, 98, 97, 26, 9, 53, 1, 41, 95]"
Sko100b,400,175800,404.85,6.8,6,70,0.5966,0.5187,10,100,42,"[0, 81, 47, 17, 72, 74, 84, 58, 51, 56, 93, 99, 65, 63, 10, 62, 22, 96, 24, 15, 35, 60, 43, 7, 21, 42, 44, 87, 28, 50, 57, 12, 64, 18, 19, 5, 45, 67, 61, 6, 41, 59, 40, 4, 73, 78, 25, 26, 46, 68, 38, 69, 83, 75, 29, 27, 11, 66, 33, 97, 76, 91, 14, 39, 2, 95, 1, 85, 23, 34, 30, 3, 31, 77, 49, 82, 89, 52, 16, 71, 55, 86, 37, 80, 8, 92, 90, 88, 94, 54, 70, 13, 98, 36, 20, 53, 9, 48, 32, 79]"
Sko100b,500,175800,407.85,6.8,6,70,0.5966,0.5187,10,100,42,"[0, 81, 47, 17, 72, 74, 84, 58, 51, 56, 93, 99, 65, 63, 10, 62, 22, 96, 24, 15, 35, 60, 43, 7, 21, 42, 44, 87, 28, 50, 57, 12, 64, 18, 19, 5, 45, 67, 61, 6, 41, 59, 40, 4, 73, 78, 25, 26, 46, 68, 38, 69, 83, 75, 29, 27, 11, 66, 33, 97, 76, 91, 14, 39, 2, 95, 1, 85, 23, 34, 30, 3, 31, 77, 49, 82, 89, 52, 16, 71, 55, 86, 37, 80, 8, 92, 90, 88, 94, 54, 70, 13, 98, 36, 20, 53, 9, 48, 32, 79]"
Sko100b,600,175210,410.6,6.8,6,70,0.5966,0.5187,10,100,42,"[7, 61, 64, 76, 17, 15, 68, 26, 87, 81, 25, 55, 96, 69, 95, 73, 34, 70, 2, 49, 71, 47, 62, 72, 59, 5, 77, 78, 88, 50, 93, 12, 8, 41, 90, 58, 83, 40, 92, 23, 74, 18, 22, 80, 35, 20, 98, 1, 28, 57, 84, 16, 38, 65, 45, 99, 67, 85, 48, 14, 21, 0, 4, 44, 56, 33, 39, 89, 13, 11, 82, 43, 52, 63, 53, 66, 46, 36, 30, 94, 75, 86, 60, 19, 27, 97, 3, 24, 29, 91, 54, 10, 31, 42, 37, 6, 9, 51, 32, 79]"
Sko100b,700,174352,413.64,7.14,6,70,0.5966,0.5187,10,100,42,"[16, 69, 64, 76, 9, 15, 68, 26, 87, 78, 61, 89, 94, 71, 62, 37, 5, 8, 43, 49, 25, 0, 72, 95, 59, 34, 77, 99, 84, 32, 63, 12, 2, 41, 38, 17, 70, 40, 97, 23, 74, 18, 22, 50, 24, 20, 90, 1, 83, 57, 53, 47, 51, 80, 28, 66, 46, 85, 48, 73, 21, 7, 4, 81, 56, 33, 39, 55, 91, 11, 82, 52, 30, 65, 88, 60, 67, 44, 35, 96, 75, 86, 14, 19, 27, 98, 3, 45, 29, 13, 54, 10, 31, 42, 58, 6, 36, 92, 93, 79]"
Sko100b,800,174352,416.42,7.14,6,70,0.5966,0.5187,10,100,42,"[16, 69, 64, 76, 9, 15, 68, 26, 87, 78, 61, 89, 94, 71, 62, 37, 5, 8, 43, 49, 25, 0, 72, 95, 59, 34, 77, 99, 84, 32, 63, 12, 2, 41, 38, 17, 70, 40, 97, 23, 74, 18, 22, 50, 24, 20, 90, 1, 83, 57, 53, 47, 51, 80, 28, 66, 46, 85, 48, 73, 21, 7, 4, 81, 56, 33, 39, 55, 91, 11, 82, 52, 30, 65, 88, 60, 67, 44, 35, 96, 75, 86, 14, 19, 27, 98, 3, 45, 29, 13, 54, 10, 31, 42, 58, 6, 36, 92, 93, 79]"
Sko100b,900,174226,419.18,7.14,6,70,0.5966,0.5187,10,100,42,"[91, 46, 3, 88, 9, 61, 85, 20, 41, 15, 38, 77, 94, 47, 92, 49, 71, 31, 54, 37, 50, 0, 93, 95, 55, 2, 10, 29, 39, 78, 97, 21, 56, 89, 1, 42, 81, 11, 25, 30, 64, 32, 51, 16, 34, 26, 84, 60, 74, 13, 33, 72, 73, 19, 48, 83, 80, 59, 99, 70, 57, 7, 82, 75, 5, 35, 63, 90, 6, 52, 14, 67, 66, 69, 22, 44, 4, 86, 8, 96, 12, 62, 27, 53, 65, 98, 23, 76, 17, 40, 87, 68, 58, 18, 24, 43, 28, 36, 45, 79]"
Sko100b,1000,174226,421.91,7.14,6,70,0.5966,0.5187,10,100,42,"[91, 46, 3, 88, 9, 61, 85, 20, 41, 15, 38, 77, 94, 47, 92, 49, 71, 31, 54, 37, 50, 0, 93, 95, 55, 2, 10, 29, 39, 78, 97, 21, 56, 89, 1, 42, 81, 11, 25, 30, 64, 32, 51, 16, 34, 26, 84, 60, 74, 13, 33, 72, 73, 19, 48, 83, 80, 59, 99, 70, 57, 7, 82, 75, 5, 35, 63, 90, 6, 52, 14, 67, 66, 69, 22, 44, 4, 86, 8, 96, 12, 62, 27, 53, 65, 98, 23, 76, 17, 40, 87, 68, 58, 18, 24, 43, 28, 36, 45, 79]"
Sko100b,1100,174226,424.56,7.14,6,70,0.5966,0.5187,10,100,42,"[91, 46, 3, 88, 9, 61, 85, 20, 41, 15, 38, 77, 94, 47, 92, 49, 71, 31, 54, 37, 50, 0, 93, 95, 55, 2, 10, 29, 39, 78, 97, 21, 56, 89, 1, 42, 81, 11, 25, 30, 64, 32, 51, 16, 34, 26, 84, 60, 74, 13, 33, 72, 73, 19, 48, 83, 80, 59, 99, 70, 57, 7, 82, 75, 5, 35, 63, 90, 6, 52, 14, 67, 66, 69, 22, 44, 4, 86, 8, 96, 12, 62, 27, 53, 65, 98, 23, 76, 17, 40, 87, 68, 58, 18, 24, 43, 28, 36, 45, 79]"
Sko100b,1200,174154,427.39,7.14,6,70,0.5966,0.5187,10,100,42,"[64, 46, 3, 29, 14, 66, 60, 93, 24, 49, 38, 19, 94, 5, 97, 79, 12, 45, 54, 27, 95, 57, 75, 69, 11, 7, 53, 25, 48, 76, 28, 0, 42, 10, 89, 52, 62, 18, 16, 85, 1, 15, 86, 65, 13, 4, 82, 74, 68, 40, 17, 33, 59, 8, 31, 51, 37, 9, 41, 70, 50, 80, 67, 71, 30, 83, 6, 61, 78, 23, 81, 26, 39, 36, 92, 96, 43, 73, 90, 98, 22, 72, 56, 35, 84, 21, 91, 2, 99, 44, 20, 63, 55, 32, 58, 87, 47, 34, 88, 77]"
Sko100b,1300,172544,430.36,7.14,6,70,0.5966,0.5187,10,100,42,"[64, 46, 79, 0, 1, 45, 60, 5, 54, 49, 38, 39, 83, 19, 43, 6, 57, 99, 58, 8, 2, 30, 75, 69, 11, 67, 24, 25, 3, 76, 65, 29, 27, 10, 56, 12, 31, 68, 16, 82, 14, 15, 93, 80, 13, 4, 71, 84, 23, 96, 86, 47, 44, 42, 35, 50, 95, 18, 41, 70, 34, 72, 28, 66, 94, 63, 40, 85, 52, 53, 48, 74, 20, 7, 92, 87, 37, 73, 9, 91, 22, 89, 17, 61, 90, 59, 32, 97, 21, 88, 51, 26, 55, 98, 62, 78, 81, 36, 33, 77]"
Sko100b,1400,172544,433.42,7.14,6,70,0.5966,0.5187,10,100,42,"[64, 46, 79, 0, 1, 45, 60, 5, 54, 49, 38, 39, 83, 19, 43, 6, 57, 99, 58, 8, 2, 30, 75, 69, 11, 67, 24, 25, 3, 76, 65, 29, 27, 10, 56, 12, 31, 68, 16, 82, 14, 15, 93, 80, 13, 4, 71, 84, 23, 96, 86, 47, 44, 42, 35, 50, 95, 18, 41, 70, 34, 72, 28, 66, 94, 63, 40, 85, 52, 53, 48, 74, 20, 7, 92, 87, 37, 73, 9, 91, 22, 89, 17, 61, 90, 59, 32, 97, 21, 88, 51, 26, 55, 98, 62, 78, 81, 36, 33, 77]"
Sko100b,1500,171612,436.57,7.14,6,70,0.5966,0.5187,10,100,42,"[24, 66, 25, 0, 77, 64, 37, 46, 54, 49, 38, 28, 17, 34, 81, 5, 53, 78, 7, 79, 21, 48, 85, 11, 83, 67, 1, 60, 3, 2, 99, 58, 44, 10, 63, 13, 84, 19, 16, 31, 56, 72, 8, 80, 36, 4, 94, 6, 30, 82, 98, 75, 61, 45, 35, 95, 71, 18, 41, 33, 57, 76, 20, 27, 96, 86, 12, 68, 39, 23, 29, 74, 43, 69, 26, 65, 87, 52, 93, 91, 22, 97, 90, 89, 40, 42, 32, 92, 73, 88, 14, 51, 55, 62, 47, 9, 50, 59, 70, 15]"
Sko100b,1600,171298,439.48,7.14,6,70,0.5966,0.5187,10,100,42,"[24, 66, 43, 85, 77, 49, 16, 84, 64, 54, 38, 34, 56, 2, 81, 5, 53, 78, 7, 79, 21, 48, 46, 11, 72, 37, 47, 96, 52, 23, 17, 58, 44, 36, 83, 3, 0, 92, 95, 31, 99, 25, 35, 80, 98, 4, 73, 39, 30, 67, 13, 14, 61, 41, 10, 71, 26, 18, 45, 40, 57, 76, 88, 82, 86, 8, 12, 68, 6, 60, 29, 74, 51, 69, 28, 1, 87, 27, 63, 91, 22, 97, 90, 89, 70, 65, 32, 93, 94, 19, 75, 33, 55, 62, 42, 59, 50, 9, 20, 15]"
Sko100b,1700,171298,442.34,7.14,6,70,0.5966,0.5187,10,100,42,"[24, 66, 43, 85, 77, 49, 16, 84, 64, 54, 38, 34, 56, 2, 81, 5, 53, 78, 7, 79, 21, 48, 46, 11, 72, 37, 47, 96, 52, 23, 17, 58, 44, 36, 83, 3, 0, 92, 95, 31, 99, 25, 35, 80, 98, 4, 73, 39, 30, 67, 13, 14, 61, 41, 10, 71, 26, 18, 45, 40, 57, 76, 88, 82, 86, 8, 12, 68, 6, 60, 29, 74, 51, 69, 28, 1, 87, 27, 63, 91, 22, 97, 90, 89, 70, 65, 32, 93, 94, 19, 75, 33, 55, 62, 42, 59, 50, 9, 20, 15]"
Sko100b,1800,171298,445.7,6.75,6,70,0.5966,0.5187,10,100,42,"[24, 66, 43, 85, 77, 49, 16, 84, 64, 54, 38, 34, 56, 2, 81, 5, 53, 78, 7, 79, 21, 48, 46, 11, 72, 37, 47, 96, 52, 23, 17, 58, 44, 36, 83, 3, 0, 92, 95, 31, 99, 25, 35, 80, 98, 4, 73, 39, 30, 67, 13, 14, 61, 41, 10, 71, 26, 18, 45, 40, 57, 76, 88, 82, 86, 8, 12, 68, 6, 60, 29, 74, 51, 69, 28, 1, 87, 27, 63, 91, 22, 97, 90, 89, 70, 65, 32, 93, 94, 19, 75, 33, 55, 62, 42, 59, 50, 9, 20, 15]"
Sko100b,1900,171184,448.88,5.64,6,70,0.5966,0.5187,10,100,42,"[91, 11, 24, 4, 76, 83, 33, 84, 78, 2, 43, 39, 23, 63, 38, 85, 99, 41, 93, 17, 25, 48, 6, 81, 45, 19, 58, 31, 47, 56, 57, 65, 27, 49, 5, 67, 96, 77, 52, 46, 0, 8, 71, 66, 32, 82, 54, 61, 30, 87, 13, 7, 69, 42, 92, 68, 98, 62, 50, 40, 3, 18, 44, 74, 9, 1, 34, 10, 12, 37, 29, 14, 51, 26, 28, 80, 64, 21, 86, 60, 22, 53, 97, 88, 36, 20, 95, 72, 90, 73, 75, 59, 79, 94, 89, 35, 15, 16, 70, 55]"
Sko100b,2000,170460,451.48,5.64,6,70,0.5966,0.5187,10,100,42,"[91, 11, 24, 4, 76, 23, 12, 85, 78, 2, 43, 39, 8, 63, 38, 88, 86, 41, 93, 50, 48, 69, 6, 84, 45, 19, 58, 47, 31, 56, 57, 65, 81, 82, 5, 67, 9, 3, 83, 46, 71, 66, 0, 30, 32, 96, 54, 61, 40, 87, 13, 26, 25, 42, 62, 34, 98, 92, 21, 68, 35, 18, 52, 74, 44, 1, 73, 59, 33, 77, 29, 14, 51, 97, 28, 80, 64, 17, 99, 60, 22, 89, 7, 27, 36, 20, 95, 72, 90, 37, 75, 79, 10, 94, 53, 49, 15, 16, 70, 55]"
Sko100b,2100,169350,454.32,5.64,6,70,0.5966,0.5187,10,100,42,"[91, 19, 24, 4, 76, 23, 12, 85, 63, 2, 43, 39, 40, 78, 38, 88, 27, 77, 56, 50, 48, 69, 6, 84, 45, 81, 58, 47, 31, 93, 7, 13, 30, 82, 44, 5, 32, 3, 83, 46, 66, 71, 0, 18, 9, 96, 41, 61, 8, 87, 65, 26, 11, 75, 67, 34, 62, 92, 21, 68, 35, 25, 94, 74, 98, 1, 73, 49, 33, 54, 29, 14, 51, 97, 28, 80, 64, 17, 99, 60, 22, 89, 57, 86, 36, 20, 95, 72, 15, 37, 42, 79, 10, 70, 53, 59, 90, 16, 52, 55]"
Sko100b,2200,168998,456.9,5.64,6,70,0.5966,0.5187,10,100,42,"[87, 71, 24, 4, 76, 52, 12, 38, 55, 58, 88, 11, 40, 78, 43, 85, 51, 77, 56, 50, 26, 13, 31, 84, 45, 81, 2, 47, 6, 91, 21, 69, 30, 82, 44, 7, 32, 3, 94, 34, 66, 19, 57, 28, 54, 96, 41, 61, 17, 93, 65, 48, 39, 75, 67, 53, 16, 8, 5, 68, 35, 25, 83, 74, 98, 1, 73, 49, 33, 62, 29, 14, 80, 97, 18, 27, 64, 92, 99, 60, 22, 89, 0, 86, 36, 20, 95, 72, 15, 37, 42, 79, 10, 70, 46, 59, 90, 9, 23, 63]"
Sko100b,2300,167830,459.61,5.64,6,70,0.5966,0.5187,10,100,42,"[87, 29, 24, 31, 50, 56, 34, 38, 55, 58, 88, 11, 40, 78, 43, 85, 51, 28, 76, 90, 97, 13, 4, 86, 45, 81, 46, 47, 12, 32, 21, 10, 30, 82, 66, 7, 39, 3, 41, 6, 44, 19, 57, 20, 73, 96, 16, 61, 17, 93, 65, 48, 2, 75, 67, 53, 94, 95, 64, 68, 14, 25, 83, 74, 98, 1, 99, 49, 33, 62, 42, 35, 80, 8, 18, 27, 5, 92, 54, 60, 22, 89, 69, 70, 36, 77, 26, 72, 15, 37, 71, 79, 0, 84, 52, 59, 91, 9, 23, 63]"
Sko100b,2400,166298,462.32,5.64,6,70,0.5966,0.5187,10,100,42,"[87, 13, 24, 36, 50, 56, 34, 38, 46, 58, 20, 11, 40, 78, 43, 85, 45, 6, 76, 23, 5, 28, 4, 86, 27, 81, 55, 47, 12, 32, 21, 2, 30, 82, 66, 7, 39, 3, 41, 92, 44, 19, 57, 88, 73, 96, 98, 9, 17, 93, 65, 29, 10, 35, 67, 53, 94, 95, 64, 68, 14, 25, 83, 74, 16, 31, 18, 49, 33, 54, 42, 89, 80, 8, 48, 51, 97, 99, 62, 60, 22, 75, 69, 70, 1, 77, 26, 72, 15, 37, 71, 79, 0, 84, 52, 59, 91, 61, 90, 63]"
Sko100b,2500,166092,465.53,5.08,6,70,0.5966,0.5187,10,100,42,"[87, 13, 19, 36, 50, 56, 34, 38, 46, 58, 20, 30, 40, 78, 43, 7, 45, 6, 76, 23, 5, 28, 4, 86, 27, 81, 55, 47, 12, 32, 11, 2, 21, 82, 66, 85, 39, 3, 41, 92, 44, 24, 57, 88, 73, 96, 98, 9, 17, 93, 65, 29, 10, 35, 67, 53, 94, 95, 64, 68, 14, 25, 83, 74, 16, 31, 1, 49, 33, 63, 42, 89, 80, 8, 48, 51, 97, 99, 62, 60, 22, 75, 69, 70, 18, 77, 26, 72, 15, 37, 71, 79, 0, 84, 52, 59, 91, 61, 90, 54]"
Sko100b,2600,165488,468.91,4.8,6,70,0.5966,0.5187,10,100,42,"[82, 13, 24, 40, 47, 56, 96, 38, 46, 95, 11, 30, 81, 78, 43, 19, 45, 6, 76, 23, 5, 28, 4, 7, 87, 27, 55, 50, 12, 68, 20, 2, 21, 36, 66, 85, 39, 32, 88, 92, 44, 86, 57, 41, 51, 34, 98, 9, 17, 93, 14, 29, 10, 35, 53, 67, 94, 58, 64, 3, 65, 25, 83, 74, 16, 31, 1, 49, 33, 63, 42, 89, 80, 8, 48, 73, 97, 15, 62, 60, 22, 75, 69, 70, 18, 77, 99, 72, 59, 37, 71, 79, 0, 84, 52, 26, 91, 61, 90, 54]"
Sko100b,2700,165266,471.95,4.8,6,70,0.5966,0.5187,10,100,42,"[82, 13, 24, 40, 47, 56, 96, 38, 46, 63, 11, 29, 81, 78, 43, 19, 45, 6, 76, 23, 5, 28, 4, 7, 27, 87, 55, 36, 12, 88, 20, 66, 21, 50, 2, 85, 98, 32, 68, 92, 44, 86, 57, 64, 51, 34, 39, 95, 61, 93, 14, 30, 10, 35, 48, 67, 94, 58, 41, 3, 65, 25, 83, 74, 53, 31, 1, 73, 33, 9, 42, 89, 91, 8, 16, 49, 97, 99, 62, 72, 22, 75, 69, 70, 18, 77, 15, 60, 59, 37, 71, 79, 0, 84, 52, 26, 80, 17, 90, 54]"
Sko100b,2800,165020,474.62,4.8,6,70,0.5966,0.5187,10,100,42,"[82, 13, 24, 40, 39, 56, 2, 38, 46, 63, 11, 29, 4, 68, 47, 19, 45, 6, 76, 23, 5, 28, 81, 7, 27, 55, 87, 51, 12, 88, 20, 86, 21, 78, 43, 85, 98, 32, 50, 92, 44, 66, 57, 64, 36, 34, 96, 95, 61, 93, 14, 30, 10, 35, 48, 67, 94, 58, 41, 3, 65, 25, 83, 74, 53, 31, 1, 73, 33, 9, 42, 89, 91, 8, 16, 49, 60, 99, 62, 72, 22, 75, 69, 70, 37, 52, 15, 97, 59, 18, 71, 79, 0, 84, 77, 26, 80, 17, 90, 54]"
Sko100b,2900,164208,477.52,4.8,6,70,0.5966,0.5187,10,100,42,"[43, 13, 24, 40, 39, 56, 2, 38, 46, 63, 11, 29, 4, 68, 36, 19, 45, 76, 6, 23, 5, 21, 81, 7, 27, 55, 87, 51, 12, 88, 20, 86, 66, 78, 10, 85, 98, 32, 50, 97, 44, 28, 57, 64, 47, 34, 96, 95, 61, 93, 14, 30, 82, 35, 48, 67, 94, 58, 41, 3, 91, 25, 83, 74, 53, 31, 1, 73, 33, 9, 42, 89, 65, 8, 49, 16, 60, 18, 62, 72, 22, 0, 69, 70, 37, 52, 15, 92, 59, 17, 71, 79, 75, 84, 77, 26, 80, 99, 90, 54]"
Sko100b,3000,164038,480.14,4.81,6,70,0.5966,0.5187,10,100,42,"[43, 13, 24, 40, 39, 56, 2, 38, 46, 63, 11, 28, 4, 68, 36, 19, 45, 76, 6, 23, 5, 86, 81, 7, 27, 55, 87, 97, 12, 88, 20, 21, 66, 96, 10, 85, 98, 95, 50, 51, 44, 29, 57, 58, 47, 52, 78, 32, 61, 93, 14, 30, 82, 80, 67, 48, 94, 64, 41, 3, 91, 25, 83, 74, 53, 31, 1, 73, 9, 33, 42, 89, 65, 8, 49, 60, 16, 18, 62, 37, 22, 0, 69, 70, 72, 34, 15, 92, 59, 17, 71, 79, 75, 84, 77, 26, 35, 99, 90, 54]"
Sko100b,3100,163938,482.82,4.81,6,70,0.5966,0.5187,10,100,42,"[43, 13, 24, 40, 39, 56, 2, 38, 46, 63, 11, 28, 68, 4, 87, 19, 45, 76, 6, 23, 5, 86, 81, 7, 27, 55, 36, 97, 12, 88, 20, 21, 66, 96, 10, 85, 98, 95, 50, 51, 44, 29, 57, 58, 47, 52, 78, 32, 41, 93, 0, 30, 82, 80, 67, 48, 94, 64, 61, 3, 74, 25, 83, 65, 53, 31, 1, 73, 9, 33, 89, 14, 71, 8, 49, 60, 16, 18, 62, 37, 42, 79, 69, 70, 72, 34, 15, 92, 59, 17, 91, 22, 75, 84, 77, 26, 35, 99, 90, 54]"
Sko100b,3200,163564,486.24,4.68,6,70,0.5966,0.5187,10,100,42,"[43, 13, 24, 40, 39, 56, 2, 38, 46, 63, 11, 28, 68, 4, 87, 19, 45, 23, 6, 76, 5, 86, 81, 7, 27, 55, 36, 97, 12, 88, 20, 21, 66, 96, 10, 85, 51, 95, 50, 92, 44, 29, 57, 67, 47, 52, 78, 32, 41, 93, 0, 30, 65, 80, 58, 48, 94, 64, 61, 3, 74, 25, 83, 82, 53, 31, 1, 73, 9, 33, 89, 14, 71, 8, 49, 60, 16, 18, 62, 37, 42, 79, 69, 70, 34, 72, 15, 98, 59, 17, 91, 22, 75, 84, 77, 26, 35, 99, 90, 54]"
Sko100b,3300,163544,489.38,4.61,6,70,0.5966,0.5187,10,100,42,"[43, 13, 86, 19, 39, 56, 2, 40, 46, 63, 11, 28, 68, 4, 87, 38, 45, 23, 6, 76, 5, 24, 81, 7, 27, 55, 36, 97, 12, 88, 20, 21, 66, 96, 10, 85, 51, 95, 50, 47, 44, 29, 57, 67, 92, 52, 78, 32, 31, 93, 25, 30, 65, 80, 58, 48, 94, 64, 61, 3, 74, 0, 83, 82, 53, 41, 1, 73, 9, 33, 89, 14, 71, 8, 49, 60, 16, 18, 90, 37, 42, 79, 69, 70, 34, 72, 15, 98, 99, 17, 91, 22, 75, 84, 77, 26, 35, 59, 62, 54]"
Sko100b,3400,163248,492.22,4.61,6,70,0.5966,0.5187,10,100,42,"[43, 13, 86, 19, 39, 56, 2, 40, 46, 63, 11, 28, 68, 4, 87, 38, 45, 23, 97, 76, 5, 24, 81, 7, 27, 55, 36, 6, 12, 88, 20, 21, 66, 96, 92, 85, 51, 95, 50, 47, 44, 29, 57, 67, 10, 52, 78, 32, 31, 17, 25, 30, 65, 35, 58, 48, 94, 64, 61, 3, 74, 0, 83, 82, 53, 41, 1, 73, 9, 33, 89, 14, 71, 91, 49, 60, 80, 18, 90, 37, 42, 79, 69, 70, 34, 72, 15, 98, 99, 93, 8, 22, 75, 84, 77, 26, 16, 59, 62, 54]"
Sko100b,3500,162466,495.41,4.61,6,70,0.5966,0.5187,10,100,42,"[43, 13, 86, 19, 5, 56, 2, 40, 46, 47, 11, 28, 68, 4, 87, 23, 45, 38, 97, 76, 39, 24, 81, 7, 27, 78, 36, 6, 12, 88, 20, 21, 66, 96, 92, 85, 51, 95, 50, 63, 44, 29, 57, 67, 10, 52, 55, 32, 64, 3, 25, 82, 65, 35, 58, 48, 94, 31, 61, 17, 74, 0, 83, 30, 53, 41, 1, 73, 9, 33, 42, 14, 71, 91, 49, 60, 80, 18, 90, 37, 79, 89, 69, 70, 15, 72, 34, 98, 99, 93, 8, 22, 75, 84, 77, 26, 16, 59, 62, 54]"
Sko100b,3600,162428,498.23,4.61,6,70,0.5966,0.5187,10,100,42,"[43, 13, 86, 19, 5, 56, 2, 40, 47, 46, 11, 28, 68, 4, 76, 23, 45, 38, 97, 87, 39, 24, 81, 7, 27, 78, 36, 6, 12, 88, 20, 21, 66, 96, 92, 85, 51, 95, 50, 63, 44, 29, 57, 52, 10, 98, 55, 32, 64, 3, 25, 82, 65, 35, 67, 48, 94, 31, 61, 17, 74, 0, 83, 49, 15, 41, 1, 73, 9, 33, 42, 14, 71, 91, 30, 60, 80, 18, 90, 37, 79, 89, 69, 70, 53, 72, 34, 58, 99, 93, 8, 22, 75, 84, 77, 26, 16, 59, 62, 54]"
Sko100b,3700,162226,501.3,4.61,6,70,0.5966,0.5187,10,100,42,"[43, 13, 86, 19, 7, 56, 2, 40, 47, 46, 11, 28, 68, 4, 76, 23, 45, 38, 97, 88, 39, 24, 81, 5, 27, 78, 92, 6, 12, 87, 20, 21, 66, 96, 36, 85, 51, 95, 50, 63, 44, 29, 57, 52, 10, 98, 55, 32, 64, 3, 0, 82, 65, 35, 67, 48, 94, 31, 61, 17, 74, 25, 83, 49, 15, 41, 1, 73, 9, 33, 42, 14, 71, 91, 30, 60, 80, 18, 90, 37, 79, 89, 69, 70, 53, 72, 34, 58, 99, 93, 8, 22, 75, 84, 77, 26, 16, 59, 62, 54]"
Sko100b,3800,162158,504.54,4.57,6,70,0.5966,0.5187,10,100,42,"[43, 13, 24, 19, 7, 56, 38, 40, 47, 46, 11, 81, 68, 4, 76, 23, 45, 2, 97, 88, 39, 10, 28, 5, 27, 78, 92, 6, 12, 87, 20, 21, 66, 85, 36, 96, 51, 95, 50, 63, 44, 29, 57, 52, 86, 67, 55, 9, 64, 3, 0, 82, 83, 35, 98, 48, 94, 34, 61, 17, 74, 25, 65, 49, 15, 41, 1, 73, 32, 33, 42, 14, 71, 91, 30, 77, 80, 18, 90, 16, 79, 89, 69, 84, 53, 72, 31, 58, 99, 93, 8, 22, 75, 70, 60, 26, 37, 59, 62, 54]"
Sko100b,3900,161864,507.41,4.57,6,70,0.5966,0.5187,10,100,42,"[43, 13, 24, 19, 7, 56, 38, 40, 47, 46, 11, 81, 68, 4, 76, 23, 45, 2, 97, 88, 39, 10, 28, 5, 27, 78, 92, 6, 87, 12, 20, 21, 66, 85, 36, 96, 51, 95, 50, 73, 44, 42, 57, 52, 86, 67, 55, 9, 64, 99, 0, 82, 83, 35, 98, 48, 94, 34, 61, 17, 29, 25, 65, 49, 15, 41, 1, 63, 32, 33, 74, 14, 71, 91, 30, 77, 80, 18, 90, 16, 79, 89, 69, 84, 53, 72, 31, 58, 3, 93, 8, 22, 75, 70, 60, 26, 37, 59, 62, 54]"
Sko100b,4000,161770,510.11,4.57,6,70,0.5966,0.5187,10,100,42,"[76, 13, 24, 19, 7, 56, 38, 40, 47, 46, 11, 81, 68, 4, 43, 23, 45, 2, 97, 88, 39, 10, 28, 5, 27, 78, 92, 55, 87, 12, 20, 21, 66, 85, 36, 96, 95, 51, 50, 73, 44, 42, 57, 52, 86, 67, 6, 9, 64, 99, 0, 82, 83, 35, 98, 84, 94, 34, 61, 17, 29, 25, 65, 49, 15, 41, 1, 63, 32, 33, 74, 14, 71, 91, 30, 77, 80, 18, 90, 16, 79, 89, 69, 48, 70, 72, 31, 58, 3, 93, 8, 22, 75, 53, 60, 26, 37, 59, 62, 54]"
Sko100b,4100,161430,513.2,4.57,6,70,0.5966,0.5187,10,100,42,"[76, 13, 24, 19, 55, 56, 38, 40, 47, 46, 11, 81, 68, 4, 43, 23, 45, 2, 97, 88, 39, 10, 28, 5, 27, 78, 92, 7, 87, 12, 20, 21, 66, 85, 36, 96, 95, 51, 50, 73, 44, 42, 57, 52, 86, 67, 6, 9, 64, 99, 0, 82, 83, 35, 53, 84, 94, 34, 61, 17, 29, 25, 65, 49, 15, 41, 1, 3, 32, 33, 74, 14, 71, 77, 30, 91, 80, 18, 90, 16, 79, 89, 69, 48, 70, 26, 31, 58, 63, 93, 8, 22, 75, 98, 60, 72, 37, 59, 62, 54]"
Sko100b,4200,161226,516.15,4.57,6,70,0.5966,0.5187,10,100,42,"[76, 13, 24, 19, 55, 56, 38, 40, 47, 58, 11, 81, 68, 4, 43, 23, 45, 2, 97, 88, 39, 10, 28, 5, 27, 78, 92, 7, 87, 12, 20, 21, 66, 85, 36, 96, 95, 51, 50, 73, 98, 42, 57, 52, 86, 80, 6, 9, 64, 99, 0, 82, 71, 35, 53, 84, 94, 34, 32, 17, 29, 25, 65, 49, 15, 41, 1, 3, 61, 33, 74, 14, 83, 77, 30, 91, 67, 18, 90, 16, 79, 89, 69, 48, 70, 26, 31, 46, 63, 93, 8, 22, 75, 44, 60, 72, 37, 59, 62, 54]"
Sko100b,4300,160978,518.77,4.57,6,70,0.5966,0.5187,10,100,42,"[76, 13, 24, 19, 55, 56, 38, 40, 47, 58, 11, 81, 68, 4, 43, 23, 45, 97, 2, 88, 39, 10, 28, 5, 27, 78, 92, 7, 87, 12, 20, 21, 66, 85, 36, 96, 95, 51, 50, 73, 98, 42, 57, 52, 86, 80, 9, 6, 64, 99, 0, 82, 71, 35, 53, 84, 94, 18, 32, 17, 29, 25, 65, 49, 15, 41, 1, 3, 61, 33, 74, 14, 83, 77, 30, 91, 67, 34, 90, 16, 79, 89, 8, 48, 70, 26, 31, 46, 63, 93, 69, 22, 75, 44, 60, 72, 37, 59, 62, 54]"
Sko100b,4400,160876,521.87,4.55,6,70,0.5966,0.5187,10,100,42,"[76, 13, 24, 19, 55, 56, 38, 40, 47, 58, 11, 81, 68, 4, 43, 23, 45, 97, 2, 88, 39, 10, 28, 5, 27, 78, 92, 7, 87, 12, 20, 21, 66, 85, 98, 96, 95, 51, 50, 73, 36, 42, 57, 52, 86, 80, 9, 6, 64, 99, 0, 82, 71, 35, 53, 84, 94, 18, 32, 17, 29, 25, 65, 49, 67, 41, 1, 3, 61, 33, 74, 14, 83, 77, 30, 91, 15, 34, 90, 16, 79, 89, 8, 48, 70, 26, 31, 46, 63, 93, 69, 22, 75, 44, 60, 72, 37, 59, 62, 54]"
Sko100b,4500,160732,524.72,4.55,6,70,0.5966,0.5187,10,100,42,"[76, 13, 24, 19, 55, 56, 38, 40, 47, 58, 81, 11, 43, 4, 68, 23, 45, 97, 2, 88, 39, 10, 28, 5, 85, 78, 92, 7, 87, 12, 20, 21, 66, 27, 98, 96, 95, 51, 50, 73, 36, 42, 57, 52, 86, 80, 9, 6, 64, 99, 0, 82, 71, 35, 53, 84, 94, 18, 32, 17, 74, 25, 65, 49, 67, 41, 1, 3, 61, 33, 29, 14, 83, 77, 30, 91, 15, 34, 31, 16, 79, 89, 8, 48, 70, 26, 90, 46, 63, 93, 69, 22, 75, 44, 60, 72, 37, 59, 62, 54]"
Sko100b,4600,160580,527.42,4.55,6,70,0.5966,0.5187,10,100,42,"[76, 13, 24, 19, 55, 56, 38, 40, 47, 58, 81, 11, 43, 27, 68, 23, 45, 97, 2, 88, 39, 10, 28, 5, 85, 78, 92, 7, 87, 12, 20, 21, 66, 4, 98, 96, 95, 51, 50, 73, 36, 42, 57, 52, 86, 80, 9, 6, 99, 64, 0, 82, 71, 35, 53, 84, 94, 18, 32, 17, 74, 25, 65, 49, 67, 41, 1, 3, 61, 33, 29, 14, 83, 77, 30, 91, 15, 34, 31, 16, 79, 89, 8, 48, 70, 26, 90, 46, 63, 93, 69, 22, 75, 44, 60, 72, 37, 59, 62, 54]"
Sko100b,4700,160402,530.45,5.75,6,70,0.5966,0.5187,10,100,42,"[76, 13, 24, 5, 55, 56, 38, 40, 47, 58, 81, 11, 43, 27, 68, 23, 45, 97, 2, 88, 39, 10, 28, 19, 85, 78, 92, 7, 87, 12, 20, 21, 66, 4, 98, 96, 95, 51, 50, 73, 36, 42, 89, 52, 86, 80, 9, 6, 99, 64, 0, 82, 71, 35, 53, 84, 94, 18, 32, 17, 74, 25, 65, 49, 67, 41, 1, 3, 61, 33, 29, 14, 83, 77, 60, 91, 15, 34, 31, 16, 79, 57, 8, 48, 70, 26, 90, 46, 63, 93, 69, 22, 75, 44, 30, 72, 37, 59, 62, 54]"
Sko100b,4800,160188,533.28,5.75,6,70,0.5966,0.5187,10,100,42,"[76, 13, 24, 5, 55, 56, 38, 40, 50, 58, 81, 11, 43, 27, 68, 23, 45, 97, 47, 87, 39, 10, 28, 19, 85, 78, 92, 7, 88, 12, 20, 21, 66, 4, 98, 96, 95, 51, 2, 73, 36, 42, 89, 52, 86, 80, 9, 6, 99, 64, 0, 82, 71, 35, 53, 15, 94, 18, 32, 17, 74, 25, 65, 49, 67, 41, 1, 3, 61, 33, 29, 14, 83, 77, 60, 91, 26, 34, 31, 16, 79, 57, 8, 48, 70, 84, 90, 46, 63, 93, 69, 22, 75, 44, 30, 72, 37, 59, 62, 54]"
Sko100b,4900,160136,536.22,5.75,6,70,0.5966,0.5187,10,100,42,"[76, 13, 24, 5, 55, 56, 38, 40, 50, 58, 39, 11, 43, 27, 68, 23, 45, 97, 47, 87, 81, 10, 28, 19, 85, 78, 92, 7, 88, 12, 20, 21, 66, 4, 98, 96, 95, 51, 2, 73, 36, 42, 89, 52, 86, 80, 9, 6, 99, 64, 0, 82, 71, 35, 53, 15, 94, 18, 32, 17, 74, 25, 65, 49, 67, 41, 1, 3, 61, 33, 29, 14, 83, 77, 60, 91, 26, 34, 31, 16, 79, 57, 8, 48, 70, 84, 90, 46, 63, 93, 69, 22, 75, 44, 30, 72, 37, 59, 62, 54]"
Sko100b,5000,160000,539.24,5.75,6,70,0.5966,0.5187,10,100,42,"[76, 13, 39, 5, 55, 56, 38, 40, 50, 58, 24, 11, 43, 27, 68, 23, 45, 97, 47, 87, 81, 10, 28, 19, 85, 78, 92, 7, 88, 12, 20, 21, 66, 4, 98, 96, 95, 51, 2, 73, 36, 42, 89, 52, 86, 80, 9, 6, 99, 64, 0, 82, 71, 35, 53, 15, 94, 18, 32, 17, 74, 25, 65, 49, 67, 41, 1, 3, 61, 33, 14, 57, 83, 77, 60, 91, 26, 34, 31, 16, 79, 29, 8, 48, 70, 84, 90, 46, 63, 93, 69, 22, 75, 44, 30, 72, 37, 59, 62, 54]"
Sko100b,5100,159906,542.11,5.75,6,70,0.5966,0.5187,10,100,42,"[76, 13, 39, 5, 55, 56, 38, 40, 50, 58, 24, 11, 43, 27, 68, 23, 45, 97, 47, 87, 81, 10, 28, 19, 85, 78, 92, 7, 88, 12, 20, 21, 66, 4, 98, 96, 95, 51, 2, 73, 36, 42, 89, 52, 86, 80, 9, 6, 99, 64, 0, 82, 71, 35, 53, 41, 94, 18, 32, 17, 74, 25, 65, 49, 67, 15, 1, 3, 61, 33, 14, 57, 83, 77, 60, 30, 26, 34, 31, 46, 79, 29, 8, 48, 70, 84, 90, 16, 63, 93, 69, 22, 75, 44, 91, 72, 37, 59, 62, 54]"
Sko100b,5200,159862,544.92,5.75,6,70,0.5966,0.5187,10,100,42,"[76, 13, 39, 5, 55, 56, 38, 40, 50, 58, 24, 11, 43, 27, 68, 23, 45, 97, 47, 87, 81, 10, 28, 19, 85, 78, 92, 7, 88, 12, 20, 21, 66, 4, 98, 96, 95, 51, 2, 73, 36, 42, 89, 52, 86, 80, 9, 6, 99, 64, 0, 82, 71, 35, 53, 41, 94, 18, 32, 17, 74, 25, 65, 49, 67, 15, 1, 3, 61, 33, 14, 57, 83, 77, 60, 30, 26, 34, 90, 46, 79, 29, 8, 48, 70, 84, 31, 16, 63, 93, 69, 22, 75, 44, 91, 72, 37, 59, 62, 54]"
Sko100b,5300,159730,547.79,5.75,6,70,0.5966,0.5187,10,100,42,"[76, 13, 39, 5, 55, 56, 38, 40, 50, 58, 24, 11, 43, 27, 68, 23, 45, 97, 47, 87, 81, 10, 28, 19, 85, 78, 92, 7, 88, 12, 20, 21, 66, 4, 98, 96, 95, 51, 2, 73, 36, 42, 0, 52, 86, 80, 9, 6, 99, 64, 82, 89, 71, 35, 53, 41, 94, 18, 32, 17, 74, 25, 65, 49, 67, 15, 1, 3, 61, 33, 14, 57, 83, 77, 60, 30, 26, 34, 90, 46, 79, 29, 8, 48, 70, 84, 31, 16, 63, 93, 69, 22, 75, 44, 91, 72, 37, 59, 62, 54]"
Sko100b,5400,159642,550.56,5.76,6,70,0.5966,0.5187,10,100,42,"[76, 13, 39, 5, 55, 56, 38, 40, 50, 58, 24, 11, 43, 27, 68, 23, 45, 97, 47, 87, 81, 10, 28, 19, 85, 78, 92, 7, 88, 12, 20, 21, 66, 4, 98, 96, 95, 51, 2, 73, 36, 42, 0, 52, 86, 80, 9, 6, 99, 64, 82, 89, 71, 35, 53, 41, 94, 18, 32, 17, 74, 25, 65, 49, 67, 15, 1, 3, 31, 33, 14, 57, 83, 60, 77, 30, 26, 34, 90, 46, 79, 29, 8, 48, 70, 84, 61, 16, 63, 93, 69, 22, 75, 44, 91, 72, 37, 59, 62, 54]"
Sko100b,5500,159606,553.54,5.76,6,70,0.5966,0.5187,10,100,42,"[76, 13, 39, 5, 55, 56, 38, 40, 50, 58, 24, 11, 43, 27, 68, 23, 45, 97, 47, 87, 81, 10, 28, 19, 85, 78, 7, 92, 88, 12, 20, 21, 66, 4, 98, 96, 95, 51, 2, 73, 36, 42, 0, 52, 86, 80, 9, 6, 99, 64, 82, 89, 71, 35, 53, 41, 94, 18, 32, 17, 74, 25, 65, 49, 67, 15, 1, 3, 31, 33, 14, 57, 83, 60, 77, 30, 26, 34, 90, 46, 79, 29, 8, 48, 70, 84, 61, 16, 63, 93, 69, 22, 75, 44, 91, 72, 37, 59, 62, 54]"
Sko100b,5600,159536,556.38,5.77,6,70,0.5966,0.5187,10,100,42,"[76, 13, 39, 5, 55, 56, 38, 50, 40, 58, 24, 11, 43, 27, 68, 23, 45, 97, 47, 87, 81, 10, 28, 19, 85, 78, 7, 92, 88, 12, 20, 21, 66, 4, 98, 96, 95, 51, 2, 73, 36, 42, 0, 52, 86, 80, 9, 6, 99, 64, 83, 89, 71, 35, 53, 41, 94, 18, 32, 17, 74, 25, 65, 49, 67, 15, 1, 3, 31, 33, 14, 57, 82, 60, 77, 30, 26, 34, 90, 46, 79, 29, 8, 48, 70, 84, 61, 16, 63, 93, 69, 22, 75, 44, 91, 72, 37, 59, 62, 54]"
Sko100b,5700,159524,558.95,5.77,6,70,0.5966,0.5187,10,100,42,"[76, 13, 39, 5, 55, 56, 38, 50, 40, 58, 24, 11, 43, 85, 68, 23, 45, 97, 47, 87, 81, 10, 28, 19, 27, 78, 7, 92, 88, 12, 20, 21, 66, 4, 98, 96, 95, 51, 2, 73, 36, 42, 0, 52, 86, 80, 9, 6, 99, 64, 83, 89, 71, 35, 53, 41, 94, 18, 32, 17, 74, 25, 65, 49, 67, 15, 1, 3, 31, 33, 14, 57, 82, 60, 77, 30, 26, 34, 90, 46, 79, 29, 8, 48, 70, 84, 61, 16, 63, 93, 69, 22, 75, 44, 91, 72, 37, 59, 62, 54]"
Sko100b,5800,159524,561.41,5.77,6,70,0.5966,0.5187,10,100,42,"[76, 13, 39, 5, 55, 56, 38, 50, 40, 58, 24, 11, 43, 85, 68, 23, 45, 97, 47, 87, 81, 10, 28, 19, 27, 78, 7, 92, 88, 12, 20, 21, 66, 4, 98, 96, 95, 51, 2, 73, 36, 42, 0, 52, 86, 80, 9, 6, 99, 64, 83, 89, 71, 35, 53, 41, 94, 18, 32, 17, 74, 25, 65, 49, 67, 15, 1, 3, 31, 33, 14, 57, 82, 60, 77, 30, 26, 34, 90, 46, 79, 29, 8, 48, 70, 84, 61, 16, 63, 93, 69, 22, 75, 44, 91, 72, 37, 59, 62, 54]"
Sko100b,5900,159454,564.47,5.76,6,70,0.5966,0.5187,10,100,42,"[76, 13, 39, 5, 55, 56, 38, 50, 40, 58, 24, 11, 43, 85, 68, 31, 45, 97, 47, 87, 81, 10, 28, 19, 27, 78, 7, 92, 88, 12, 57, 21, 66, 4, 98, 96, 95, 51, 2, 73, 36, 42, 0, 52, 86, 80, 9, 6, 99, 64, 83, 89, 71, 35, 53, 41, 94, 18, 34, 17, 74, 25, 65, 49, 67, 15, 1, 3, 23, 33, 14, 20, 82, 60, 77, 30, 26, 32, 90, 46, 79, 29, 8, 48, 70, 84, 61, 16, 63, 93, 69, 22, 75, 44, 91, 72, 37, 59, 62, 54]"
Sko100b,6000,159446,566.87,5.76,6,70,0.5966,0.5187,10,100,42,"[76, 13, 39, 5, 55, 56, 38, 50, 40, 58, 24, 11, 43, 85, 68, 31, 45, 97, 47, 87, 81, 10, 28, 19, 27, 78, 7, 92, 88, 12, 57, 21, 4, 66, 98, 96, 95, 51, 2, 73, 36, 42, 0, 52, 86, 80, 9, 6, 99, 64, 83, 89, 71, 35, 53, 41, 94, 18, 34, 17, 74, 25, 65, 49, 67, 15, 1, 3, 23, 33, 14, 20, 82, 60, 77, 30, 26, 32, 90, 46, 79, 29, 8, 48, 70, 84, 61, 16, 63, 93, 69, 22, 75, 44, 91, 72, 37, 59, 62, 54]"
Sko100b,6100,159362,569.68,5.76,6,70,0.5966,0.5187,10,100,42,"[76, 13, 39, 5, 55, 56, 38, 50, 40, 58, 24, 11, 43, 85, 68, 31, 45, 88, 47, 87, 81, 10, 28, 19, 27, 78, 7, 92, 97, 12, 57, 21, 4, 66, 98, 96, 95, 51, 2, 73, 36, 42, 0, 52, 86, 80, 9, 6, 99, 64, 83, 89, 71, 35, 53, 41, 94, 18, 34, 17, 74, 25, 65, 49, 67, 15, 1, 3, 23, 33, 14, 20, 82, 60, 77, 30, 26, 32, 90, 46, 79, 29, 8, 48, 70, 84, 61, 16, 63, 93, 69, 22, 75, 44, 91, 72, 37, 59, 62, 54]"
Sko100b,6200,159254,572.41,5.76,6,70,0.5966,0.5187,10,100,42,"[76, 13, 39, 5, 55, 56, 38, 50, 58, 40, 24, 11, 43, 85, 68, 31, 45, 88, 47, 87, 81, 10, 28, 19, 27, 78, 7, 92, 97, 12, 57, 21, 4, 66, 98, 96, 95, 51, 2, 73, 36, 42, 0, 52, 86, 80, 9, 6, 99, 64, 83, 89, 71, 35, 53, 41, 94, 18, 34, 17, 74, 25, 65, 49, 67, 15, 1, 3, 23, 33, 14, 20, 82, 60, 77, 30, 26, 32, 90, 46, 79, 29, 75, 48, 70, 84, 61, 16, 63, 93, 69, 22, 8, 44, 91, 72, 37, 59, 62, 54]"
Sko100b,6300,159118,575.3,5.76,6,70,0.5966,0.5187,10,100,42,"[76, 13, 39, 5, 68, 56, 38, 50, 58, 40, 24, 11, 43, 55, 85, 31, 45, 88, 47, 87, 81, 10, 28, 19, 27, 78, 7, 92, 97, 12, 57, 21, 4, 66, 98, 96, 95, 51, 2, 73, 36, 42, 0, 52, 86, 80, 9, 6, 99, 64, 83, 89, 71, 35, 53, 41, 94, 18, 34, 17, 74, 25, 65, 49, 67, 15, 1, 3, 23, 33, 14, 20, 82, 60, 77, 30, 26, 32, 90, 46, 79, 29, 75, 48, 70, 84, 61, 16, 63, 93, 69, 22, 8, 44, 91, 72, 37, 59, 62, 54]"
Sko100b,6400,159118,578.48,5.76,6,70,0.5966,0.5187,10,100,42,"[76, 13, 39, 5, 68, 56, 38, 50, 58, 40, 24, 11, 43, 55, 85, 31, 45, 88, 47, 87, 81, 10, 28, 19, 27, 78, 7, 92, 97, 12, 57, 21, 4, 66, 98, 96, 95, 51, 2, 73, 36, 42, 0, 52, 86, 80, 9, 6, 99, 64, 83, 89, 71, 35, 53, 41, 94, 18, 34, 17, 74, 25, 65, 49, 67, 15, 1, 3, 23, 33, 14, 20, 82, 60, 77, 30, 26, 32, 90, 46, 79, 29, 75, 48, 70, 84, 61, 16, 63, 93, 69, 22, 8, 44, 91, 72, 37, 59, 62, 54]"
Sko100b,6500,158982,581.29,5.76,6,70,0.5966,0.5187,10,100,42,"[76, 13, 39, 5, 68, 56, 38, 50, 58, 40, 24, 11, 43, 55, 85, 31, 45, 88, 47, 87, 81, 10, 28, 19, 27, 78, 7, 92, 97, 12, 57, 21, 4, 66, 98, 96, 95, 51, 2, 73, 36, 42, 0, 52, 86, 80, 9, 3, 99, 64, 83, 89, 71, 35, 53, 41, 94, 18, 34, 17, 74, 25, 65, 49, 67, 15, 1, 6, 23, 33, 14, 20, 82, 60, 77, 30, 61, 32, 93, 46, 79, 29, 75, 48, 70, 84, 26, 16, 63, 90, 69, 22, 8, 44, 91, 72, 37, 59, 62, 54]"
Sko100b,6600,158812,583.97,5.76,6,70,0.5966,0.5187,10,100,42,"[76, 13, 39, 5, 68, 56, 38, 50, 58, 40, 24, 28, 43, 55, 85, 31, 45, 88, 47, 87, 81, 11, 10, 19, 27, 78, 7, 92, 97, 12, 57, 21, 4, 66, 98, 96, 95, 51, 2, 73, 36, 42, 0, 52, 86, 80, 9, 3, 99, 64, 83, 89, 71, 35, 53, 41, 94, 18, 34, 17, 74, 25, 65, 49, 15, 67, 1, 6, 23, 33, 14, 20, 82, 60, 77, 30, 61, 32, 93, 46, 79, 29, 75, 48, 70, 84, 26, 16, 63, 90, 69, 22, 8, 44, 91, 72, 37, 54, 62, 59]"
Sko100b,100,177580,586.53,6.29,6,70,0.5966,0.5187,10,100,42,"[5, 70, 20, 96, 90, 57, 41, 39, 82, 53, 21, 36, 0, 93, 59, 27, 51, 78, 16, 10, 84, 28, 34, 30, 60, 74, 15, 92, 33, 18, 95, 62, 43, 91, 89, 32, 8, 35, 6, 17, 97, 75, 76, 38, 67, 68, 7, 63, 52, 73, 56, 2, 24, 4, 54, 50, 86, 49, 42, 31, 81, 45, 25, 85, 19, 58, 94, 12, 99, 65, 87, 26, 47, 79, 11, 98, 46, 14, 55, 71, 80, 77, 72, 22, 29, 69, 64, 66, 83, 23, 88, 61, 48, 44, 37, 3, 13, 40, 1, 9]"
Sko100b,200,177382,589.17,6.3,6,70,0.5966,0.5187,10,100,42,"[5, 70, 20, 96, 90, 57, 41, 63, 61, 16, 21, 74, 0, 80, 26, 27, 86, 78, 53, 10, 84, 18, 34, 22, 60, 36, 15, 45, 33, 76, 47, 62, 50, 51, 89, 32, 8, 35, 6, 17, 43, 75, 95, 38, 67, 92, 7, 39, 52, 73, 24, 2, 59, 25, 54, 82, 97, 69, 93, 31, 81, 68, 37, 85, 44, 11, 94, 12, 99, 91, 87, 56, 28, 79, 58, 3, 46, 48, 55, 71, 42, 77, 65, 88, 29, 49, 64, 66, 9, 14, 30, 72, 23, 13, 4, 98, 19, 40, 1, 83]"
Sko100b,300,176974,592.15,6.3,6,70,0.5966,0.5187,10,100,42,"[9, 70, 29, 87, 2, 49, 14, 17, 74, 25, 46, 42, 61, 58, 75, 23, 6, 21, 53, 77, 56, 54, 50, 35, 99, 1, 15, 60, 3, 92, 8, 81, 5, 39, 89, 32, 10, 72, 18, 84, 43, 19, 95, 38, 26, 44, 91, 65, 12, 93, 0, 22, 59, 36, 82, 78, 41, 67, 31, 4, 90, 51, 30, 24, 27, 45, 94, 11, 76, 52, 40, 16, 7, 62, 96, 86, 34, 71, 55, 63, 47, 97, 20, 80, 69, 64, 88, 66, 85, 79, 37, 13, 33, 57, 28, 98, 48, 68, 73, 83]"
Sko100b,400,176974,595.2,6.3,6,70,0.5966,0.5187,10,100,42,"[9, 70, 29, 87, 2, 49, 14, 17, 74, 25, 46, 42, 61, 58, 75, 23, 6, 21, 53, 77, 56, 54, 50, 35, 99, 1, 15, 60, 3, 92, 8, 81, 5, 39, 89, 32, 10, 72, 18, 84, 43, 19, 95, 38, 26, 44, 91, 65, 12, 93, 0, 22, 59, 36, 82, 78, 41, 67, 31, 4, 90, 51, 30, 24, 27, 45, 94, 11, 76, 52, 40, 16, 7, 62, 96, 86, 34, 71, 55, 63, 47, 97, 20, 80, 69, 64, 88, 66, 85, 79, 37, 13, 33, 57, 28, 98, 48, 68, 73, 83]"
Sko100b,500,176974,598.02,6.3,6,70,0.5966,0.5187,10,100,42,"[9, 70, 29, 87, 2, 49, 14, 17, 74, 25, 46, 42, 61, 58, 75, 23, 6, 21, 53, 77, 56, 54, 50, 35, 99, 1, 15, 60, 3, 92, 8, 81, 5, 39, 89, 32, 10, 72, 18, 84, 43, 19, 95, 38, 26, 44, 91, 65, 12, 93, 0, 22, 59, 36, 82, 78, 41, 67, 31, 4, 90, 51, 30, 24, 27, 45, 94, 11, 76, 52, 40, 16, 7, 62, 96, 86, 34, 71, 55, 63, 47, 97, 20, 80, 69, 64, 88, 66, 85, 79, 37, 13, 33, 57, 28, 98, 48, 68, 73, 83]"
