Esc128,100,268,5.43,121.71,6,95,0.4273,0.4141,5,128,42,"[49, 91, 19, 92, 110, 95, 59, 45, 75, 82, 119, 72, 27, 88, 97, 79, 87, 106, 122, 80, 64, 38, 28, 108, 7, 77, 30, 44, 15, 9, 102, 3, 32, 74, 14, 22, 94, 23, 56, 84, 12, 70, 69, 36, 24, 29, 58, 63, 25, 35, 51, 21, 10, 86, 105, 103, 90, 123, 46, 104, 41, 96, 54, 78, 47, 53, 62, 83, 65, 50, 1, 93, 67, 26, 81, 66, 120, 39, 117, 60, 33, 61, 73, 100, 37, 2, 16, 18, 85, 124, 5, 121, 57, 40, 101, 8, 116, 76, 125, 99, 55, 0, 118, 31, 89, 113, 114, 112, 17, 20, 6, 109, 43, 42, 71, 68, 48, 4, 111, 115, 107, 127, 126, 52, 98, 11, 34, 13]"
Esc128,200,268,8.33,121.71,6,95,0.4273,0.4141,5,128,42,"[49, 91, 19, 92, 110, 95, 59, 45, 75, 82, 119, 72, 27, 88, 97, 79, 87, 106, 122, 80, 64, 38, 28, 108, 7, 77, 30, 44, 15, 9, 102, 3, 32, 74, 14, 22, 94, 23, 56, 84, 12, 70, 69, 36, 24, 29, 58, 63, 25, 35, 51, 21, 10, 86, 105, 103, 90, 123, 46, 104, 41, 96, 54, 78, 47, 53, 62, 83, 65, 50, 1, 93, 67, 26, 81, 66, 120, 39, 117, 60, 33, 61, 73, 100, 37, 2, 16, 18, 85, 124, 5, 121, 57, 40, 101, 8, 116, 76, 125, 99, 55, 0, 118, 31, 89, 113, 114, 112, 17, 20, 6, 109, 43, 42, 71, 68, 48, 4, 111, 115, 107, 127, 126, 52, 98, 11, 34, 13]"
Esc128,300,268,11.09,121.72,6,95,0.4273,0.4141,5,128,42,"[49, 91, 19, 92, 110, 95, 59, 45, 75, 82, 119, 72, 27, 88, 97, 79, 87, 106, 122, 80, 64, 38, 28, 108, 7, 77, 30, 44, 15, 9, 102, 3, 32, 74, 14, 22, 94, 23, 56, 84, 12, 70, 69, 36, 24, 29, 58, 63, 25, 35, 51, 21, 10, 86, 105, 103, 90, 123, 46, 104, 41, 96, 54, 78, 47, 53, 62, 83, 65, 50, 1, 93, 67, 26, 81, 66, 120, 39, 117, 60, 33, 61, 73, 100, 37, 2, 16, 18, 85, 124, 5, 121, 57, 40, 101, 8, 116, 76, 125, 99, 55, 0, 118, 31, 89, 113, 114, 112, 17, 20, 6, 109, 43, 42, 71, 68, 48, 4, 111, 115, 107, 127, 126, 52, 98, 11, 34, 13]"
Esc128,400,268,13.77,121.75,6,95,0.4273,0.4141,5,128,42,"[49, 91, 19, 92, 110, 95, 59, 45, 75, 82, 119, 72, 27, 88, 97, 79, 87, 106, 122, 80, 64, 38, 28, 108, 7, 77, 30, 44, 15, 9, 102, 3, 32, 74, 14, 22, 94, 23, 56, 84, 12, 70, 69, 36, 24, 29, 58, 63, 25, 35, 51, 21, 10, 86, 105, 103, 90, 123, 46, 104, 41, 96, 54, 78, 47, 53, 62, 83, 65, 50, 1, 93, 67, 26, 81, 66, 120, 39, 117, 60, 33, 61, 73, 100, 37, 2, 16, 18, 85, 124, 5, 121, 57, 40, 101, 8, 116, 76, 125, 99, 55, 0, 118, 31, 89, 113, 114, 112, 17, 20, 6, 109, 43, 42, 71, 68, 48, 4, 111, 115, 107, 127, 126, 52, 98, 11, 34, 13]"
Esc128,500,268,16.5,121.75,6,95,0.4273,0.4141,5,128,42,"[49, 91, 19, 92, 110, 95, 59, 45, 75, 82, 119, 72, 27, 88, 97, 79, 87, 106, 122, 80, 64, 38, 28, 108, 7, 77, 30, 44, 15, 9, 102, 3, 32, 74, 14, 22, 94, 23, 56, 84, 12, 70, 69, 36, 24, 29, 58, 63, 25, 35, 51, 21, 10, 86, 105, 103, 90, 123, 46, 104, 41, 96, 54, 78, 47, 53, 62, 83, 65, 50, 1, 93, 67, 26, 81, 66, 120, 39, 117, 60, 33, 61, 73, 100, 37, 2, 16, 18, 85, 124, 5, 121, 57, 40, 101, 8, 116, 76, 125, 99, 55, 0, 118, 31, 89, 113, 114, 112, 17, 20, 6, 109, 43, 42, 71, 68, 48, 4, 111, 115, 107, 127, 126, 52, 98, 11, 34, 13]"
Esc128,600,268,19.41,121.75,6,95,0.4273,0.4141,5,128,42,"[49, 91, 19, 92, 110, 95, 59, 45, 75, 82, 119, 72, 27, 88, 97, 79, 87, 106, 122, 80, 64, 38, 28, 108, 7, 77, 30, 44, 15, 9, 102, 3, 32, 74, 14, 22, 94, 23, 56, 84, 12, 70, 69, 36, 24, 29, 58, 63, 25, 35, 51, 21, 10, 86, 105, 103, 90, 123, 46, 104, 41, 96, 54, 78, 47, 53, 62, 83, 65, 50, 1, 93, 67, 26, 81, 66, 120, 39, 117, 60, 33, 61, 73, 100, 37, 2, 16, 18, 85, 124, 5, 121, 57, 40, 101, 8, 116, 76, 125, 99, 55, 0, 118, 31, 89, 113, 114, 112, 17, 20, 6, 109, 43, 42, 71, 68, 48, 4, 111, 115, 107, 127, 126, 52, 98, 11, 34, 13]"
Esc128,700,268,22.22,121.75,6,95,0.4273,0.4141,5,128,42,"[49, 91, 19, 92, 110, 95, 59, 45, 75, 82, 119, 72, 27, 88, 97, 79, 87, 106, 122, 80, 64, 38, 28, 108, 7, 77, 30, 44, 15, 9, 102, 3, 32, 74, 14, 22, 94, 23, 56, 84, 12, 70, 69, 36, 24, 29, 58, 63, 25, 35, 51, 21, 10, 86, 105, 103, 90, 123, 46, 104, 41, 96, 54, 78, 47, 53, 62, 83, 65, 50, 1, 93, 67, 26, 81, 66, 120, 39, 117, 60, 33, 61, 73, 100, 37, 2, 16, 18, 85, 124, 5, 121, 57, 40, 101, 8, 116, 76, 125, 99, 55, 0, 118, 31, 89, 113, 114, 112, 17, 20, 6, 109, 43, 42, 71, 68, 48, 4, 111, 115, 107, 127, 126, 52, 98, 11, 34, 13]"
Esc128,800,268,24.98,121.75,6,95,0.4273,0.4141,5,128,42,"[49, 91, 19, 92, 110, 95, 59, 45, 75, 82, 119, 72, 27, 88, 97, 79, 87, 106, 122, 80, 64, 38, 28, 108, 7, 77, 30, 44, 15, 9, 102, 3, 32, 74, 14, 22, 94, 23, 56, 84, 12, 70, 69, 36, 24, 29, 58, 63, 25, 35, 51, 21, 10, 86, 105, 103, 90, 123, 46, 104, 41, 96, 54, 78, 47, 53, 62, 83, 65, 50, 1, 93, 67, 26, 81, 66, 120, 39, 117, 60, 33, 61, 73, 100, 37, 2, 16, 18, 85, 124, 5, 121, 57, 40, 101, 8, 116, 76, 125, 99, 55, 0, 118, 31, 89, 113, 114, 112, 17, 20, 6, 109, 43, 42, 71, 68, 48, 4, 111, 115, 107, 127, 126, 52, 98, 11, 34, 13]"
Esc128,900,260,27.8,121.75,6,95,0.4273,0.4141,5,128,42,"[88, 60, 23, 21, 100, 67, 113, 74, 27, 41, 11, 85, 13, 5, 69, 124, 92, 38, 32, 47, 57, 103, 9, 68, 94, 62, 108, 79, 123, 64, 30, 55, 20, 6, 56, 82, 63, 43, 18, 127, 70, 14, 104, 72, 73, 46, 50, 97, 114, 45, 98, 29, 78, 12, 1, 80, 24, 42, 4, 28, 90, 122, 34, 58, 105, 2, 25, 22, 71, 36, 87, 95, 65, 76, 15, 96, 7, 54, 26, 3, 107, 83, 53, 117, 89, 49, 110, 39, 81, 115, 17, 102, 119, 31, 37, 66, 111, 48, 33, 112, 86, 126, 52, 121, 19, 16, 51, 77, 116, 10, 91, 40, 35, 8, 101, 120, 61, 125, 106, 44, 99, 59, 118, 109, 75, 93, 0, 84]"
Esc128,1000,260,30.43,121.75,6,95,0.4273,0.4141,5,128,42,"[88, 60, 23, 21, 100, 67, 113, 74, 27, 41, 11, 85, 13, 5, 69, 124, 92, 38, 32, 47, 57, 103, 9, 68, 94, 62, 108, 79, 123, 64, 30, 55, 20, 6, 56, 82, 63, 43, 18, 127, 70, 14, 104, 72, 73, 46, 50, 97, 114, 45, 98, 29, 78, 12, 1, 80, 24, 42, 4, 28, 90, 122, 34, 58, 105, 2, 25, 22, 71, 36, 87, 95, 65, 76, 15, 96, 7, 54, 26, 3, 107, 83, 53, 117, 89, 49, 110, 39, 81, 115, 17, 102, 119, 31, 37, 66, 111, 48, 33, 112, 86, 126, 52, 121, 19, 16, 51, 77, 116, 10, 91, 40, 35, 8, 101, 120, 61, 125, 106, 44, 99, 59, 118, 109, 75, 93, 0, 84]"
Esc128,1100,260,33.22,121.75,6,95,0.4273,0.4141,5,128,42,"[88, 60, 23, 21, 100, 67, 113, 74, 27, 41, 11, 85, 13, 5, 69, 124, 92, 38, 32, 47, 57, 103, 9, 68, 94, 62, 108, 79, 123, 64, 30, 55, 20, 6, 56, 82, 63, 43, 18, 127, 70, 14, 104, 72, 73, 46, 50, 97, 114, 45, 98, 29, 78, 12, 1, 80, 24, 42, 4, 28, 90, 122, 34, 58, 105, 2, 25, 22, 71, 36, 87, 95, 65, 76, 15, 96, 7, 54, 26, 3, 107, 83, 53, 117, 89, 49, 110, 39, 81, 115, 17, 102, 119, 31, 37, 66, 111, 48, 33, 112, 86, 126, 52, 121, 19, 16, 51, 77, 116, 10, 91, 40, 35, 8, 101, 120, 61, 125, 106, 44, 99, 59, 118, 109, 75, 93, 0, 84]"
Esc128,1200,260,35.85,121.75,6,95,0.4273,0.4141,5,128,42,"[88, 60, 23, 21, 100, 67, 113, 74, 27, 41, 11, 85, 13, 5, 69, 124, 92, 38, 32, 47, 57, 103, 9, 68, 94, 62, 108, 79, 123, 64, 30, 55, 20, 6, 56, 82, 63, 43, 18, 127, 70, 14, 104, 72, 73, 46, 50, 97, 114, 45, 98, 29, 78, 12, 1, 80, 24, 42, 4, 28, 90, 122, 34, 58, 105, 2, 25, 22, 71, 36, 87, 95, 65, 76, 15, 96, 7, 54, 26, 3, 107, 83, 53, 117, 89, 49, 110, 39, 81, 115, 17, 102, 119, 31, 37, 66, 111, 48, 33, 112, 86, 126, 52, 121, 19, 16, 51, 77, 116, 10, 91, 40, 35, 8, 101, 120, 61, 125, 106, 44, 99, 59, 118, 109, 75, 93, 0, 84]"
Esc128,1300,260,38.68,116.15,6,95,0.4273,0.4141,5,128,42,"[88, 60, 23, 21, 100, 67, 113, 74, 27, 41, 11, 85, 13, 5, 69, 124, 92, 38, 32, 47, 57, 103, 9, 68, 94, 62, 108, 79, 123, 64, 30, 55, 20, 6, 56, 82, 63, 43, 18, 127, 70, 14, 104, 72, 73, 46, 50, 97, 114, 45, 98, 29, 78, 12, 1, 80, 24, 42, 4, 28, 90, 122, 34, 58, 105, 2, 25, 22, 71, 36, 87, 95, 65, 76, 15, 96, 7, 54, 26, 3, 107, 83, 53, 117, 89, 49, 110, 39, 81, 115, 17, 102, 119, 31, 37, 66, 111, 48, 33, 112, 86, 126, 52, 121, 19, 16, 51, 77, 116, 10, 91, 40, 35, 8, 101, 120, 61, 125, 106, 44, 99, 59, 118, 109, 75, 93, 0, 84]"
Esc128,1400,260,41.29,116.15,6,95,0.4273,0.4141,5,128,42,"[88, 60, 23, 21, 100, 67, 113, 74, 27, 41, 11, 85, 13, 5, 69, 124, 92, 38, 32, 47, 57, 103, 9, 68, 94, 62, 108, 79, 123, 64, 30, 55, 20, 6, 56, 82, 63, 43, 18, 127, 70, 14, 104, 72, 73, 46, 50, 97, 114, 45, 98, 29, 78, 12, 1, 80, 24, 42, 4, 28, 90, 122, 34, 58, 105, 2, 25, 22, 71, 36, 87, 95, 65, 76, 15, 96, 7, 54, 26, 3, 107, 83, 53, 117, 89, 49, 110, 39, 81, 115, 17, 102, 119, 31, 37, 66, 111, 48, 33, 112, 86, 126, 52, 121, 19, 16, 51, 77, 116, 10, 91, 40, 35, 8, 101, 120, 61, 125, 106, 44, 99, 59, 118, 109, 75, 93, 0, 84]"
Esc128,1500,260,43.92,116.16,6,95,0.4273,0.4141,5,128,42,"[88, 60, 23, 21, 100, 67, 113, 74, 27, 41, 11, 85, 13, 5, 69, 124, 92, 38, 32, 47, 57, 103, 9, 68, 94, 62, 108, 79, 123, 64, 30, 55, 20, 6, 56, 82, 63, 43, 18, 127, 70, 14, 104, 72, 73, 46, 50, 97, 114, 45, 98, 29, 78, 12, 1, 80, 24, 42, 4, 28, 90, 122, 34, 58, 105, 2, 25, 22, 71, 36, 87, 95, 65, 76, 15, 96, 7, 54, 26, 3, 107, 83, 53, 117, 89, 49, 110, 39, 81, 115, 17, 102, 119, 31, 37, 66, 111, 48, 33, 112, 86, 126, 52, 121, 19, 16, 51, 77, 116, 10, 91, 40, 35, 8, 101, 120, 61, 125, 106, 44, 99, 59, 118, 109, 75, 93, 0, 84]"
Esc128,1600,260,46.35,116.16,6,95,0.4273,0.4141,5,128,42,"[88, 60, 23, 21, 100, 67, 113, 74, 27, 41, 11, 85, 13, 5, 69, 124, 92, 38, 32, 47, 57, 103, 9, 68, 94, 62, 108, 79, 123, 64, 30, 55, 20, 6, 56, 82, 63, 43, 18, 127, 70, 14, 104, 72, 73, 46, 50, 97, 114, 45, 98, 29, 78, 12, 1, 80, 24, 42, 4, 28, 90, 122, 34, 58, 105, 2, 25, 22, 71, 36, 87, 95, 65, 76, 15, 96, 7, 54, 26, 3, 107, 83, 53, 117, 89, 49, 110, 39, 81, 115, 17, 102, 119, 31, 37, 66, 111, 48, 33, 112, 86, 126, 52, 121, 19, 16, 51, 77, 116, 10, 91, 40, 35, 8, 101, 120, 61, 125, 106, 44, 99, 59, 118, 109, 75, 93, 0, 84]"
Esc128,1700,260,48.86,116.16,6,95,0.4273,0.4141,5,128,42,"[88, 60, 23, 21, 100, 67, 113, 74, 27, 41, 11, 85, 13, 5, 69, 124, 92, 38, 32, 47, 57, 103, 9, 68, 94, 62, 108, 79, 123, 64, 30, 55, 20, 6, 56, 82, 63, 43, 18, 127, 70, 14, 104, 72, 73, 46, 50, 97, 114, 45, 98, 29, 78, 12, 1, 80, 24, 42, 4, 28, 90, 122, 34, 58, 105, 2, 25, 22, 71, 36, 87, 95, 65, 76, 15, 96, 7, 54, 26, 3, 107, 83, 53, 117, 89, 49, 110, 39, 81, 115, 17, 102, 119, 31, 37, 66, 111, 48, 33, 112, 86, 126, 52, 121, 19, 16, 51, 77, 116, 10, 91, 40, 35, 8, 101, 120, 61, 125, 106, 44, 99, 59, 118, 109, 75, 93, 0, 84]"
Esc128,1800,260,51.44,116.16,6,95,0.4273,0.4141,5,128,42,"[88, 60, 23, 21, 100, 67, 113, 74, 27, 41, 11, 85, 13, 5, 69, 124, 92, 38, 32, 47, 57, 103, 9, 68, 94, 62, 108, 79, 123, 64, 30, 55, 20, 6, 56, 82, 63, 43, 18, 127, 70, 14, 104, 72, 73, 46, 50, 97, 114, 45, 98, 29, 78, 12, 1, 80, 24, 42, 4, 28, 90, 122, 34, 58, 105, 2, 25, 22, 71, 36, 87, 95, 65, 76, 15, 96, 7, 54, 26, 3, 107, 83, 53, 117, 89, 49, 110, 39, 81, 115, 17, 102, 119, 31, 37, 66, 111, 48, 33, 112, 86, 126, 52, 121, 19, 16, 51, 77, 116, 10, 91, 40, 35, 8, 101, 120, 61, 125, 106, 44, 99, 59, 118, 109, 75, 93, 0, 84]"
Esc128,1900,260,53.83,116.16,6,95,0.4273,0.4141,5,128,42,"[88, 60, 23, 21, 100, 67, 113, 74, 27, 41, 11, 85, 13, 5, 69, 124, 92, 38, 32, 47, 57, 103, 9, 68, 94, 62, 108, 79, 123, 64, 30, 55, 20, 6, 56, 82, 63, 43, 18, 127, 70, 14, 104, 72, 73, 46, 50, 97, 114, 45, 98, 29, 78, 12, 1, 80, 24, 42, 4, 28, 90, 122, 34, 58, 105, 2, 25, 22, 71, 36, 87, 95, 65, 76, 15, 96, 7, 54, 26, 3, 107, 83, 53, 117, 89, 49, 110, 39, 81, 115, 17, 102, 119, 31, 37, 66, 111, 48, 33, 112, 86, 126, 52, 121, 19, 16, 51, 77, 116, 10, 91, 40, 35, 8, 101, 120, 61, 125, 106, 44, 99, 59, 118, 109, 75, 93, 0, 84]"
Esc128,2000,260,56.79,116.16,6,95,0.4273,0.4141,5,128,42,"[88, 60, 23, 21, 100, 67, 113, 74, 27, 41, 11, 85, 13, 5, 69, 124, 92, 38, 32, 47, 57, 103, 9, 68, 94, 62, 108, 79, 123, 64, 30, 55, 20, 6, 56, 82, 63, 43, 18, 127, 70, 14, 104, 72, 73, 46, 50, 97, 114, 45, 98, 29, 78, 12, 1, 80, 24, 42, 4, 28, 90, 122, 34, 58, 105, 2, 25, 22, 71, 36, 87, 95, 65, 76, 15, 96, 7, 54, 26, 3, 107, 83, 53, 117, 89, 49, 110, 39, 81, 115, 17, 102, 119, 31, 37, 66, 111, 48, 33, 112, 86, 126, 52, 121, 19, 16, 51, 77, 116, 10, 91, 40, 35, 8, 101, 120, 61, 125, 106, 44, 99, 59, 118, 109, 75, 93, 0, 84]"
Esc128,2100,260,59.5,116.16,6,95,0.4273,0.4141,5,128,42,"[88, 60, 23, 21, 100, 67, 113, 74, 27, 41, 11, 85, 13, 5, 69, 124, 92, 38, 32, 47, 57, 103, 9, 68, 94, 62, 108, 79, 123, 64, 30, 55, 20, 6, 56, 82, 63, 43, 18, 127, 70, 14, 104, 72, 73, 46, 50, 97, 114, 45, 98, 29, 78, 12, 1, 80, 24, 42, 4, 28, 90, 122, 34, 58, 105, 2, 25, 22, 71, 36, 87, 95, 65, 76, 15, 96, 7, 54, 26, 3, 107, 83, 53, 117, 89, 49, 110, 39, 81, 115, 17, 102, 119, 31, 37, 66, 111, 48, 33, 112, 86, 126, 52, 121, 19, 16, 51, 77, 116, 10, 91, 40, 35, 8, 101, 120, 61, 125, 106, 44, 99, 59, 118, 109, 75, 93, 0, 84]"
Esc128,2200,260,63.07,112.82,6,95,0.4273,0.4141,5,128,42,"[88, 60, 23, 21, 100, 67, 113, 74, 27, 41, 11, 85, 13, 5, 69, 124, 92, 38, 32, 47, 57, 103, 9, 68, 94, 62, 108, 79, 123, 64, 30, 55, 20, 6, 56, 82, 63, 43, 18, 127, 70, 14, 104, 72, 73, 46, 50, 97, 114, 45, 98, 29, 78, 12, 1, 80, 24, 42, 4, 28, 90, 122, 34, 58, 105, 2, 25, 22, 71, 36, 87, 95, 65, 76, 15, 96, 7, 54, 26, 3, 107, 83, 53, 117, 89, 49, 110, 39, 81, 115, 17, 102, 119, 31, 37, 66, 111, 48, 33, 112, 86, 126, 52, 121, 19, 16, 51, 77, 116, 10, 91, 40, 35, 8, 101, 120, 61, 125, 106, 44, 99, 59, 118, 109, 75, 93, 0, 84]"
Esc128,2300,260,66.5,87.86,6,95,0.4273,0.4141,5,128,42,"[88, 60, 23, 21, 100, 67, 113, 74, 27, 41, 11, 85, 13, 5, 69, 124, 92, 38, 32, 47, 57, 103, 9, 68, 94, 62, 108, 79, 123, 64, 30, 55, 20, 6, 56, 82, 63, 43, 18, 127, 70, 14, 104, 72, 73, 46, 50, 97, 114, 45, 98, 29, 78, 12, 1, 80, 24, 42, 4, 28, 90, 122, 34, 58, 105, 2, 25, 22, 71, 36, 87, 95, 65, 76, 15, 96, 7, 54, 26, 3, 107, 83, 53, 117, 89, 49, 110, 39, 81, 115, 17, 102, 119, 31, 37, 66, 111, 48, 33, 112, 86, 126, 52, 121, 19, 16, 51, 77, 116, 10, 91, 40, 35, 8, 101, 120, 61, 125, 106, 44, 99, 59, 118, 109, 75, 93, 0, 84]"
Esc128,2400,260,70.69,47.84,6,95,0.4273,0.4141,5,128,42,"[88, 60, 23, 21, 100, 67, 113, 74, 27, 41, 11, 85, 13, 5, 69, 124, 92, 38, 32, 47, 57, 103, 9, 68, 94, 62, 108, 79, 123, 64, 30, 55, 20, 6, 56, 82, 63, 43, 18, 127, 70, 14, 104, 72, 73, 46, 50, 97, 114, 45, 98, 29, 78, 12, 1, 80, 24, 42, 4, 28, 90, 122, 34, 58, 105, 2, 25, 22, 71, 36, 87, 95, 65, 76, 15, 96, 7, 54, 26, 3, 107, 83, 53, 117, 89, 49, 110, 39, 81, 115, 17, 102, 119, 31, 37, 66, 111, 48, 33, 112, 86, 126, 52, 121, 19, 16, 51, 77, 116, 10, 91, 40, 35, 8, 101, 120, 61, 125, 106, 44, 99, 59, 118, 109, 75, 93, 0, 84]"
Esc128,2500,260,74.43,47.84,6,95,0.4273,0.4141,5,128,42,"[88, 60, 23, 21, 100, 67, 113, 74, 27, 41, 11, 85, 13, 5, 69, 124, 92, 38, 32, 47, 57, 103, 9, 68, 94, 62, 108, 79, 123, 64, 30, 55, 20, 6, 56, 82, 63, 43, 18, 127, 70, 14, 104, 72, 73, 46, 50, 97, 114, 45, 98, 29, 78, 12, 1, 80, 24, 42, 4, 28, 90, 122, 34, 58, 105, 2, 25, 22, 71, 36, 87, 95, 65, 76, 15, 96, 7, 54, 26, 3, 107, 83, 53, 117, 89, 49, 110, 39, 81, 115, 17, 102, 119, 31, 37, 66, 111, 48, 33, 112, 86, 126, 52, 121, 19, 16, 51, 77, 116, 10, 91, 40, 35, 8, 101, 120, 61, 125, 106, 44, 99, 59, 118, 109, 75, 93, 0, 84]"
Esc128,2600,260,81.03,10.21,6,95,0.4273,0.4141,5,128,42,"[88, 60, 23, 21, 100, 67, 113, 74, 27, 41, 11, 85, 13, 5, 69, 124, 92, 38, 32, 47, 57, 103, 9, 68, 94, 62, 108, 79, 123, 64, 30, 55, 20, 6, 56, 82, 63, 43, 18, 127, 70, 14, 104, 72, 73, 46, 50, 97, 114, 45, 98, 29, 78, 12, 1, 80, 24, 42, 4, 28, 90, 122, 34, 58, 105, 2, 25, 22, 71, 36, 87, 95, 65, 76, 15, 96, 7, 54, 26, 3, 107, 83, 53, 117, 89, 49, 110, 39, 81, 115, 17, 102, 119, 31, 37, 66, 111, 48, 33, 112, 86, 126, 52, 121, 19, 16, 51, 77, 116, 10, 91, 40, 35, 8, 101, 120, 61, 125, 106, 44, 99, 59, 118, 109, 75, 93, 0, 84]"
Esc128,2700,260,86.87,10.21,6,95,0.4273,0.4141,5,128,42,"[88, 60, 23, 21, 100, 67, 113, 74, 27, 41, 11, 85, 13, 5, 69, 124, 92, 38, 32, 47, 57, 103, 9, 68, 94, 62, 108, 79, 123, 64, 30, 55, 20, 6, 56, 82, 63, 43, 18, 127, 70, 14, 104, 72, 73, 46, 50, 97, 114, 45, 98, 29, 78, 12, 1, 80, 24, 42, 4, 28, 90, 122, 34, 58, 105, 2, 25, 22, 71, 36, 87, 95, 65, 76, 15, 96, 7, 54, 26, 3, 107, 83, 53, 117, 89, 49, 110, 39, 81, 115, 17, 102, 119, 31, 37, 66, 111, 48, 33, 112, 86, 126, 52, 121, 19, 16, 51, 77, 116, 10, 91, 40, 35, 8, 101, 120, 61, 125, 106, 44, 99, 59, 118, 109, 75, 93, 0, 84]"
Esc128,2800,260,90.51,10.21,6,95,0.4273,0.4141,5,128,42,"[88, 60, 23, 21, 100, 67, 113, 74, 27, 41, 11, 85, 13, 5, 69, 124, 92, 38, 32, 47, 57, 103, 9, 68, 94, 62, 108, 79, 123, 64, 30, 55, 20, 6, 56, 82, 63, 43, 18, 127, 70, 14, 104, 72, 73, 46, 50, 97, 114, 45, 98, 29, 78, 12, 1, 80, 24, 42, 4, 28, 90, 122, 34, 58, 105, 2, 25, 22, 71, 36, 87, 95, 65, 76, 15, 96, 7, 54, 26, 3, 107, 83, 53, 117, 89, 49, 110, 39, 81, 115, 17, 102, 119, 31, 37, 66, 111, 48, 33, 112, 86, 126, 52, 121, 19, 16, 51, 77, 116, 10, 91, 40, 35, 8, 101, 120, 61, 125, 106, 44, 99, 59, 118, 109, 75, 93, 0, 84]"
Esc128,2900,260,95.22,5.48,6,95,0.4273,0.4141,5,128,42,"[88, 60, 23, 21, 100, 67, 113, 74, 27, 41, 11, 85, 13, 5, 69, 124, 92, 38, 32, 47, 57, 103, 9, 68, 94, 62, 108, 79, 123, 64, 30, 55, 20, 6, 56, 82, 63, 43, 18, 127, 70, 14, 104, 72, 73, 46, 50, 97, 114, 45, 98, 29, 78, 12, 1, 80, 24, 42, 4, 28, 90, 122, 34, 58, 105, 2, 25, 22, 71, 36, 87, 95, 65, 76, 15, 96, 7, 54, 26, 3, 107, 83, 53, 117, 89, 49, 110, 39, 81, 115, 17, 102, 119, 31, 37, 66, 111, 48, 33, 112, 86, 126, 52, 121, 19, 16, 51, 77, 116, 10, 91, 40, 35, 8, 101, 120, 61, 125, 106, 44, 99, 59, 118, 109, 75, 93, 0, 84]"
Esc128,3000,260,98.77,5.48,6,95,0.4273,0.4141,5,128,42,"[88, 60, 23, 21, 100, 67, 113, 74, 27, 41, 11, 85, 13, 5, 69, 124, 92, 38, 32, 47, 57, 103, 9, 68, 94, 62, 108, 79, 123, 64, 30, 55, 20, 6, 56, 82, 63, 43, 18, 127, 70, 14, 104, 72, 73, 46, 50, 97, 114, 45, 98, 29, 78, 12, 1, 80, 24, 42, 4, 28, 90, 122, 34, 58, 105, 2, 25, 22, 71, 36, 87, 95, 65, 76, 15, 96, 7, 54, 26, 3, 107, 83, 53, 117, 89, 49, 110, 39, 81, 115, 17, 102, 119, 31, 37, 66, 111, 48, 33, 112, 86, 126, 52, 121, 19, 16, 51, 77, 116, 10, 91, 40, 35, 8, 101, 120, 61, 125, 106, 44, 99, 59, 118, 109, 75, 93, 0, 84]"
Esc128,3100,260,102.15,5.48,6,95,0.4273,0.4141,5,128,42,"[88, 60, 23, 21, 100, 67, 113, 74, 27, 41, 11, 85, 13, 5, 69, 124, 92, 38, 32, 47, 57, 103, 9, 68, 94, 62, 108, 79, 123, 64, 30, 55, 20, 6, 56, 82, 63, 43, 18, 127, 70, 14, 104, 72, 73, 46, 50, 97, 114, 45, 98, 29, 78, 12, 1, 80, 24, 42, 4, 28, 90, 122, 34, 58, 105, 2, 25, 22, 71, 36, 87, 95, 65, 76, 15, 96, 7, 54, 26, 3, 107, 83, 53, 117, 89, 49, 110, 39, 81, 115, 17, 102, 119, 31, 37, 66, 111, 48, 33, 112, 86, 126, 52, 121, 19, 16, 51, 77, 116, 10, 91, 40, 35, 8, 101, 120, 61, 125, 106, 44, 99, 59, 118, 109, 75, 93, 0, 84]"
Esc128,3200,260,105.91,5.48,6,95,0.4273,0.4141,5,128,42,"[88, 60, 23, 21, 100, 67, 113, 74, 27, 41, 11, 85, 13, 5, 69, 124, 92, 38, 32, 47, 57, 103, 9, 68, 94, 62, 108, 79, 123, 64, 30, 55, 20, 6, 56, 82, 63, 43, 18, 127, 70, 14, 104, 72, 73, 46, 50, 97, 114, 45, 98, 29, 78, 12, 1, 80, 24, 42, 4, 28, 90, 122, 34, 58, 105, 2, 25, 22, 71, 36, 87, 95, 65, 76, 15, 96, 7, 54, 26, 3, 107, 83, 53, 117, 89, 49, 110, 39, 81, 115, 17, 102, 119, 31, 37, 66, 111, 48, 33, 112, 86, 126, 52, 121, 19, 16, 51, 77, 116, 10, 91, 40, 35, 8, 101, 120, 61, 125, 106, 44, 99, 59, 118, 109, 75, 93, 0, 84]"
Esc128,3300,254,109.17,5.48,6,95,0.4273,0.4141,5,128,42,"[83, 94, 115, 89, 86, 2, 42, 13, 100, 72, 81, 36, 95, 63, 84, 57, 3, 51, 125, 20, 116, 59, 41, 73, 47, 122, 37, 46, 119, 80, 61, 48, 12, 123, 31, 55, 28, 6, 108, 103, 126, 117, 93, 44, 17, 118, 98, 14, 121, 88, 74, 1, 58, 78, 40, 99, 43, 5, 62, 111, 0, 105, 18, 33, 54, 64, 76, 22, 25, 49, 75, 27, 107, 60, 97, 112, 26, 9, 91, 65, 21, 8, 70, 24, 87, 52, 7, 106, 113, 15, 69, 67, 30, 50, 101, 53, 16, 127, 114, 29, 11, 34, 19, 82, 90, 104, 39, 35, 109, 23, 10, 68, 77, 102, 85, 92, 96, 110, 38, 4, 124, 66, 79, 45, 32, 71, 120, 56]"
Esc128,3400,254,113.55,6.77,6,95,0.4273,0.4141,5,128,42,"[83, 94, 115, 89, 86, 2, 42, 13, 100, 72, 81, 36, 95, 63, 84, 57, 3, 51, 125, 20, 116, 59, 41, 73, 47, 122, 37, 46, 119, 80, 61, 48, 12, 123, 31, 55, 28, 6, 108, 103, 126, 117, 93, 44, 17, 118, 98, 14, 121, 88, 74, 1, 58, 78, 40, 99, 43, 5, 62, 111, 0, 105, 18, 33, 54, 64, 76, 22, 25, 49, 75, 27, 107, 60, 97, 112, 26, 9, 91, 65, 21, 8, 70, 24, 87, 52, 7, 106, 113, 15, 69, 67, 30, 50, 101, 53, 16, 127, 114, 29, 11, 34, 19, 82, 90, 104, 39, 35, 109, 23, 10, 68, 77, 102, 85, 92, 96, 110, 38, 4, 124, 66, 79, 45, 32, 71, 120, 56]"
Esc128,3500,254,117.45,6.78,6,95,0.4273,0.4141,5,128,42,"[83, 94, 115, 89, 86, 2, 42, 13, 100, 72, 81, 36, 95, 63, 84, 57, 3, 51, 125, 20, 116, 59, 41, 73, 47, 122, 37, 46, 119, 80, 61, 48, 12, 123, 31, 55, 28, 6, 108, 103, 126, 117, 93, 44, 17, 118, 98, 14, 121, 88, 74, 1, 58, 78, 40, 99, 43, 5, 62, 111, 0, 105, 18, 33, 54, 64, 76, 22, 25, 49, 75, 27, 107, 60, 97, 112, 26, 9, 91, 65, 21, 8, 70, 24, 87, 52, 7, 106, 113, 15, 69, 67, 30, 50, 101, 53, 16, 127, 114, 29, 11, 34, 19, 82, 90, 104, 39, 35, 109, 23, 10, 68, 77, 102, 85, 92, 96, 110, 38, 4, 124, 66, 79, 45, 32, 71, 120, 56]"
Esc128,3600,254,123.15,6.24,6,95,0.4273,0.4141,5,128,42,"[83, 94, 115, 89, 86, 2, 42, 13, 100, 72, 81, 36, 95, 63, 84, 57, 3, 51, 125, 20, 116, 59, 41, 73, 47, 122, 37, 46, 119, 80, 61, 48, 12, 123, 31, 55, 28, 6, 108, 103, 126, 117, 93, 44, 17, 118, 98, 14, 121, 88, 74, 1, 58, 78, 40, 99, 43, 5, 62, 111, 0, 105, 18, 33, 54, 64, 76, 22, 25, 49, 75, 27, 107, 60, 97, 112, 26, 9, 91, 65, 21, 8, 70, 24, 87, 52, 7, 106, 113, 15, 69, 67, 30, 50, 101, 53, 16, 127, 114, 29, 11, 34, 19, 82, 90, 104, 39, 35, 109, 23, 10, 68, 77, 102, 85, 92, 96, 110, 38, 4, 124, 66, 79, 45, 32, 71, 120, 56]"
Esc128,3700,254,128.38,5.82,6,95,0.4273,0.4141,5,128,42,"[83, 94, 115, 89, 86, 2, 42, 13, 100, 72, 81, 36, 95, 63, 84, 57, 3, 51, 125, 20, 116, 59, 41, 73, 47, 122, 37, 46, 119, 80, 61, 48, 12, 123, 31, 55, 28, 6, 108, 103, 126, 117, 93, 44, 17, 118, 98, 14, 121, 88, 74, 1, 58, 78, 40, 99, 43, 5, 62, 111, 0, 105, 18, 33, 54, 64, 76, 22, 25, 49, 75, 27, 107, 60, 97, 112, 26, 9, 91, 65, 21, 8, 70, 24, 87, 52, 7, 106, 113, 15, 69, 67, 30, 50, 101, 53, 16, 127, 114, 29, 11, 34, 19, 82, 90, 104, 39, 35, 109, 23, 10, 68, 77, 102, 85, 92, 96, 110, 38, 4, 124, 66, 79, 45, 32, 71, 120, 56]"
Esc128,3800,254,132.67,5.82,6,95,0.4273,0.4141,5,128,42,"[83, 94, 115, 89, 86, 2, 42, 13, 100, 72, 81, 36, 95, 63, 84, 57, 3, 51, 125, 20, 116, 59, 41, 73, 47, 122, 37, 46, 119, 80, 61, 48, 12, 123, 31, 55, 28, 6, 108, 103, 126, 117, 93, 44, 17, 118, 98, 14, 121, 88, 74, 1, 58, 78, 40, 99, 43, 5, 62, 111, 0, 105, 18, 33, 54, 64, 76, 22, 25, 49, 75, 27, 107, 60, 97, 112, 26, 9, 91, 65, 21, 8, 70, 24, 87, 52, 7, 106, 113, 15, 69, 67, 30, 50, 101, 53, 16, 127, 114, 29, 11, 34, 19, 82, 90, 104, 39, 35, 109, 23, 10, 68, 77, 102, 85, 92, 96, 110, 38, 4, 124, 66, 79, 45, 32, 71, 120, 56]"
Esc128,3900,252,137.07,5.29,6,95,0.4273,0.4141,5,128,42,"[73, 126, 54, 64, 84, 125, 19, 6, 68, 31, 90, 22, 51, 66, 102, 107, 1, 111, 99, 41, 55, 96, 87, 10, 76, 28, 83, 104, 94, 44, 0, 89, 33, 58, 80, 114, 52, 7, 118, 43, 56, 115, 109, 120, 105, 42, 21, 39, 23, 77, 40, 36, 117, 91, 8, 29, 35, 34, 121, 60, 2, 30, 57, 82, 116, 72, 81, 98, 78, 37, 38, 13, 79, 15, 45, 14, 101, 127, 70, 71, 27, 67, 124, 53, 17, 5, 20, 49, 65, 11, 26, 63, 119, 69, 24, 95, 50, 113, 3, 62, 4, 86, 100, 32, 112, 18, 92, 59, 46, 106, 48, 97, 12, 123, 75, 88, 74, 103, 61, 47, 122, 93, 16, 25, 9, 108, 85, 110]"
Esc128,4000,244,143.34,5.02,6,95,0.4273,0.4141,5,128,42,"[18, 126, 44, 64, 117, 125, 100, 30, 94, 108, 73, 127, 35, 0, 11, 40, 65, 3, 99, 50, 9, 96, 111, 89, 51, 23, 83, 25, 75, 107, 61, 105, 22, 92, 80, 114, 123, 36, 54, 119, 77, 115, 58, 120, 48, 42, 93, 55, 63, 37, 21, 19, 12, 102, 14, 29, 43, 87, 121, 1, 6, 46, 69, 39, 116, 7, 86, 52, 78, 74, 110, 33, 79, 68, 45, 24, 101, 113, 70, 71, 27, 67, 124, 17, 53, 5, 20, 47, 118, 32, 26, 98, 91, 62, 8, 76, 41, 103, 16, 57, 4, 49, 72, 28, 112, 90, 56, 38, 84, 106, 59, 104, 88, 2, 15, 95, 82, 13, 60, 109, 122, 66, 81, 34, 97, 31, 85, 10]"
Esc128,4100,244,147.99,5.02,6,95,0.4273,0.4141,5,128,42,"[18, 126, 44, 64, 117, 125, 100, 30, 94, 108, 73, 127, 35, 0, 11, 40, 65, 3, 99, 50, 9, 96, 111, 89, 51, 23, 83, 25, 75, 107, 61, 105, 22, 92, 80, 114, 123, 36, 54, 119, 77, 115, 58, 120, 48, 42, 93, 55, 63, 37, 21, 19, 12, 102, 14, 29, 43, 87, 121, 1, 6, 46, 69, 39, 116, 7, 86, 52, 78, 74, 110, 33, 79, 68, 45, 24, 101, 113, 70, 71, 27, 67, 124, 17, 53, 5, 20, 47, 118, 32, 26, 98, 91, 62, 8, 76, 41, 103, 16, 57, 4, 49, 72, 28, 112, 90, 56, 38, 84, 106, 59, 104, 88, 2, 15, 95, 82, 13, 60, 109, 122, 66, 81, 34, 97, 31, 85, 10]"
Esc128,4200,244,152.22,5.03,6,95,0.4273,0.4141,5,128,42,"[18, 126, 44, 64, 117, 125, 100, 30, 94, 108, 73, 127, 35, 0, 11, 40, 65, 3, 99, 50, 9, 96, 111, 89, 51, 23, 83, 25, 75, 107, 61, 105, 22, 92, 80, 114, 123, 36, 54, 119, 77, 115, 58, 120, 48, 42, 93, 55, 63, 37, 21, 19, 12, 102, 14, 29, 43, 87, 121, 1, 6, 46, 69, 39, 116, 7, 86, 52, 78, 74, 110, 33, 79, 68, 45, 24, 101, 113, 70, 71, 27, 67, 124, 17, 53, 5, 20, 47, 118, 32, 26, 98, 91, 62, 8, 76, 41, 103, 16, 57, 4, 49, 72, 28, 112, 90, 56, 38, 84, 106, 59, 104, 88, 2, 15, 95, 82, 13, 60, 109, 122, 66, 81, 34, 97, 31, 85, 10]"
Esc128,4300,244,156.04,5.04,6,95,0.4273,0.4141,5,128,42,"[18, 126, 44, 64, 117, 125, 100, 30, 94, 108, 73, 127, 35, 0, 11, 40, 65, 3, 99, 50, 9, 96, 111, 89, 51, 23, 83, 25, 75, 107, 61, 105, 22, 92, 80, 114, 123, 36, 54, 119, 77, 115, 58, 120, 48, 42, 93, 55, 63, 37, 21, 19, 12, 102, 14, 29, 43, 87, 121, 1, 6, 46, 69, 39, 116, 7, 86, 52, 78, 74, 110, 33, 79, 68, 45, 24, 101, 113, 70, 71, 27, 67, 124, 17, 53, 5, 20, 47, 118, 32, 26, 98, 91, 62, 8, 76, 41, 103, 16, 57, 4, 49, 72, 28, 112, 90, 56, 38, 84, 106, 59, 104, 88, 2, 15, 95, 82, 13, 60, 109, 122, 66, 81, 34, 97, 31, 85, 10]"
Esc128,4400,234,159.96,5.04,6,95,0.4273,0.4141,5,128,42,"[57, 115, 54, 72, 34, 22, 94, 120, 2, 126, 21, 12, 18, 52, 37, 101, 9, 96, 24, 74, 3, 19, 11, 73, 64, 78, 32, 6, 48, 102, 122, 65, 29, 25, 60, 90, 58, 84, 97, 121, 69, 123, 118, 99, 38, 55, 125, 56, 112, 15, 44, 14, 93, 83, 114, 0, 113, 80, 30, 71, 88, 91, 45, 62, 68, 33, 79, 107, 117, 89, 35, 106, 61, 49, 31, 98, 50, 7, 51, 63, 36, 75, 53, 105, 13, 92, 103, 111, 23, 10, 66, 77, 27, 110, 4, 46, 1, 16, 82, 124, 70, 28, 67, 119, 95, 104, 26, 109, 59, 20, 108, 81, 5, 47, 17, 86, 100, 85, 8, 76, 39, 87, 43, 127, 42, 41, 40, 116]"
Esc128,4500,234,164.5,4.9,6,95,0.4273,0.4141,5,128,42,"[57, 115, 54, 72, 34, 22, 94, 120, 2, 126, 21, 12, 18, 52, 37, 101, 9, 96, 24, 74, 3, 19, 11, 73, 64, 78, 32, 6, 48, 102, 122, 65, 29, 25, 60, 90, 58, 84, 97, 121, 69, 123, 118, 99, 38, 55, 125, 56, 112, 15, 44, 14, 93, 83, 114, 0, 113, 80, 30, 71, 88, 91, 45, 62, 68, 33, 79, 107, 117, 89, 35, 106, 61, 49, 31, 98, 50, 7, 51, 63, 36, 75, 53, 105, 13, 92, 103, 111, 23, 10, 66, 77, 27, 110, 4, 46, 1, 16, 82, 124, 70, 28, 67, 119, 95, 104, 26, 109, 59, 20, 108, 81, 5, 47, 17, 86, 100, 85, 8, 76, 39, 87, 43, 127, 42, 41, 40, 116]"
Esc128,4600,228,170.75,4.8,6,95,0.4273,0.4141,5,128,42,"[107, 105, 15, 73, 59, 22, 65, 114, 2, 126, 111, 33, 87, 20, 117, 23, 79, 25, 31, 41, 3, 72, 113, 21, 85, 106, 63, 0, 74, 76, 69, 75, 37, 60, 32, 46, 40, 93, 5, 112, 54, 88, 118, 30, 38, 24, 68, 47, 86, 43, 1, 119, 71, 104, 26, 123, 36, 94, 116, 121, 8, 16, 66, 62, 91, 7, 84, 125, 10, 89, 50, 19, 58, 99, 6, 127, 49, 77, 51, 34, 35, 14, 53, 108, 97, 92, 103, 70, 67, 45, 17, 9, 57, 110, 4, 82, 52, 95, 90, 78, 64, 28, 29, 55, 81, 12, 115, 109, 44, 102, 80, 101, 27, 83, 56, 61, 13, 18, 11, 100, 39, 120, 48, 122, 42, 96, 124, 98]"
Esc128,4700,206,175.6,4.71,6,95,0.4273,0.4141,5,128,42,"[122, 127, 27, 92, 9, 17, 65, 41, 33, 71, 116, 86, 55, 20, 43, 23, 79, 44, 56, 120, 24, 90, 25, 47, 84, 108, 3, 73, 49, 5, 39, 93, 126, 64, 70, 46, 29, 81, 13, 94, 112, 72, 4, 118, 32, 22, 68, 78, 80, 117, 106, 11, 74, 104, 38, 123, 36, 67, 57, 76, 0, 53, 10, 21, 30, 16, 14, 18, 83, 89, 50, 82, 102, 124, 2, 77, 19, 26, 51, 34, 119, 40, 125, 52, 6, 111, 107, 12, 7, 58, 115, 54, 28, 110, 85, 45, 15, 121, 61, 97, 62, 42, 88, 31, 103, 98, 100, 109, 87, 75, 48, 101, 113, 66, 96, 114, 37, 59, 8, 91, 69, 1, 35, 99, 60, 63, 105, 95]"
Esc128,4800,206,179.36,4.73,6,95,0.4273,0.4141,5,128,42,"[122, 127, 27, 92, 9, 17, 65, 41, 33, 71, 116, 86, 55, 20, 43, 23, 79, 44, 56, 120, 24, 90, 25, 47, 84, 108, 3, 73, 49, 5, 39, 93, 126, 64, 70, 46, 29, 81, 13, 94, 112, 72, 4, 118, 32, 22, 68, 78, 80, 117, 106, 11, 74, 104, 38, 123, 36, 67, 57, 76, 0, 53, 10, 21, 30, 16, 14, 18, 83, 89, 50, 82, 102, 124, 2, 77, 19, 26, 51, 34, 119, 40, 125, 52, 6, 111, 107, 12, 7, 58, 115, 54, 28, 110, 85, 45, 15, 121, 61, 97, 62, 42, 88, 31, 103, 98, 100, 109, 87, 75, 48, 101, 113, 66, 96, 114, 37, 59, 8, 91, 69, 1, 35, 99, 60, 63, 105, 95]"
Esc128,4900,206,185.14,4.74,6,95,0.4273,0.4141,5,128,42,"[122, 127, 27, 92, 9, 17, 65, 41, 33, 71, 116, 86, 55, 20, 43, 23, 79, 44, 56, 120, 24, 90, 25, 47, 84, 108, 3, 73, 49, 5, 39, 93, 126, 64, 70, 46, 29, 81, 13, 94, 112, 72, 4, 118, 32, 22, 68, 78, 80, 117, 106, 11, 74, 104, 38, 123, 36, 67, 57, 76, 0, 53, 10, 21, 30, 16, 14, 18, 83, 89, 50, 82, 102, 124, 2, 77, 19, 26, 51, 34, 119, 40, 125, 52, 6, 111, 107, 12, 7, 58, 115, 54, 28, 110, 85, 45, 15, 121, 61, 97, 62, 42, 88, 31, 103, 98, 100, 109, 87, 75, 48, 101, 113, 66, 96, 114, 37, 59, 8, 91, 69, 1, 35, 99, 60, 63, 105, 95]"
Esc128,5000,206,192.56,4.73,6,95,0.4273,0.4141,5,128,42,"[122, 127, 27, 92, 9, 17, 65, 41, 33, 71, 116, 86, 55, 20, 43, 23, 79, 44, 56, 120, 24, 90, 25, 47, 84, 108, 3, 73, 49, 5, 39, 93, 126, 64, 70, 46, 29, 81, 13, 94, 112, 72, 4, 118, 32, 22, 68, 78, 80, 117, 106, 11, 74, 104, 38, 123, 36, 67, 57, 76, 0, 53, 10, 21, 30, 16, 14, 18, 83, 89, 50, 82, 102, 124, 2, 77, 19, 26, 51, 34, 119, 40, 125, 52, 6, 111, 107, 12, 7, 58, 115, 54, 28, 110, 85, 45, 15, 121, 61, 97, 62, 42, 88, 31, 103, 98, 100, 109, 87, 75, 48, 101, 113, 66, 96, 114, 37, 59, 8, 91, 69, 1, 35, 99, 60, 63, 105, 95]"
Esc128,5100,202,196.37,5.55,6,95,0.4273,0.4141,5,128,42,"[77, 56, 7, 4, 96, 121, 50, 91, 26, 12, 57, 73, 78, 106, 103, 122, 33, 80, 105, 68, 100, 35, 27, 23, 75, 41, 83, 109, 25, 54, 92, 38, 29, 112, 84, 88, 89, 94, 117, 39, 125, 11, 98, 21, 123, 34, 63, 31, 115, 24, 10, 104, 87, 79, 47, 116, 46, 101, 82, 32, 14, 55, 124, 45, 17, 20, 28, 42, 6, 43, 71, 67, 66, 16, 70, 72, 22, 8, 51, 2, 36, 0, 53, 93, 65, 114, 102, 99, 120, 127, 30, 107, 64, 118, 126, 74, 15, 86, 52, 60, 62, 59, 9, 95, 44, 19, 49, 58, 61, 113, 13, 110, 40, 97, 90, 48, 119, 76, 111, 37, 85, 1, 81, 3, 108, 5, 18, 69]"
Esc128,5200,192,201.88,6.29,6,95,0.4273,0.4141,5,128,42,"[77, 56, 7, 26, 96, 60, 50, 98, 117, 12, 37, 80, 78, 106, 33, 122, 109, 14, 105, 113, 101, 62, 27, 23, 75, 65, 83, 73, 25, 67, 92, 39, 29, 108, 93, 88, 89, 28, 4, 38, 125, 11, 35, 21, 123, 81, 63, 31, 95, 24, 45, 54, 87, 74, 91, 114, 15, 97, 82, 32, 121, 72, 53, 10, 17, 94, 103, 42, 6, 43, 71, 79, 51, 16, 70, 55, 22, 30, 66, 2, 36, 86, 104, 111, 112, 116, 102, 99, 120, 127, 8, 107, 40, 118, 126, 119, 90, 68, 52, 20, 41, 58, 9, 115, 19, 3, 49, 34, 5, 124, 100, 110, 64, 13, 46, 48, 47, 76, 84, 57, 85, 1, 59, 18, 0, 61, 44, 69]"
Esc128,5300,192,207.17,4.95,6,95,0.4273,0.4141,5,128,42,"[77, 56, 7, 26, 96, 60, 50, 98, 117, 12, 37, 80, 78, 106, 33, 122, 109, 14, 105, 113, 101, 62, 27, 23, 75, 65, 83, 73, 25, 67, 92, 39, 29, 108, 93, 88, 89, 28, 4, 38, 125, 11, 35, 21, 123, 81, 63, 31, 95, 24, 45, 54, 87, 74, 91, 114, 15, 97, 82, 32, 121, 72, 53, 10, 17, 94, 103, 42, 6, 43, 71, 79, 51, 16, 70, 55, 22, 30, 66, 2, 36, 86, 104, 111, 112, 116, 102, 99, 120, 127, 8, 107, 40, 118, 126, 119, 90, 68, 52, 20, 41, 58, 9, 115, 19, 3, 49, 34, 5, 124, 100, 110, 64, 13, 46, 48, 47, 76, 84, 57, 85, 1, 59, 18, 0, 61, 44, 69]"
Esc128,5400,192,211.5,4.84,6,95,0.4273,0.4141,5,128,42,"[77, 56, 7, 26, 96, 60, 50, 98, 117, 12, 37, 80, 78, 106, 33, 122, 109, 14, 105, 113, 101, 62, 27, 23, 75, 65, 83, 73, 25, 67, 92, 39, 29, 108, 93, 88, 89, 28, 4, 38, 125, 11, 35, 21, 123, 81, 63, 31, 95, 24, 45, 54, 87, 74, 91, 114, 15, 97, 82, 32, 121, 72, 53, 10, 17, 94, 103, 42, 6, 43, 71, 79, 51, 16, 70, 55, 22, 30, 66, 2, 36, 86, 104, 111, 112, 116, 102, 99, 120, 127, 8, 107, 40, 118, 126, 119, 90, 68, 52, 20, 41, 58, 9, 115, 19, 3, 49, 34, 5, 124, 100, 110, 64, 13, 46, 48, 47, 76, 84, 57, 85, 1, 59, 18, 0, 61, 44, 69]"
Esc128,5500,188,215.32,4.85,6,95,0.4273,0.4141,5,128,42,"[40, 53, 34, 30, 109, 33, 120, 97, 20, 36, 39, 98, 21, 66, 73, 108, 45, 125, 17, 111, 42, 69, 55, 14, 71, 65, 79, 104, 57, 61, 126, 22, 127, 110, 93, 94, 26, 48, 54, 105, 1, 115, 37, 118, 89, 82, 63, 31, 47, 46, 51, 29, 19, 92, 86, 81, 15, 25, 64, 83, 43, 44, 35, 10, 7, 112, 80, 72, 5, 87, 100, 2, 76, 119, 4, 67, 32, 0, 68, 12, 123, 62, 3, 96, 59, 114, 121, 107, 78, 116, 27, 38, 56, 91, 77, 13, 90, 6, 70, 18, 52, 28, 88, 23, 50, 49, 103, 122, 101, 9, 124, 16, 113, 99, 8, 117, 60, 74, 84, 58, 85, 95, 24, 41, 102, 106, 75, 11]"
Esc128,5600,178,220.34,4.79,6,95,0.4273,0.4141,5,128,42,"[40, 1, 110, 30, 21, 88, 99, 96, 43, 95, 36, 15, 48, 66, 34, 42, 45, 16, 25, 85, 9, 14, 17, 89, 98, 20, 79, 5, 105, 86, 126, 51, 127, 106, 93, 94, 82, 6, 54, 101, 72, 38, 37, 35, 50, 56, 63, 31, 91, 46, 22, 29, 19, 61, 102, 118, 115, 55, 108, 58, 13, 8, 73, 10, 7, 112, 80, 109, 104, 60, 100, 65, 76, 117, 4, 62, 32, 90, 68, 12, 123, 70, 3, 97, 74, 26, 121, 107, 122, 47, 27, 24, 52, 57, 77, 53, 67, 120, 124, 18, 111, 28, 33, 23, 0, 116, 103, 78, 83, 92, 2, 125, 113, 11, 44, 81, 119, 75, 84, 39, 114, 49, 71, 59, 69, 64, 87, 41]"
Esc128,5700,170,224.26,4.8,6,95,0.4273,0.4141,5,128,42,"[114, 1, 110, 45, 21, 36, 99, 96, 52, 95, 88, 9, 55, 66, 34, 42, 7, 16, 25, 85, 15, 14, 17, 89, 35, 20, 79, 5, 105, 39, 127, 51, 93, 49, 126, 94, 82, 6, 54, 101, 72, 38, 37, 98, 50, 64, 63, 31, 91, 33, 22, 67, 19, 92, 102, 118, 115, 48, 108, 58, 13, 8, 73, 10, 30, 112, 80, 109, 104, 60, 100, 65, 76, 40, 4, 124, 32, 90, 68, 12, 123, 70, 3, 97, 74, 26, 121, 125, 122, 47, 27, 24, 43, 57, 103, 53, 29, 56, 62, 18, 111, 23, 46, 28, 0, 116, 77, 78, 83, 2, 61, 86, 113, 11, 44, 81, 119, 75, 84, 107, 120, 106, 71, 59, 69, 117, 87, 41]"
Esc128,5800,162,229.05,4.76,6,95,0.4273,0.4141,5,128,42,"[20, 116, 99, 122, 21, 46, 65, 98, 119, 19, 110, 18, 2, 66, 6, 42, 93, 107, 34, 35, 54, 40, 17, 71, 83, 102, 30, 5, 49, 7, 127, 27, 111, 39, 126, 94, 1, 60, 97, 101, 62, 38, 78, 91, 23, 64, 63, 31, 15, 28, 22, 52, 51, 92, 88, 81, 37, 43, 11, 84, 80, 9, 73, 10, 124, 106, 36, 3, 104, 58, 100, 95, 76, 118, 4, 45, 77, 90, 68, 12, 25, 70, 32, 75, 47, 0, 121, 125, 79, 123, 13, 55, 24, 57, 114, 29, 89, 56, 87, 120, 33, 86, 82, 67, 108, 112, 105, 109, 14, 8, 72, 96, 113, 103, 44, 115, 16, 117, 59, 26, 74, 50, 53, 61, 69, 85, 48, 41]"
Esc128,5900,140,233.38,4.74,6,95,0.4273,0.4141,5,128,42,"[20, 116, 16, 14, 21, 46, 98, 109, 81, 19, 61, 18, 2, 66, 6, 114, 7, 107, 29, 103, 54, 40, 17, 71, 93, 102, 15, 5, 73, 83, 127, 27, 111, 39, 126, 94, 1, 123, 23, 101, 62, 69, 108, 91, 97, 64, 63, 31, 9, 84, 22, 52, 51, 106, 88, 119, 37, 49, 0, 122, 80, 30, 99, 10, 124, 92, 112, 3, 104, 58, 100, 115, 76, 43, 4, 95, 77, 90, 68, 12, 25, 70, 32, 13, 118, 42, 121, 125, 79, 60, 78, 117, 24, 57, 11, 34, 38, 56, 87, 120, 33, 86, 82, 35, 75, 36, 89, 65, 28, 8, 72, 96, 113, 105, 44, 45, 47, 55, 59, 26, 74, 50, 53, 110, 67, 85, 48, 41]"
Esc128,6000,140,239.51,4.74,6,95,0.4273,0.4141,5,128,42,"[20, 116, 16, 14, 21, 46, 98, 109, 81, 19, 61, 18, 2, 66, 6, 114, 7, 107, 29, 103, 54, 40, 17, 71, 93, 102, 15, 5, 73, 83, 127, 27, 111, 39, 126, 94, 1, 123, 23, 101, 62, 69, 108, 91, 97, 64, 63, 31, 9, 84, 22, 52, 51, 106, 88, 119, 37, 49, 0, 122, 80, 30, 99, 10, 124, 92, 112, 3, 104, 58, 100, 115, 76, 43, 4, 95, 77, 90, 68, 12, 25, 70, 32, 13, 118, 42, 121, 125, 79, 60, 78, 117, 24, 57, 11, 34, 38, 56, 87, 120, 33, 86, 82, 35, 75, 36, 89, 65, 28, 8, 72, 96, 113, 105, 44, 45, 47, 55, 59, 26, 74, 50, 53, 110, 67, 85, 48, 41]"
Esc128,6100,128,244.68,4.75,6,95,0.4273,0.4141,5,128,42,"[2, 17, 16, 46, 109, 29, 9, 52, 1, 30, 119, 93, 72, 115, 123, 114, 27, 118, 45, 28, 103, 75, 40, 14, 71, 11, 5, 127, 73, 7, 122, 49, 26, 89, 126, 94, 113, 34, 43, 104, 42, 111, 108, 50, 37, 97, 63, 31, 85, 101, 47, 105, 51, 82, 15, 13, 65, 112, 0, 48, 24, 54, 19, 116, 32, 92, 25, 56, 84, 21, 100, 66, 4, 78, 76, 36, 77, 90, 68, 12, 120, 35, 44, 6, 102, 87, 121, 125, 69, 55, 33, 117, 20, 57, 39, 70, 106, 3, 62, 67, 22, 95, 18, 60, 61, 83, 107, 41, 80, 8, 81, 96, 53, 79, 91, 110, 124, 23, 59, 99, 74, 64, 58, 10, 86, 98, 88, 38]"
Esc128,6200,126,249.24,4.76,6,95,0.4273,0.4141,5,128,42,"[3, 17, 16, 111, 109, 37, 90, 28, 119, 60, 117, 69, 112, 115, 85, 114, 97, 9, 45, 93, 67, 89, 0, 79, 101, 48, 7, 127, 81, 88, 62, 72, 26, 21, 126, 94, 73, 1, 43, 104, 22, 40, 106, 105, 103, 59, 63, 31, 75, 8, 49, 15, 51, 25, 47, 87, 83, 5, 30, 66, 24, 54, 23, 102, 32, 92, 50, 123, 84, 44, 100, 122, 4, 2, 76, 6, 77, 34, 68, 12, 120, 56, 58, 82, 41, 98, 121, 125, 52, 55, 35, 33, 20, 57, 124, 70, 10, 107, 71, 13, 42, 118, 11, 91, 61, 65, 78, 116, 80, 46, 36, 108, 53, 14, 27, 110, 64, 29, 19, 99, 86, 18, 96, 113, 95, 39, 38, 74]"
Esc128,6300,126,252.59,4.76,6,95,0.4273,0.4141,5,128,42,"[3, 17, 16, 111, 109, 37, 90, 28, 119, 60, 117, 69, 112, 115, 85, 114, 97, 9, 45, 93, 67, 89, 0, 79, 101, 48, 7, 127, 81, 88, 62, 72, 26, 21, 126, 94, 73, 1, 43, 104, 22, 40, 106, 105, 103, 59, 63, 31, 75, 8, 49, 15, 51, 25, 47, 87, 83, 5, 30, 66, 24, 54, 23, 102, 32, 92, 50, 123, 84, 44, 100, 122, 4, 2, 76, 6, 77, 34, 68, 12, 120, 56, 58, 82, 41, 98, 121, 125, 52, 55, 35, 33, 20, 57, 124, 70, 10, 107, 71, 13, 42, 118, 11, 91, 61, 65, 78, 116, 80, 46, 36, 108, 53, 14, 27, 110, 64, 29, 19, 99, 86, 18, 96, 113, 95, 39, 38, 74]"
Esc128,6400,126,256.18,4.87,6,95,0.4273,0.4141,5,128,42,"[3, 17, 16, 111, 109, 37, 90, 28, 119, 60, 117, 69, 112, 115, 85, 114, 97, 9, 45, 93, 67, 89, 0, 79, 101, 48, 7, 127, 81, 88, 62, 72, 26, 21, 126, 94, 73, 1, 43, 104, 22, 40, 106, 105, 103, 59, 63, 31, 75, 8, 49, 15, 51, 25, 47, 87, 83, 5, 30, 66, 24, 54, 23, 102, 32, 92, 50, 123, 84, 44, 100, 122, 4, 2, 76, 6, 77, 34, 68, 12, 120, 56, 58, 82, 41, 98, 121, 125, 52, 55, 35, 33, 20, 57, 124, 70, 10, 107, 71, 13, 42, 118, 11, 91, 61, 65, 78, 116, 80, 46, 36, 108, 53, 14, 27, 110, 64, 29, 19, 99, 86, 18, 96, 113, 95, 39, 38, 74]"
Esc128,6500,126,260.04,4.87,6,95,0.4273,0.4141,5,128,42,"[3, 17, 16, 111, 109, 37, 90, 28, 119, 60, 117, 69, 112, 115, 85, 114, 97, 9, 45, 93, 67, 89, 0, 79, 101, 48, 7, 127, 81, 88, 62, 72, 26, 21, 126, 94, 73, 1, 43, 104, 22, 40, 106, 105, 103, 59, 63, 31, 75, 8, 49, 15, 51, 25, 47, 87, 83, 5, 30, 66, 24, 54, 23, 102, 32, 92, 50, 123, 84, 44, 100, 122, 4, 2, 76, 6, 77, 34, 68, 12, 120, 56, 58, 82, 41, 98, 121, 125, 52, 55, 35, 33, 20, 57, 124, 70, 10, 107, 71, 13, 42, 118, 11, 91, 61, 65, 78, 116, 80, 46, 36, 108, 53, 14, 27, 110, 64, 29, 19, 99, 86, 18, 96, 113, 95, 39, 38, 74]"
Esc128,6600,126,263.24,4.87,6,95,0.4273,0.4141,5,128,42,"[3, 17, 16, 111, 109, 37, 90, 28, 119, 60, 117, 69, 112, 115, 85, 114, 97, 9, 45, 93, 67, 89, 0, 79, 101, 48, 7, 127, 81, 88, 62, 72, 26, 21, 126, 94, 73, 1, 43, 104, 22, 40, 106, 105, 103, 59, 63, 31, 75, 8, 49, 15, 51, 25, 47, 87, 83, 5, 30, 66, 24, 54, 23, 102, 32, 92, 50, 123, 84, 44, 100, 122, 4, 2, 76, 6, 77, 34, 68, 12, 120, 56, 58, 82, 41, 98, 121, 125, 52, 55, 35, 33, 20, 57, 124, 70, 10, 107, 71, 13, 42, 118, 11, 91, 61, 65, 78, 116, 80, 46, 36, 108, 53, 14, 27, 110, 64, 29, 19, 99, 86, 18, 96, 113, 95, 39, 38, 74]"
Esc128,100,268,266.92,5.34,6,95,0.4273,0.4141,5,128,42,"[49, 91, 19, 92, 110, 95, 59, 45, 75, 82, 119, 72, 27, 88, 97, 79, 87, 106, 122, 80, 64, 38, 28, 108, 7, 77, 30, 44, 15, 9, 102, 3, 32, 74, 14, 22, 94, 23, 56, 84, 12, 70, 69, 36, 24, 29, 58, 63, 25, 35, 51, 21, 10, 86, 105, 103, 90, 123, 46, 104, 41, 96, 54, 78, 47, 53, 62, 83, 65, 50, 1, 93, 67, 26, 81, 66, 120, 39, 117, 60, 33, 61, 73, 100, 37, 2, 16, 18, 85, 124, 5, 121, 57, 40, 101, 8, 116, 76, 125, 99, 55, 0, 118, 31, 89, 113, 114, 112, 17, 20, 6, 109, 43, 42, 71, 68, 48, 4, 111, 115, 107, 127, 126, 52, 98, 11, 34, 13]"
Esc128,200,268,271.08,5.34,6,95,0.4273,0.4141,5,128,42,"[49, 91, 19, 92, 110, 95, 59, 45, 75, 82, 119, 72, 27, 88, 97, 79, 87, 106, 122, 80, 64, 38, 28, 108, 7, 77, 30, 44, 15, 9, 102, 3, 32, 74, 14, 22, 94, 23, 56, 84, 12, 70, 69, 36, 24, 29, 58, 63, 25, 35, 51, 21, 10, 86, 105, 103, 90, 123, 46, 104, 41, 96, 54, 78, 47, 53, 62, 83, 65, 50, 1, 93, 67, 26, 81, 66, 120, 39, 117, 60, 33, 61, 73, 100, 37, 2, 16, 18, 85, 124, 5, 121, 57, 40, 101, 8, 116, 76, 125, 99, 55, 0, 118, 31, 89, 113, 114, 112, 17, 20, 6, 109, 43, 42, 71, 68, 48, 4, 111, 115, 107, 127, 126, 52, 98, 11, 34, 13]"
Esc128,300,268,274.97,5.34,6,95,0.4273,0.4141,5,128,42,"[49, 91, 19, 92, 110, 95, 59, 45, 75, 82, 119, 72, 27, 88, 97, 79, 87, 106, 122, 80, 64, 38, 28, 108, 7, 77, 30, 44, 15, 9, 102, 3, 32, 74, 14, 22, 94, 23, 56, 84, 12, 70, 69, 36, 24, 29, 58, 63, 25, 35, 51, 21, 10, 86, 105, 103, 90, 123, 46, 104, 41, 96, 54, 78, 47, 53, 62, 83, 65, 50, 1, 93, 67, 26, 81, 66, 120, 39, 117, 60, 33, 61, 73, 100, 37, 2, 16, 18, 85, 124, 5, 121, 57, 40, 101, 8, 116, 76, 125, 99, 55, 0, 118, 31, 89, 113, 114, 112, 17, 20, 6, 109, 43, 42, 71, 68, 48, 4, 111, 115, 107, 127, 126, 52, 98, 11, 34, 13]"
Esc128,400,268,278.61,6.95,6,95,0.4273,0.4141,5,128,42,"[49, 91, 19, 92, 110, 95, 59, 45, 75, 82, 119, 72, 27, 88, 97, 79, 87, 106, 122, 80, 64, 38, 28, 108, 7, 77, 30, 44, 15, 9, 102, 3, 32, 74, 14, 22, 94, 23, 56, 84, 12, 70, 69, 36, 24, 29, 58, 63, 25, 35, 51, 21, 10, 86, 105, 103, 90, 123, 46, 104, 41, 96, 54, 78, 47, 53, 62, 83, 65, 50, 1, 93, 67, 26, 81, 66, 120, 39, 117, 60, 33, 61, 73, 100, 37, 2, 16, 18, 85, 124, 5, 121, 57, 40, 101, 8, 116, 76, 125, 99, 55, 0, 118, 31, 89, 113, 114, 112, 17, 20, 6, 109, 43, 42, 71, 68, 48, 4, 111, 115, 107, 127, 126, 52, 98, 11, 34, 13]"
Esc128,500,244,282.88,6.95,6,95,0.4273,0.4141,5,128,42,"[62, 99, 70, 111, 9, 126, 5, 67, 54, 61, 50, 32, 124, 127, 71, 119, 8, 86, 125, 55, 120, 19, 65, 89, 82, 91, 88, 13, 56, 107, 90, 85, 112, 52, 106, 83, 123, 6, 48, 35, 66, 47, 63, 98, 25, 100, 34, 59, 69, 93, 87, 45, 24, 110, 30, 96, 104, 10, 49, 23, 81, 94, 27, 20, 4, 39, 60, 43, 38, 21, 102, 12, 7, 77, 79, 95, 101, 2, 64, 117, 53, 92, 121, 103, 37, 28, 15, 40, 14, 80, 58, 51, 118, 109, 36, 3, 73, 116, 46, 97, 0, 76, 78, 113, 105, 84, 44, 31, 33, 72, 41, 29, 1, 122, 11, 74, 22, 17, 68, 75, 16, 57, 18, 108, 115, 26, 114, 42]"
Esc128,600,244,286.94,7.28,6,95,0.4273,0.4141,5,128,42,"[62, 99, 70, 111, 9, 126, 5, 67, 54, 61, 50, 32, 124, 127, 71, 119, 8, 86, 125, 55, 120, 19, 65, 89, 82, 91, 88, 13, 56, 107, 90, 85, 112, 52, 106, 83, 123, 6, 48, 35, 66, 47, 63, 98, 25, 100, 34, 59, 69, 93, 87, 45, 24, 110, 30, 96, 104, 10, 49, 23, 81, 94, 27, 20, 4, 39, 60, 43, 38, 21, 102, 12, 7, 77, 79, 95, 101, 2, 64, 117, 53, 92, 121, 103, 37, 28, 15, 40, 14, 80, 58, 51, 118, 109, 36, 3, 73, 116, 46, 97, 0, 76, 78, 113, 105, 84, 44, 31, 33, 72, 41, 29, 1, 122, 11, 74, 22, 17, 68, 75, 16, 57, 18, 108, 115, 26, 114, 42]"
Esc128,700,244,291.02,7.28,6,95,0.4273,0.4141,5,128,42,"[62, 99, 70, 111, 9, 126, 5, 67, 54, 61, 50, 32, 124, 127, 71, 119, 8, 86, 125, 55, 120, 19, 65, 89, 82, 91, 88, 13, 56, 107, 90, 85, 112, 52, 106, 83, 123, 6, 48, 35, 66, 47, 63, 98, 25, 100, 34, 59, 69, 93, 87, 45, 24, 110, 30, 96, 104, 10, 49, 23, 81, 94, 27, 20, 4, 39, 60, 43, 38, 21, 102, 12, 7, 77, 79, 95, 101, 2, 64, 117, 53, 92, 121, 103, 37, 28, 15, 40, 14, 80, 58, 51, 118, 109, 36, 3, 73, 116, 46, 97, 0, 76, 78, 113, 105, 84, 44, 31, 33, 72, 41, 29, 1, 122, 11, 74, 22, 17, 68, 75, 16, 57, 18, 108, 115, 26, 114, 42]"
Esc128,800,244,295.56,7.28,6,95,0.4273,0.4141,5,128,42,"[62, 99, 70, 111, 9, 126, 5, 67, 54, 61, 50, 32, 124, 127, 71, 119, 8, 86, 125, 55, 120, 19, 65, 89, 82, 91, 88, 13, 56, 107, 90, 85, 112, 52, 106, 83, 123, 6, 48, 35, 66, 47, 63, 98, 25, 100, 34, 59, 69, 93, 87, 45, 24, 110, 30, 96, 104, 10, 49, 23, 81, 94, 27, 20, 4, 39, 60, 43, 38, 21, 102, 12, 7, 77, 79, 95, 101, 2, 64, 117, 53, 92, 121, 103, 37, 28, 15, 40, 14, 80, 58, 51, 118, 109, 36, 3, 73, 116, 46, 97, 0, 76, 78, 113, 105, 84, 44, 31, 33, 72, 41, 29, 1, 122, 11, 74, 22, 17, 68, 75, 16, 57, 18, 108, 115, 26, 114, 42]"
Esc128,900,244,299.5,7.28,6,95,0.4273,0.4141,5,128,42,"[62, 99, 70, 111, 9, 126, 5, 67, 54, 61, 50, 32, 124, 127, 71, 119, 8, 86, 125, 55, 120, 19, 65, 89, 82, 91, 88, 13, 56, 107, 90, 85, 112, 52, 106, 83, 123, 6, 48, 35, 66, 47, 63, 98, 25, 100, 34, 59, 69, 93, 87, 45, 24, 110, 30, 96, 104, 10, 49, 23, 81, 94, 27, 20, 4, 39, 60, 43, 38, 21, 102, 12, 7, 77, 79, 95, 101, 2, 64, 117, 53, 92, 121, 103, 37, 28, 15, 40, 14, 80, 58, 51, 118, 109, 36, 3, 73, 116, 46, 97, 0, 76, 78, 113, 105, 84, 44, 31, 33, 72, 41, 29, 1, 122, 11, 74, 22, 17, 68, 75, 16, 57, 18, 108, 115, 26, 114, 42]"
Esc128,1000,244,303.13,7.28,6,95,0.4273,0.4141,5,128,42,"[62, 99, 70, 111, 9, 126, 5, 67, 54, 61, 50, 32, 124, 127, 71, 119, 8, 86, 125, 55, 120, 19, 65, 89, 82, 91, 88, 13, 56, 107, 90, 85, 112, 52, 106, 83, 123, 6, 48, 35, 66, 47, 63, 98, 25, 100, 34, 59, 69, 93, 87, 45, 24, 110, 30, 96, 104, 10, 49, 23, 81, 94, 27, 20, 4, 39, 60, 43, 38, 21, 102, 12, 7, 77, 79, 95, 101, 2, 64, 117, 53, 92, 121, 103, 37, 28, 15, 40, 14, 80, 58, 51, 118, 109, 36, 3, 73, 116, 46, 97, 0, 76, 78, 113, 105, 84, 44, 31, 33, 72, 41, 29, 1, 122, 11, 74, 22, 17, 68, 75, 16, 57, 18, 108, 115, 26, 114, 42]"
Esc128,1100,244,306.87,7.28,6,95,0.4273,0.4141,5,128,42,"[62, 99, 70, 111, 9, 126, 5, 67, 54, 61, 50, 32, 124, 127, 71, 119, 8, 86, 125, 55, 120, 19, 65, 89, 82, 91, 88, 13, 56, 107, 90, 85, 112, 52, 106, 83, 123, 6, 48, 35, 66, 47, 63, 98, 25, 100, 34, 59, 69, 93, 87, 45, 24, 110, 30, 96, 104, 10, 49, 23, 81, 94, 27, 20, 4, 39, 60, 43, 38, 21, 102, 12, 7, 77, 79, 95, 101, 2, 64, 117, 53, 92, 121, 103, 37, 28, 15, 40, 14, 80, 58, 51, 118, 109, 36, 3, 73, 116, 46, 97, 0, 76, 78, 113, 105, 84, 44, 31, 33, 72, 41, 29, 1, 122, 11, 74, 22, 17, 68, 75, 16, 57, 18, 108, 115, 26, 114, 42]"
Esc128,1200,244,310.71,7.28,6,95,0.4273,0.4141,5,128,42,"[62, 99, 70, 111, 9, 126, 5, 67, 54, 61, 50, 32, 124, 127, 71, 119, 8, 86, 125, 55, 120, 19, 65, 89, 82, 91, 88, 13, 56, 107, 90, 85, 112, 52, 106, 83, 123, 6, 48, 35, 66, 47, 63, 98, 25, 100, 34, 59, 69, 93, 87, 45, 24, 110, 30, 96, 104, 10, 49, 23, 81, 94, 27, 20, 4, 39, 60, 43, 38, 21, 102, 12, 7, 77, 79, 95, 101, 2, 64, 117, 53, 92, 121, 103, 37, 28, 15, 40, 14, 80, 58, 51, 118, 109, 36, 3, 73, 116, 46, 97, 0, 76, 78, 113, 105, 84, 44, 31, 33, 72, 41, 29, 1, 122, 11, 74, 22, 17, 68, 75, 16, 57, 18, 108, 115, 26, 114, 42]"
Esc128,1300,244,314.33,7.28,6,95,0.4273,0.4141,5,128,42,"[62, 99, 70, 111, 9, 126, 5, 67, 54, 61, 50, 32, 124, 127, 71, 119, 8, 86, 125, 55, 120, 19, 65, 89, 82, 91, 88, 13, 56, 107, 90, 85, 112, 52, 106, 83, 123, 6, 48, 35, 66, 47, 63, 98, 25, 100, 34, 59, 69, 93, 87, 45, 24, 110, 30, 96, 104, 10, 49, 23, 81, 94, 27, 20, 4, 39, 60, 43, 38, 21, 102, 12, 7, 77, 79, 95, 101, 2, 64, 117, 53, 92, 121, 103, 37, 28, 15, 40, 14, 80, 58, 51, 118, 109, 36, 3, 73, 116, 46, 97, 0, 76, 78, 113, 105, 84, 44, 31, 33, 72, 41, 29, 1, 122, 11, 74, 22, 17, 68, 75, 16, 57, 18, 108, 115, 26, 114, 42]"
Esc128,1400,244,318.48,7.28,6,95,0.4273,0.4141,5,128,42,"[62, 99, 70, 111, 9, 126, 5, 67, 54, 61, 50, 32, 124, 127, 71, 119, 8, 86, 125, 55, 120, 19, 65, 89, 82, 91, 88, 13, 56, 107, 90, 85, 112, 52, 106, 83, 123, 6, 48, 35, 66, 47, 63, 98, 25, 100, 34, 59, 69, 93, 87, 45, 24, 110, 30, 96, 104, 10, 49, 23, 81, 94, 27, 20, 4, 39, 60, 43, 38, 21, 102, 12, 7, 77, 79, 95, 101, 2, 64, 117, 53, 92, 121, 103, 37, 28, 15, 40, 14, 80, 58, 51, 118, 109, 36, 3, 73, 116, 46, 97, 0, 76, 78, 113, 105, 84, 44, 31, 33, 72, 41, 29, 1, 122, 11, 74, 22, 17, 68, 75, 16, 57, 18, 108, 115, 26, 114, 42]"
Esc128,1500,244,322.47,7.28,6,95,0.4273,0.4141,5,128,42,"[62, 99, 70, 111, 9, 126, 5, 67, 54, 61, 50, 32, 124, 127, 71, 119, 8, 86, 125, 55, 120, 19, 65, 89, 82, 91, 88, 13, 56, 107, 90, 85, 112, 52, 106, 83, 123, 6, 48, 35, 66, 47, 63, 98, 25, 100, 34, 59, 69, 93, 87, 45, 24, 110, 30, 96, 104, 10, 49, 23, 81, 94, 27, 20, 4, 39, 60, 43, 38, 21, 102, 12, 7, 77, 79, 95, 101, 2, 64, 117, 53, 92, 121, 103, 37, 28, 15, 40, 14, 80, 58, 51, 118, 109, 36, 3, 73, 116, 46, 97, 0, 76, 78, 113, 105, 84, 44, 31, 33, 72, 41, 29, 1, 122, 11, 74, 22, 17, 68, 75, 16, 57, 18, 108, 115, 26, 114, 42]"
Esc128,1600,244,326.88,7.28,6,95,0.4273,0.4141,5,128,42,"[62, 99, 70, 111, 9, 126, 5, 67, 54, 61, 50, 32, 124, 127, 71, 119, 8, 86, 125, 55, 120, 19, 65, 89, 82, 91, 88, 13, 56, 107, 90, 85, 112, 52, 106, 83, 123, 6, 48, 35, 66, 47, 63, 98, 25, 100, 34, 59, 69, 93, 87, 45, 24, 110, 30, 96, 104, 10, 49, 23, 81, 94, 27, 20, 4, 39, 60, 43, 38, 21, 102, 12, 7, 77, 79, 95, 101, 2, 64, 117, 53, 92, 121, 103, 37, 28, 15, 40, 14, 80, 58, 51, 118, 109, 36, 3, 73, 116, 46, 97, 0, 76, 78, 113, 105, 84, 44, 31, 33, 72, 41, 29, 1, 122, 11, 74, 22, 17, 68, 75, 16, 57, 18, 108, 115, 26, 114, 42]"
Esc128,1700,244,330.92,7.28,6,95,0.4273,0.4141,5,128,42,"[62, 99, 70, 111, 9, 126, 5, 67, 54, 61, 50, 32, 124, 127, 71, 119, 8, 86, 125, 55, 120, 19, 65, 89, 82, 91, 88, 13, 56, 107, 90, 85, 112, 52, 106, 83, 123, 6, 48, 35, 66, 47, 63, 98, 25, 100, 34, 59, 69, 93, 87, 45, 24, 110, 30, 96, 104, 10, 49, 23, 81, 94, 27, 20, 4, 39, 60, 43, 38, 21, 102, 12, 7, 77, 79, 95, 101, 2, 64, 117, 53, 92, 121, 103, 37, 28, 15, 40, 14, 80, 58, 51, 118, 109, 36, 3, 73, 116, 46, 97, 0, 76, 78, 113, 105, 84, 44, 31, 33, 72, 41, 29, 1, 122, 11, 74, 22, 17, 68, 75, 16, 57, 18, 108, 115, 26, 114, 42]"
Esc128,1800,244,335.17,7.28,6,95,0.4273,0.4141,5,128,42,"[62, 99, 70, 111, 9, 126, 5, 67, 54, 61, 50, 32, 124, 127, 71, 119, 8, 86, 125, 55, 120, 19, 65, 89, 82, 91, 88, 13, 56, 107, 90, 85, 112, 52, 106, 83, 123, 6, 48, 35, 66, 47, 63, 98, 25, 100, 34, 59, 69, 93, 87, 45, 24, 110, 30, 96, 104, 10, 49, 23, 81, 94, 27, 20, 4, 39, 60, 43, 38, 21, 102, 12, 7, 77, 79, 95, 101, 2, 64, 117, 53, 92, 121, 103, 37, 28, 15, 40, 14, 80, 58, 51, 118, 109, 36, 3, 73, 116, 46, 97, 0, 76, 78, 113, 105, 84, 44, 31, 33, 72, 41, 29, 1, 122, 11, 74, 22, 17, 68, 75, 16, 57, 18, 108, 115, 26, 114, 42]"
Esc128,1900,244,338.94,7.28,6,95,0.4273,0.4141,5,128,42,"[62, 99, 70, 111, 9, 126, 5, 67, 54, 61, 50, 32, 124, 127, 71, 119, 8, 86, 125, 55, 120, 19, 65, 89, 82, 91, 88, 13, 56, 107, 90, 85, 112, 52, 106, 83, 123, 6, 48, 35, 66, 47, 63, 98, 25, 100, 34, 59, 69, 93, 87, 45, 24, 110, 30, 96, 104, 10, 49, 23, 81, 94, 27, 20, 4, 39, 60, 43, 38, 21, 102, 12, 7, 77, 79, 95, 101, 2, 64, 117, 53, 92, 121, 103, 37, 28, 15, 40, 14, 80, 58, 51, 118, 109, 36, 3, 73, 116, 46, 97, 0, 76, 78, 113, 105, 84, 44, 31, 33, 72, 41, 29, 1, 122, 11, 74, 22, 17, 68, 75, 16, 57, 18, 108, 115, 26, 114, 42]"
Esc128,2000,244,342.77,7.92,6,95,0.4273,0.4141,5,128,42,"[62, 99, 70, 111, 9, 126, 5, 67, 54, 61, 50, 32, 124, 127, 71, 119, 8, 86, 125, 55, 120, 19, 65, 89, 82, 91, 88, 13, 56, 107, 90, 85, 112, 52, 106, 83, 123, 6, 48, 35, 66, 47, 63, 98, 25, 100, 34, 59, 69, 93, 87, 45, 24, 110, 30, 96, 104, 10, 49, 23, 81, 94, 27, 20, 4, 39, 60, 43, 38, 21, 102, 12, 7, 77, 79, 95, 101, 2, 64, 117, 53, 92, 121, 103, 37, 28, 15, 40, 14, 80, 58, 51, 118, 109, 36, 3, 73, 116, 46, 97, 0, 76, 78, 113, 105, 84, 44, 31, 33, 72, 41, 29, 1, 122, 11, 74, 22, 17, 68, 75, 16, 57, 18, 108, 115, 26, 114, 42]"
Esc128,2100,244,346.77,7.92,6,95,0.4273,0.4141,5,128,42,"[62, 99, 70, 111, 9, 126, 5, 67, 54, 61, 50, 32, 124, 127, 71, 119, 8, 86, 125, 55, 120, 19, 65, 89, 82, 91, 88, 13, 56, 107, 90, 85, 112, 52, 106, 83, 123, 6, 48, 35, 66, 47, 63, 98, 25, 100, 34, 59, 69, 93, 87, 45, 24, 110, 30, 96, 104, 10, 49, 23, 81, 94, 27, 20, 4, 39, 60, 43, 38, 21, 102, 12, 7, 77, 79, 95, 101, 2, 64, 117, 53, 92, 121, 103, 37, 28, 15, 40, 14, 80, 58, 51, 118, 109, 36, 3, 73, 116, 46, 97, 0, 76, 78, 113, 105, 84, 44, 31, 33, 72, 41, 29, 1, 122, 11, 74, 22, 17, 68, 75, 16, 57, 18, 108, 115, 26, 114, 42]"
Esc128,2200,244,350.98,7.92,6,95,0.4273,0.4141,5,128,42,"[62, 99, 70, 111, 9, 126, 5, 67, 54, 61, 50, 32, 124, 127, 71, 119, 8, 86, 125, 55, 120, 19, 65, 89, 82, 91, 88, 13, 56, 107, 90, 85, 112, 52, 106, 83, 123, 6, 48, 35, 66, 47, 63, 98, 25, 100, 34, 59, 69, 93, 87, 45, 24, 110, 30, 96, 104, 10, 49, 23, 81, 94, 27, 20, 4, 39, 60, 43, 38, 21, 102, 12, 7, 77, 79, 95, 101, 2, 64, 117, 53, 92, 121, 103, 37, 28, 15, 40, 14, 80, 58, 51, 118, 109, 36, 3, 73, 116, 46, 97, 0, 76, 78, 113, 105, 84, 44, 31, 33, 72, 41, 29, 1, 122, 11, 74, 22, 17, 68, 75, 16, 57, 18, 108, 115, 26, 114, 42]"
Esc128,2300,244,355.29,7.92,6,95,0.4273,0.4141,5,128,42,"[62, 99, 70, 111, 9, 126, 5, 67, 54, 61, 50, 32, 124, 127, 71, 119, 8, 86, 125, 55, 120, 19, 65, 89, 82, 91, 88, 13, 56, 107, 90, 85, 112, 52, 106, 83, 123, 6, 48, 35, 66, 47, 63, 98, 25, 100, 34, 59, 69, 93, 87, 45, 24, 110, 30, 96, 104, 10, 49, 23, 81, 94, 27, 20, 4, 39, 60, 43, 38, 21, 102, 12, 7, 77, 79, 95, 101, 2, 64, 117, 53, 92, 121, 103, 37, 28, 15, 40, 14, 80, 58, 51, 118, 109, 36, 3, 73, 116, 46, 97, 0, 76, 78, 113, 105, 84, 44, 31, 33, 72, 41, 29, 1, 122, 11, 74, 22, 17, 68, 75, 16, 57, 18, 108, 115, 26, 114, 42]"
Esc128,2400,244,359.38,7.92,6,95,0.4273,0.4141,5,128,42,"[62, 99, 70, 111, 9, 126, 5, 67, 54, 61, 50, 32, 124, 127, 71, 119, 8, 86, 125, 55, 120, 19, 65, 89, 82, 91, 88, 13, 56, 107, 90, 85, 112, 52, 106, 83, 123, 6, 48, 35, 66, 47, 63, 98, 25, 100, 34, 59, 69, 93, 87, 45, 24, 110, 30, 96, 104, 10, 49, 23, 81, 94, 27, 20, 4, 39, 60, 43, 38, 21, 102, 12, 7, 77, 79, 95, 101, 2, 64, 117, 53, 92, 121, 103, 37, 28, 15, 40, 14, 80, 58, 51, 118, 109, 36, 3, 73, 116, 46, 97, 0, 76, 78, 113, 105, 84, 44, 31, 33, 72, 41, 29, 1, 122, 11, 74, 22, 17, 68, 75, 16, 57, 18, 108, 115, 26, 114, 42]"
Esc128,2500,244,363.22,7.92,6,95,0.4273,0.4141,5,128,42,"[62, 99, 70, 111, 9, 126, 5, 67, 54, 61, 50, 32, 124, 127, 71, 119, 8, 86, 125, 55, 120, 19, 65, 89, 82, 91, 88, 13, 56, 107, 90, 85, 112, 52, 106, 83, 123, 6, 48, 35, 66, 47, 63, 98, 25, 100, 34, 59, 69, 93, 87, 45, 24, 110, 30, 96, 104, 10, 49, 23, 81, 94, 27, 20, 4, 39, 60, 43, 38, 21, 102, 12, 7, 77, 79, 95, 101, 2, 64, 117, 53, 92, 121, 103, 37, 28, 15, 40, 14, 80, 58, 51, 118, 109, 36, 3, 73, 116, 46, 97, 0, 76, 78, 113, 105, 84, 44, 31, 33, 72, 41, 29, 1, 122, 11, 74, 22, 17, 68, 75, 16, 57, 18, 108, 115, 26, 114, 42]"
Esc128,2600,244,368.52,6.68,6,95,0.4273,0.4141,5,128,42,"[62, 99, 70, 111, 9, 126, 5, 67, 54, 61, 50, 32, 124, 127, 71, 119, 8, 86, 125, 55, 120, 19, 65, 89, 82, 91, 88, 13, 56, 107, 90, 85, 112, 52, 106, 83, 123, 6, 48, 35, 66, 47, 63, 98, 25, 100, 34, 59, 69, 93, 87, 45, 24, 110, 30, 96, 104, 10, 49, 23, 81, 94, 27, 20, 4, 39, 60, 43, 38, 21, 102, 12, 7, 77, 79, 95, 101, 2, 64, 117, 53, 92, 121, 103, 37, 28, 15, 40, 14, 80, 58, 51, 118, 109, 36, 3, 73, 116, 46, 97, 0, 76, 78, 113, 105, 84, 44, 31, 33, 72, 41, 29, 1, 122, 11, 74, 22, 17, 68, 75, 16, 57, 18, 108, 115, 26, 114, 42]"
Esc128,2700,244,372.39,6.68,6,95,0.4273,0.4141,5,128,42,"[62, 99, 70, 111, 9, 126, 5, 67, 54, 61, 50, 32, 124, 127, 71, 119, 8, 86, 125, 55, 120, 19, 65, 89, 82, 91, 88, 13, 56, 107, 90, 85, 112, 52, 106, 83, 123, 6, 48, 35, 66, 47, 63, 98, 25, 100, 34, 59, 69, 93, 87, 45, 24, 110, 30, 96, 104, 10, 49, 23, 81, 94, 27, 20, 4, 39, 60, 43, 38, 21, 102, 12, 7, 77, 79, 95, 101, 2, 64, 117, 53, 92, 121, 103, 37, 28, 15, 40, 14, 80, 58, 51, 118, 109, 36, 3, 73, 116, 46, 97, 0, 76, 78, 113, 105, 84, 44, 31, 33, 72, 41, 29, 1, 122, 11, 74, 22, 17, 68, 75, 16, 57, 18, 108, 115, 26, 114, 42]"
Esc128,2800,244,375.91,6.68,6,95,0.4273,0.4141,5,128,42,"[62, 99, 70, 111, 9, 126, 5, 67, 54, 61, 50, 32, 124, 127, 71, 119, 8, 86, 125, 55, 120, 19, 65, 89, 82, 91, 88, 13, 56, 107, 90, 85, 112, 52, 106, 83, 123, 6, 48, 35, 66, 47, 63, 98, 25, 100, 34, 59, 69, 93, 87, 45, 24, 110, 30, 96, 104, 10, 49, 23, 81, 94, 27, 20, 4, 39, 60, 43, 38, 21, 102, 12, 7, 77, 79, 95, 101, 2, 64, 117, 53, 92, 121, 103, 37, 28, 15, 40, 14, 80, 58, 51, 118, 109, 36, 3, 73, 116, 46, 97, 0, 76, 78, 113, 105, 84, 44, 31, 33, 72, 41, 29, 1, 122, 11, 74, 22, 17, 68, 75, 16, 57, 18, 108, 115, 26, 114, 42]"
Esc128,2900,244,379.47,6.68,6,95,0.4273,0.4141,5,128,42,"[62, 99, 70, 111, 9, 126, 5, 67, 54, 61, 50, 32, 124, 127, 71, 119, 8, 86, 125, 55, 120, 19, 65, 89, 82, 91, 88, 13, 56, 107, 90, 85, 112, 52, 106, 83, 123, 6, 48, 35, 66, 47, 63, 98, 25, 100, 34, 59, 69, 93, 87, 45, 24, 110, 30, 96, 104, 10, 49, 23, 81, 94, 27, 20, 4, 39, 60, 43, 38, 21, 102, 12, 7, 77, 79, 95, 101, 2, 64, 117, 53, 92, 121, 103, 37, 28, 15, 40, 14, 80, 58, 51, 118, 109, 36, 3, 73, 116, 46, 97, 0, 76, 78, 113, 105, 84, 44, 31, 33, 72, 41, 29, 1, 122, 11, 74, 22, 17, 68, 75, 16, 57, 18, 108, 115, 26, 114, 42]"
Esc128,3000,244,383.48,6.33,6,95,0.4273,0.4141,5,128,42,"[62, 99, 70, 111, 9, 126, 5, 67, 54, 61, 50, 32, 124, 127, 71, 119, 8, 86, 125, 55, 120, 19, 65, 89, 82, 91, 88, 13, 56, 107, 90, 85, 112, 52, 106, 83, 123, 6, 48, 35, 66, 47, 63, 98, 25, 100, 34, 59, 69, 93, 87, 45, 24, 110, 30, 96, 104, 10, 49, 23, 81, 94, 27, 20, 4, 39, 60, 43, 38, 21, 102, 12, 7, 77, 79, 95, 101, 2, 64, 117, 53, 92, 121, 103, 37, 28, 15, 40, 14, 80, 58, 51, 118, 109, 36, 3, 73, 116, 46, 97, 0, 76, 78, 113, 105, 84, 44, 31, 33, 72, 41, 29, 1, 122, 11, 74, 22, 17, 68, 75, 16, 57, 18, 108, 115, 26, 114, 42]"
Esc128,3100,244,387.05,6.33,6,95,0.4273,0.4141,5,128,42,"[62, 99, 70, 111, 9, 126, 5, 67, 54, 61, 50, 32, 124, 127, 71, 119, 8, 86, 125, 55, 120, 19, 65, 89, 82, 91, 88, 13, 56, 107, 90, 85, 112, 52, 106, 83, 123, 6, 48, 35, 66, 47, 63, 98, 25, 100, 34, 59, 69, 93, 87, 45, 24, 110, 30, 96, 104, 10, 49, 23, 81, 94, 27, 20, 4, 39, 60, 43, 38, 21, 102, 12, 7, 77, 79, 95, 101, 2, 64, 117, 53, 92, 121, 103, 37, 28, 15, 40, 14, 80, 58, 51, 118, 109, 36, 3, 73, 116, 46, 97, 0, 76, 78, 113, 105, 84, 44, 31, 33, 72, 41, 29, 1, 122, 11, 74, 22, 17, 68, 75, 16, 57, 18, 108, 115, 26, 114, 42]"
Esc128,3200,244,390.69,6.33,6,95,0.4273,0.4141,5,128,42,"[62, 99, 70, 111, 9, 126, 5, 67, 54, 61, 50, 32, 124, 127, 71, 119, 8, 86, 125, 55, 120, 19, 65, 89, 82, 91, 88, 13, 56, 107, 90, 85, 112, 52, 106, 83, 123, 6, 48, 35, 66, 47, 63, 98, 25, 100, 34, 59, 69, 93, 87, 45, 24, 110, 30, 96, 104, 10, 49, 23, 81, 94, 27, 20, 4, 39, 60, 43, 38, 21, 102, 12, 7, 77, 79, 95, 101, 2, 64, 117, 53, 92, 121, 103, 37, 28, 15, 40, 14, 80, 58, 51, 118, 109, 36, 3, 73, 116, 46, 97, 0, 76, 78, 113, 105, 84, 44, 31, 33, 72, 41, 29, 1, 122, 11, 74, 22, 17, 68, 75, 16, 57, 18, 108, 115, 26, 114, 42]"
Esc128,3300,244,394.36,6.33,6,95,0.4273,0.4141,5,128,42,"[62, 99, 70, 111, 9, 126, 5, 67, 54, 61, 50, 32, 124, 127, 71, 119, 8, 86, 125, 55, 120, 19, 65, 89, 82, 91, 88, 13, 56, 107, 90, 85, 112, 52, 106, 83, 123, 6, 48, 35, 66, 47, 63, 98, 25, 100, 34, 59, 69, 93, 87, 45, 24, 110, 30, 96, 104, 10, 49, 23, 81, 94, 27, 20, 4, 39, 60, 43, 38, 21, 102, 12, 7, 77, 79, 95, 101, 2, 64, 117, 53, 92, 121, 103, 37, 28, 15, 40, 14, 80, 58, 51, 118, 109, 36, 3, 73, 116, 46, 97, 0, 76, 78, 113, 105, 84, 44, 31, 33, 72, 41, 29, 1, 122, 11, 74, 22, 17, 68, 75, 16, 57, 18, 108, 115, 26, 114, 42]"
Esc128,3400,244,398.06,6.33,6,95,0.4273,0.4141,5,128,42,"[62, 99, 70, 111, 9, 126, 5, 67, 54, 61, 50, 32, 124, 127, 71, 119, 8, 86, 125, 55, 120, 19, 65, 89, 82, 91, 88, 13, 56, 107, 90, 85, 112, 52, 106, 83, 123, 6, 48, 35, 66, 47, 63, 98, 25, 100, 34, 59, 69, 93, 87, 45, 24, 110, 30, 96, 104, 10, 49, 23, 81, 94, 27, 20, 4, 39, 60, 43, 38, 21, 102, 12, 7, 77, 79, 95, 101, 2, 64, 117, 53, 92, 121, 103, 37, 28, 15, 40, 14, 80, 58, 51, 118, 109, 36, 3, 73, 116, 46, 97, 0, 76, 78, 113, 105, 84, 44, 31, 33, 72, 41, 29, 1, 122, 11, 74, 22, 17, 68, 75, 16, 57, 18, 108, 115, 26, 114, 42]"
Esc128,3500,244,401.26,6.33,6,95,0.4273,0.4141,5,128,42,"[62, 99, 70, 111, 9, 126, 5, 67, 54, 61, 50, 32, 124, 127, 71, 119, 8, 86, 125, 55, 120, 19, 65, 89, 82, 91, 88, 13, 56, 107, 90, 85, 112, 52, 106, 83, 123, 6, 48, 35, 66, 47, 63, 98, 25, 100, 34, 59, 69, 93, 87, 45, 24, 110, 30, 96, 104, 10, 49, 23, 81, 94, 27, 20, 4, 39, 60, 43, 38, 21, 102, 12, 7, 77, 79, 95, 101, 2, 64, 117, 53, 92, 121, 103, 37, 28, 15, 40, 14, 80, 58, 51, 118, 109, 36, 3, 73, 116, 46, 97, 0, 76, 78, 113, 105, 84, 44, 31, 33, 72, 41, 29, 1, 122, 11, 74, 22, 17, 68, 75, 16, 57, 18, 108, 115, 26, 114, 42]"
Esc128,3600,244,404.5,6.33,6,95,0.4273,0.4141,5,128,42,"[62, 99, 70, 111, 9, 126, 5, 67, 54, 61, 50, 32, 124, 127, 71, 119, 8, 86, 125, 55, 120, 19, 65, 89, 82, 91, 88, 13, 56, 107, 90, 85, 112, 52, 106, 83, 123, 6, 48, 35, 66, 47, 63, 98, 25, 100, 34, 59, 69, 93, 87, 45, 24, 110, 30, 96, 104, 10, 49, 23, 81, 94, 27, 20, 4, 39, 60, 43, 38, 21, 102, 12, 7, 77, 79, 95, 101, 2, 64, 117, 53, 92, 121, 103, 37, 28, 15, 40, 14, 80, 58, 51, 118, 109, 36, 3, 73, 116, 46, 97, 0, 76, 78, 113, 105, 84, 44, 31, 33, 72, 41, 29, 1, 122, 11, 74, 22, 17, 68, 75, 16, 57, 18, 108, 115, 26, 114, 42]"
Esc128,3700,244,407.62,6.33,6,95,0.4273,0.4141,5,128,42,"[62, 99, 70, 111, 9, 126, 5, 67, 54, 61, 50, 32, 124, 127, 71, 119, 8, 86, 125, 55, 120, 19, 65, 89, 82, 91, 88, 13, 56, 107, 90, 85, 112, 52, 106, 83, 123, 6, 48, 35, 66, 47, 63, 98, 25, 100, 34, 59, 69, 93, 87, 45, 24, 110, 30, 96, 104, 10, 49, 23, 81, 94, 27, 20, 4, 39, 60, 43, 38, 21, 102, 12, 7, 77, 79, 95, 101, 2, 64, 117, 53, 92, 121, 103, 37, 28, 15, 40, 14, 80, 58, 51, 118, 109, 36, 3, 73, 116, 46, 97, 0, 76, 78, 113, 105, 84, 44, 31, 33, 72, 41, 29, 1, 122, 11, 74, 22, 17, 68, 75, 16, 57, 18, 108, 115, 26, 114, 42]"
Esc128,3800,244,410.69,6.33,6,95,0.4273,0.4141,5,128,42,"[62, 99, 70, 111, 9, 126, 5, 67, 54, 61, 50, 32, 124, 127, 71, 119, 8, 86, 125, 55, 120, 19, 65, 89, 82, 91, 88, 13, 56, 107, 90, 85, 112, 52, 106, 83, 123, 6, 48, 35, 66, 47, 63, 98, 25, 100, 34, 59, 69, 93, 87, 45, 24, 110, 30, 96, 104, 10, 49, 23, 81, 94, 27, 20, 4, 39, 60, 43, 38, 21, 102, 12, 7, 77, 79, 95, 101, 2, 64, 117, 53, 92, 121, 103, 37, 28, 15, 40, 14, 80, 58, 51, 118, 109, 36, 3, 73, 116, 46, 97, 0, 76, 78, 113, 105, 84, 44, 31, 33, 72, 41, 29, 1, 122, 11, 74, 22, 17, 68, 75, 16, 57, 18, 108, 115, 26, 114, 42]"
Esc128,3900,234,413.64,6.34,6,95,0.4273,0.4141,5,128,42,"[66, 100, 65, 111, 101, 64, 61, 88, 110, 112, 13, 4, 9, 16, 98, 80, 31, 45, 70, 122, 94, 23, 90, 1, 82, 95, 91, 120, 123, 30, 69, 84, 6, 40, 7, 71, 48, 38, 74, 47, 93, 51, 59, 14, 28, 52, 115, 117, 29, 32, 109, 105, 96, 62, 10, 85, 42, 104, 49, 72, 20, 19, 34, 15, 108, 125, 12, 44, 106, 54, 87, 113, 86, 24, 102, 17, 119, 50, 97, 99, 78, 43, 33, 37, 8, 118, 36, 103, 127, 39, 124, 89, 92, 21, 0, 27, 2, 18, 107, 83, 60, 25, 11, 68, 46, 126, 26, 63, 3, 35, 116, 67, 76, 73, 57, 75, 79, 58, 114, 56, 53, 55, 121, 22, 81, 77, 5, 41]"
Esc128,4000,234,416.32,6.34,6,95,0.4273,0.4141,5,128,42,"[66, 100, 65, 111, 101, 64, 61, 88, 110, 112, 13, 4, 9, 16, 98, 80, 31, 45, 70, 122, 94, 23, 90, 1, 82, 95, 91, 120, 123, 30, 69, 84, 6, 40, 7, 71, 48, 38, 74, 47, 93, 51, 59, 14, 28, 52, 115, 117, 29, 32, 109, 105, 96, 62, 10, 85, 42, 104, 49, 72, 20, 19, 34, 15, 108, 125, 12, 44, 106, 54, 87, 113, 86, 24, 102, 17, 119, 50, 97, 99, 78, 43, 33, 37, 8, 118, 36, 103, 127, 39, 124, 89, 92, 21, 0, 27, 2, 18, 107, 83, 60, 25, 11, 68, 46, 126, 26, 63, 3, 35, 116, 67, 76, 73, 57, 75, 79, 58, 114, 56, 53, 55, 121, 22, 81, 77, 5, 41]"
Esc128,4100,234,419.29,6.34,6,95,0.4273,0.4141,5,128,42,"[66, 100, 65, 111, 101, 64, 61, 88, 110, 112, 13, 4, 9, 16, 98, 80, 31, 45, 70, 122, 94, 23, 90, 1, 82, 95, 91, 120, 123, 30, 69, 84, 6, 40, 7, 71, 48, 38, 74, 47, 93, 51, 59, 14, 28, 52, 115, 117, 29, 32, 109, 105, 96, 62, 10, 85, 42, 104, 49, 72, 20, 19, 34, 15, 108, 125, 12, 44, 106, 54, 87, 113, 86, 24, 102, 17, 119, 50, 97, 99, 78, 43, 33, 37, 8, 118, 36, 103, 127, 39, 124, 89, 92, 21, 0, 27, 2, 18, 107, 83, 60, 25, 11, 68, 46, 126, 26, 63, 3, 35, 116, 67, 76, 73, 57, 75, 79, 58, 114, 56, 53, 55, 121, 22, 81, 77, 5, 41]"
Esc128,4200,234,423.04,6.34,6,95,0.4273,0.4141,5,128,42,"[66, 100, 65, 111, 101, 64, 61, 88, 110, 112, 13, 4, 9, 16, 98, 80, 31, 45, 70, 122, 94, 23, 90, 1, 82, 95, 91, 120, 123, 30, 69, 84, 6, 40, 7, 71, 48, 38, 74, 47, 93, 51, 59, 14, 28, 52, 115, 117, 29, 32, 109, 105, 96, 62, 10, 85, 42, 104, 49, 72, 20, 19, 34, 15, 108, 125, 12, 44, 106, 54, 87, 113, 86, 24, 102, 17, 119, 50, 97, 99, 78, 43, 33, 37, 8, 118, 36, 103, 127, 39, 124, 89, 92, 21, 0, 27, 2, 18, 107, 83, 60, 25, 11, 68, 46, 126, 26, 63, 3, 35, 116, 67, 76, 73, 57, 75, 79, 58, 114, 56, 53, 55, 121, 22, 81, 77, 5, 41]"
Esc128,4300,234,426.07,6.34,6,95,0.4273,0.4141,5,128,42,"[66, 100, 65, 111, 101, 64, 61, 88, 110, 112, 13, 4, 9, 16, 98, 80, 31, 45, 70, 122, 94, 23, 90, 1, 82, 95, 91, 120, 123, 30, 69, 84, 6, 40, 7, 71, 48, 38, 74, 47, 93, 51, 59, 14, 28, 52, 115, 117, 29, 32, 109, 105, 96, 62, 10, 85, 42, 104, 49, 72, 20, 19, 34, 15, 108, 125, 12, 44, 106, 54, 87, 113, 86, 24, 102, 17, 119, 50, 97, 99, 78, 43, 33, 37, 8, 118, 36, 103, 127, 39, 124, 89, 92, 21, 0, 27, 2, 18, 107, 83, 60, 25, 11, 68, 46, 126, 26, 63, 3, 35, 116, 67, 76, 73, 57, 75, 79, 58, 114, 56, 53, 55, 121, 22, 81, 77, 5, 41]"
Esc128,4400,234,429.2,6.34,6,95,0.4273,0.4141,5,128,42,"[66, 100, 65, 111, 101, 64, 61, 88, 110, 112, 13, 4, 9, 16, 98, 80, 31, 45, 70, 122, 94, 23, 90, 1, 82, 95, 91, 120, 123, 30, 69, 84, 6, 40, 7, 71, 48, 38, 74, 47, 93, 51, 59, 14, 28, 52, 115, 117, 29, 32, 109, 105, 96, 62, 10, 85, 42, 104, 49, 72, 20, 19, 34, 15, 108, 125, 12, 44, 106, 54, 87, 113, 86, 24, 102, 17, 119, 50, 97, 99, 78, 43, 33, 37, 8, 118, 36, 103, 127, 39, 124, 89, 92, 21, 0, 27, 2, 18, 107, 83, 60, 25, 11, 68, 46, 126, 26, 63, 3, 35, 116, 67, 76, 73, 57, 75, 79, 58, 114, 56, 53, 55, 121, 22, 81, 77, 5, 41]"
Esc128,4500,204,432.17,6.34,6,95,0.4273,0.4141,5,128,42,"[37, 58, 28, 68, 13, 86, 69, 73, 112, 34, 108, 96, 30, 24, 121, 20, 48, 116, 55, 77, 0, 9, 67, 107, 1, 4, 2, 126, 103, 87, 33, 105, 42, 119, 123, 90, 52, 100, 89, 66, 31, 80, 82, 110, 101, 83, 59, 113, 64, 53, 75, 106, 54, 63, 102, 22, 95, 26, 14, 81, 10, 25, 18, 3, 118, 61, 127, 114, 60, 109, 57, 50, 120, 71, 29, 74, 62, 115, 44, 124, 97, 19, 43, 88, 122, 84, 46, 47, 17, 23, 35, 91, 5, 11, 104, 41, 8, 6, 39, 56, 32, 51, 125, 38, 12, 27, 16, 70, 72, 99, 98, 78, 40, 76, 85, 49, 111, 36, 92, 15, 7, 79, 94, 45, 93, 65, 21, 117]"
Esc128,4600,182,435.23,6.34,6,95,0.4273,0.4141,5,128,42,"[19, 2, 28, 34, 48, 105, 125, 73, 121, 22, 126, 21, 74, 100, 112, 20, 13, 56, 116, 77, 0, 99, 67, 52, 122, 4, 53, 17, 88, 87, 59, 1, 42, 30, 26, 90, 113, 16, 89, 66, 33, 119, 82, 36, 101, 71, 58, 83, 127, 23, 75, 106, 54, 11, 111, 55, 3, 79, 14, 94, 104, 15, 18, 46, 118, 61, 81, 63, 60, 108, 57, 50, 120, 38, 45, 37, 62, 98, 44, 124, 97, 10, 43, 86, 110, 40, 32, 47, 8, 25, 107, 91, 5, 114, 80, 41, 109, 27, 39, 6, 95, 51, 31, 102, 12, 117, 24, 70, 72, 9, 69, 78, 84, 35, 85, 49, 92, 68, 76, 103, 93, 123, 115, 29, 7, 65, 96, 64]"
Esc128,4700,182,438.38,6.34,6,95,0.4273,0.4141,5,128,42,"[19, 2, 28, 34, 48, 105, 125, 73, 121, 22, 126, 21, 74, 100, 112, 20, 13, 56, 116, 77, 0, 99, 67, 52, 122, 4, 53, 17, 88, 87, 59, 1, 42, 30, 26, 90, 113, 16, 89, 66, 33, 119, 82, 36, 101, 71, 58, 83, 127, 23, 75, 106, 54, 11, 111, 55, 3, 79, 14, 94, 104, 15, 18, 46, 118, 61, 81, 63, 60, 108, 57, 50, 120, 38, 45, 37, 62, 98, 44, 124, 97, 10, 43, 86, 110, 40, 32, 47, 8, 25, 107, 91, 5, 114, 80, 41, 109, 27, 39, 6, 95, 51, 31, 102, 12, 117, 24, 70, 72, 9, 69, 78, 84, 35, 85, 49, 92, 68, 76, 103, 93, 123, 115, 29, 7, 65, 96, 64]"
Esc128,4800,182,441.99,6.34,6,95,0.4273,0.4141,5,128,42,"[19, 2, 28, 34, 48, 105, 125, 73, 121, 22, 126, 21, 74, 100, 112, 20, 13, 56, 116, 77, 0, 99, 67, 52, 122, 4, 53, 17, 88, 87, 59, 1, 42, 30, 26, 90, 113, 16, 89, 66, 33, 119, 82, 36, 101, 71, 58, 83, 127, 23, 75, 106, 54, 11, 111, 55, 3, 79, 14, 94, 104, 15, 18, 46, 118, 61, 81, 63, 60, 108, 57, 50, 120, 38, 45, 37, 62, 98, 44, 124, 97, 10, 43, 86, 110, 40, 32, 47, 8, 25, 107, 91, 5, 114, 80, 41, 109, 27, 39, 6, 95, 51, 31, 102, 12, 117, 24, 70, 72, 9, 69, 78, 84, 35, 85, 49, 92, 68, 76, 103, 93, 123, 115, 29, 7, 65, 96, 64]"
Esc128,4900,182,445.52,6.36,6,95,0.4273,0.4141,5,128,42,"[19, 2, 28, 34, 48, 105, 125, 73, 121, 22, 126, 21, 74, 100, 112, 20, 13, 56, 116, 77, 0, 99, 67, 52, 122, 4, 53, 17, 88, 87, 59, 1, 42, 30, 26, 90, 113, 16, 89, 66, 33, 119, 82, 36, 101, 71, 58, 83, 127, 23, 75, 106, 54, 11, 111, 55, 3, 79, 14, 94, 104, 15, 18, 46, 118, 61, 81, 63, 60, 108, 57, 50, 120, 38, 45, 37, 62, 98, 44, 124, 97, 10, 43, 86, 110, 40, 32, 47, 8, 25, 107, 91, 5, 114, 80, 41, 109, 27, 39, 6, 95, 51, 31, 102, 12, 117, 24, 70, 72, 9, 69, 78, 84, 35, 85, 49, 92, 68, 76, 103, 93, 123, 115, 29, 7, 65, 96, 64]"
Esc128,5000,182,449.77,6.36,6,95,0.4273,0.4141,5,128,42,"[19, 2, 28, 34, 48, 105, 125, 73, 121, 22, 126, 21, 74, 100, 112, 20, 13, 56, 116, 77, 0, 99, 67, 52, 122, 4, 53, 17, 88, 87, 59, 1, 42, 30, 26, 90, 113, 16, 89, 66, 33, 119, 82, 36, 101, 71, 58, 83, 127, 23, 75, 106, 54, 11, 111, 55, 3, 79, 14, 94, 104, 15, 18, 46, 118, 61, 81, 63, 60, 108, 57, 50, 120, 38, 45, 37, 62, 98, 44, 124, 97, 10, 43, 86, 110, 40, 32, 47, 8, 25, 107, 91, 5, 114, 80, 41, 109, 27, 39, 6, 95, 51, 31, 102, 12, 117, 24, 70, 72, 9, 69, 78, 84, 35, 85, 49, 92, 68, 76, 103, 93, 123, 115, 29, 7, 65, 96, 64]"
Esc128,5100,182,455.28,6.36,6,95,0.4273,0.4141,5,128,42,"[19, 2, 28, 34, 48, 105, 125, 73, 121, 22, 126, 21, 74, 100, 112, 20, 13, 56, 116, 77, 0, 99, 67, 52, 122, 4, 53, 17, 88, 87, 59, 1, 42, 30, 26, 90, 113, 16, 89, 66, 33, 119, 82, 36, 101, 71, 58, 83, 127, 23, 75, 106, 54, 11, 111, 55, 3, 79, 14, 94, 104, 15, 18, 46, 118, 61, 81, 63, 60, 108, 57, 50, 120, 38, 45, 37, 62, 98, 44, 124, 97, 10, 43, 86, 110, 40, 32, 47, 8, 25, 107, 91, 5, 114, 80, 41, 109, 27, 39, 6, 95, 51, 31, 102, 12, 117, 24, 70, 72, 9, 69, 78, 84, 35, 85, 49, 92, 68, 76, 103, 93, 123, 115, 29, 7, 65, 96, 64]"
Esc128,5200,182,461.2,6.36,6,95,0.4273,0.4141,5,128,42,"[19, 2, 28, 34, 48, 105, 125, 73, 121, 22, 126, 21, 74, 100, 112, 20, 13, 56, 116, 77, 0, 99, 67, 52, 122, 4, 53, 17, 88, 87, 59, 1, 42, 30, 26, 90, 113, 16, 89, 66, 33, 119, 82, 36, 101, 71, 58, 83, 127, 23, 75, 106, 54, 11, 111, 55, 3, 79, 14, 94, 104, 15, 18, 46, 118, 61, 81, 63, 60, 108, 57, 50, 120, 38, 45, 37, 62, 98, 44, 124, 97, 10, 43, 86, 110, 40, 32, 47, 8, 25, 107, 91, 5, 114, 80, 41, 109, 27, 39, 6, 95, 51, 31, 102, 12, 117, 24, 70, 72, 9, 69, 78, 84, 35, 85, 49, 92, 68, 76, 103, 93, 123, 115, 29, 7, 65, 96, 64]"
Esc128,5300,182,464.8,6.36,6,95,0.4273,0.4141,5,128,42,"[19, 2, 28, 34, 48, 105, 125, 73, 121, 22, 126, 21, 74, 100, 112, 20, 13, 56, 116, 77, 0, 99, 67, 52, 122, 4, 53, 17, 88, 87, 59, 1, 42, 30, 26, 90, 113, 16, 89, 66, 33, 119, 82, 36, 101, 71, 58, 83, 127, 23, 75, 106, 54, 11, 111, 55, 3, 79, 14, 94, 104, 15, 18, 46, 118, 61, 81, 63, 60, 108, 57, 50, 120, 38, 45, 37, 62, 98, 44, 124, 97, 10, 43, 86, 110, 40, 32, 47, 8, 25, 107, 91, 5, 114, 80, 41, 109, 27, 39, 6, 95, 51, 31, 102, 12, 117, 24, 70, 72, 9, 69, 78, 84, 35, 85, 49, 92, 68, 76, 103, 93, 123, 115, 29, 7, 65, 96, 64]"
Esc128,5400,166,467.94,6.36,6,95,0.4273,0.4141,5,128,42,"[89, 73, 23, 67, 3, 85, 101, 81, 106, 102, 92, 79, 58, 70, 34, 2, 29, 80, 112, 90, 51, 18, 15, 71, 48, 76, 21, 0, 37, 103, 59, 35, 22, 53, 54, 16, 111, 9, 43, 8, 97, 74, 26, 28, 75, 5, 105, 107, 100, 94, 126, 124, 44, 95, 123, 47, 118, 24, 77, 119, 45, 13, 120, 1, 27, 20, 96, 91, 60, 122, 12, 99, 62, 64, 110, 11, 61, 117, 52, 56, 72, 4, 14, 49, 66, 104, 32, 40, 115, 63, 98, 68, 87, 42, 116, 17, 50, 7, 19, 82, 84, 69, 57, 30, 55, 31, 83, 121, 127, 114, 41, 10, 33, 25, 65, 38, 109, 39, 93, 36, 125, 6, 46, 108, 86, 78, 113, 88]"
Esc128,5500,162,470.64,6.36,6,95,0.4273,0.4141,5,128,42,"[84, 73, 112, 35, 3, 29, 123, 95, 7, 71, 82, 124, 127, 72, 34, 8, 85, 55, 57, 90, 51, 45, 22, 104, 48, 46, 70, 0, 37, 23, 59, 64, 20, 17, 54, 16, 19, 111, 91, 2, 97, 18, 26, 53, 75, 5, 105, 107, 41, 94, 43, 36, 44, 4, 101, 63, 118, 88, 77, 119, 109, 114, 79, 100, 98, 30, 96, 56, 60, 108, 12, 67, 62, 125, 110, 121, 92, 49, 58, 126, 24, 81, 15, 99, 66, 28, 32, 40, 115, 120, 89, 9, 61, 42, 113, 116, 27, 78, 6, 25, 21, 69, 74, 76, 80, 102, 83, 31, 1, 13, 50, 86, 33, 87, 103, 14, 52, 39, 93, 117, 11, 68, 47, 65, 10, 106, 38, 122]"
Esc128,5600,160,473.84,6.36,6,95,0.4273,0.4141,5,128,42,"[99, 73, 112, 74, 3, 79, 123, 94, 7, 116, 52, 124, 127, 72, 34, 8, 66, 35, 50, 90, 53, 45, 22, 120, 48, 44, 70, 0, 37, 23, 59, 64, 20, 17, 54, 16, 19, 111, 91, 2, 97, 18, 26, 55, 28, 77, 105, 107, 125, 71, 43, 98, 46, 88, 101, 63, 118, 57, 5, 87, 56, 114, 14, 100, 36, 30, 96, 109, 60, 108, 12, 6, 62, 4, 110, 78, 92, 41, 58, 126, 24, 81, 15, 84, 85, 75, 10, 42, 32, 104, 119, 9, 61, 40, 113, 69, 27, 121, 122, 13, 67, 21, 51, 76, 80, 102, 83, 31, 1, 25, 49, 106, 33, 29, 103, 89, 82, 39, 93, 117, 11, 68, 47, 65, 115, 86, 38, 95]"
Esc128,5700,160,477.33,5.6,6,95,0.4273,0.4141,5,128,42,"[99, 73, 112, 74, 3, 79, 123, 94, 7, 116, 52, 124, 127, 72, 34, 8, 66, 35, 50, 90, 53, 45, 22, 120, 48, 44, 70, 0, 37, 23, 59, 64, 20, 17, 54, 16, 19, 111, 91, 2, 97, 18, 26, 55, 28, 77, 105, 107, 125, 71, 43, 98, 46, 88, 101, 63, 118, 57, 5, 87, 56, 114, 14, 100, 36, 30, 96, 109, 60, 108, 12, 6, 62, 4, 110, 78, 92, 41, 58, 126, 24, 81, 15, 84, 85, 75, 10, 42, 32, 104, 119, 9, 61, 40, 113, 69, 27, 121, 122, 13, 67, 21, 51, 76, 80, 102, 83, 31, 1, 25, 49, 106, 33, 29, 103, 89, 82, 39, 93, 117, 11, 68, 47, 65, 115, 86, 38, 95]"
Esc128,5800,158,480.37,5.6,6,95,0.4273,0.4141,5,128,42,"[93, 27, 111, 114, 3, 0, 44, 94, 79, 11, 95, 69, 91, 32, 13, 64, 66, 87, 74, 76, 36, 37, 118, 28, 80, 8, 70, 7, 55, 38, 59, 119, 20, 17, 23, 16, 19, 22, 61, 2, 81, 18, 26, 83, 53, 34, 122, 107, 48, 4, 43, 41, 106, 72, 101, 124, 73, 51, 5, 63, 88, 35, 112, 89, 46, 30, 103, 15, 60, 52, 12, 97, 62, 115, 110, 57, 92, 98, 58, 126, 24, 86, 45, 84, 99, 109, 10, 42, 21, 104, 54, 78, 125, 40, 105, 96, 25, 121, 116, 108, 67, 29, 14, 6, 120, 127, 56, 65, 47, 9, 49, 123, 33, 77, 102, 75, 82, 39, 90, 85, 113, 68, 1, 31, 50, 100, 117, 71]"
Esc128,5900,158,483.45,5.6,6,95,0.4273,0.4141,5,128,42,"[93, 27, 111, 114, 3, 0, 44, 94, 79, 11, 95, 69, 91, 32, 13, 64, 66, 87, 74, 76, 36, 37, 118, 28, 80, 8, 70, 7, 55, 38, 59, 119, 20, 17, 23, 16, 19, 22, 61, 2, 81, 18, 26, 83, 53, 34, 122, 107, 48, 4, 43, 41, 106, 72, 101, 124, 73, 51, 5, 63, 88, 35, 112, 89, 46, 30, 103, 15, 60, 52, 12, 97, 62, 115, 110, 57, 92, 98, 58, 126, 24, 86, 45, 84, 99, 109, 10, 42, 21, 104, 54, 78, 125, 40, 105, 96, 25, 121, 116, 108, 67, 29, 14, 6, 120, 127, 56, 65, 47, 9, 49, 123, 33, 77, 102, 75, 82, 39, 90, 85, 113, 68, 1, 31, 50, 100, 117, 71]"
Esc128,6000,158,486.66,5.2,6,95,0.4273,0.4141,5,128,42,"[93, 27, 111, 114, 3, 0, 44, 94, 79, 11, 95, 69, 91, 32, 13, 64, 66, 87, 74, 76, 36, 37, 118, 28, 80, 8, 70, 7, 55, 38, 59, 119, 20, 17, 23, 16, 19, 22, 61, 2, 81, 18, 26, 83, 53, 34, 122, 107, 48, 4, 43, 41, 106, 72, 101, 124, 73, 51, 5, 63, 88, 35, 112, 89, 46, 30, 103, 15, 60, 52, 12, 97, 62, 115, 110, 57, 92, 98, 58, 126, 24, 86, 45, 84, 99, 109, 10, 42, 21, 104, 54, 78, 125, 40, 105, 96, 25, 121, 116, 108, 67, 29, 14, 6, 120, 127, 56, 65, 47, 9, 49, 123, 33, 77, 102, 75, 82, 39, 90, 85, 113, 68, 1, 31, 50, 100, 117, 71]"
Esc128,6100,140,490.4,5.2,6,95,0.4273,0.4141,5,128,42,"[52, 35, 119, 92, 3, 78, 102, 39, 49, 105, 90, 25, 61, 85, 100, 123, 95, 99, 11, 46, 5, 83, 115, 15, 1, 113, 103, 7, 4, 38, 53, 80, 20, 34, 16, 36, 41, 65, 27, 2, 108, 18, 22, 111, 17, 76, 32, 73, 6, 94, 72, 28, 104, 67, 82, 30, 43, 23, 51, 106, 88, 12, 86, 44, 77, 118, 81, 21, 14, 116, 122, 74, 62, 112, 110, 97, 114, 45, 58, 126, 56, 48, 107, 117, 64, 98, 10, 42, 31, 50, 57, 79, 26, 40, 60, 66, 121, 68, 19, 29, 87, 63, 8, 75, 124, 91, 89, 24, 9, 69, 37, 13, 33, 55, 93, 84, 109, 127, 71, 125, 0, 96, 54, 47, 101, 120, 59, 70]"
Esc128,6200,140,493.81,5.2,6,95,0.4273,0.4141,5,128,42,"[52, 35, 119, 92, 3, 78, 102, 39, 49, 105, 90, 25, 61, 85, 100, 123, 95, 99, 11, 46, 5, 83, 115, 15, 1, 113, 103, 7, 4, 38, 53, 80, 20, 34, 16, 36, 41, 65, 27, 2, 108, 18, 22, 111, 17, 76, 32, 73, 6, 94, 72, 28, 104, 67, 82, 30, 43, 23, 51, 106, 88, 12, 86, 44, 77, 118, 81, 21, 14, 116, 122, 74, 62, 112, 110, 97, 114, 45, 58, 126, 56, 48, 107, 117, 64, 98, 10, 42, 31, 50, 57, 79, 26, 40, 60, 66, 121, 68, 19, 29, 87, 63, 8, 75, 124, 91, 89, 24, 9, 69, 37, 13, 33, 55, 93, 84, 109, 127, 71, 125, 0, 96, 54, 47, 101, 120, 59, 70]"
Esc128,6300,136,496.52,5.21,6,95,0.4273,0.4141,5,128,42,"[41, 119, 115, 125, 3, 29, 63, 109, 65, 11, 90, 15, 26, 67, 5, 81, 47, 121, 56, 101, 112, 71, 99, 19, 6, 89, 77, 7, 30, 38, 36, 24, 20, 35, 16, 53, 113, 23, 96, 2, 28, 18, 22, 61, 105, 32, 44, 73, 75, 120, 72, 127, 104, 49, 68, 50, 43, 70, 103, 100, 80, 57, 102, 59, 60, 118, 87, 27, 14, 94, 122, 52, 78, 85, 110, 25, 62, 92, 58, 126, 74, 45, 107, 117, 124, 98, 10, 42, 95, 79, 13, 123, 69, 40, 64, 83, 116, 111, 82, 48, 88, 31, 91, 66, 0, 12, 54, 51, 114, 9, 37, 108, 33, 55, 21, 39, 17, 8, 4, 34, 106, 84, 86, 1, 76, 97, 46, 93]"
Esc128,6400,132,499.78,6.48,6,95,0.4273,0.4141,5,128,42,"[41, 119, 115, 125, 3, 66, 108, 98, 65, 101, 60, 15, 26, 87, 5, 81, 33, 121, 56, 6, 112, 71, 99, 19, 96, 89, 77, 7, 30, 38, 36, 24, 20, 35, 16, 53, 113, 70, 11, 2, 28, 18, 22, 68, 82, 32, 44, 73, 13, 120, 72, 27, 104, 49, 61, 75, 43, 124, 39, 107, 80, 57, 102, 59, 90, 118, 67, 127, 14, 78, 122, 1, 94, 85, 110, 25, 62, 63, 58, 126, 74, 45, 100, 12, 23, 109, 10, 42, 95, 79, 50, 123, 69, 40, 54, 83, 116, 111, 105, 48, 88, 31, 91, 29, 0, 117, 64, 51, 55, 9, 37, 103, 47, 114, 21, 92, 17, 8, 4, 34, 52, 84, 86, 106, 76, 97, 46, 93]"
Esc128,6500,114,502.8,6.48,6,95,0.4273,0.4141,5,128,42,"[67, 23, 85, 97, 3, 105, 108, 101, 75, 76, 34, 9, 26, 81, 80, 121, 77, 32, 71, 74, 41, 64, 99, 70, 93, 103, 60, 35, 15, 52, 0, 24, 20, 90, 16, 28, 19, 69, 100, 2, 95, 18, 22, 49, 82, 30, 44, 45, 51, 120, 65, 7, 72, 68, 114, 92, 11, 31, 39, 56, 87, 57, 12, 59, 73, 62, 111, 102, 106, 27, 110, 14, 94, 127, 122, 104, 118, 63, 58, 126, 8, 50, 124, 5, 66, 46, 10, 42, 53, 79, 36, 123, 112, 40, 37, 113, 83, 4, 54, 48, 115, 117, 91, 29, 89, 6, 55, 78, 61, 33, 109, 43, 47, 116, 21, 107, 96, 119, 13, 88, 98, 84, 86, 1, 38, 25, 125, 17]"
Esc128,6600,114,506.06,6.48,6,95,0.4273,0.4141,5,128,42,"[67, 23, 85, 97, 3, 105, 108, 101, 75, 76, 34, 9, 26, 81, 80, 121, 77, 32, 71, 74, 41, 64, 99, 70, 93, 103, 60, 35, 15, 52, 0, 24, 20, 90, 16, 28, 19, 69, 100, 2, 95, 18, 22, 49, 82, 30, 44, 45, 51, 120, 65, 7, 72, 68, 114, 92, 11, 31, 39, 56, 87, 57, 12, 59, 73, 62, 111, 102, 106, 27, 110, 14, 94, 127, 122, 104, 118, 63, 58, 126, 8, 50, 124, 5, 66, 46, 10, 42, 53, 79, 36, 123, 112, 40, 37, 113, 83, 4, 54, 48, 115, 117, 91, 29, 89, 6, 55, 78, 61, 33, 109, 43, 47, 116, 21, 107, 96, 119, 13, 88, 98, 84, 86, 1, 38, 25, 125, 17]"
Esc128,100,260,509.49,6.95,6,95,0.4273,0.4141,5,128,42,"[49, 91, 19, 92, 110, 95, 59, 45, 75, 82, 119, 72, 27, 88, 97, 79, 87, 106, 122, 76, 64, 38, 28, 32, 7, 99, 30, 44, 15, 9, 102, 3, 108, 74, 14, 22, 94, 23, 56, 84, 12, 70, 69, 73, 24, 29, 58, 63, 25, 35, 51, 21, 10, 86, 105, 103, 90, 123, 46, 104, 41, 96, 54, 42, 47, 53, 62, 31, 65, 50, 1, 93, 67, 26, 81, 66, 120, 39, 60, 117, 33, 61, 36, 100, 37, 2, 16, 18, 85, 124, 5, 121, 57, 40, 78, 8, 116, 80, 125, 77, 55, 0, 118, 83, 89, 113, 114, 112, 34, 20, 6, 109, 43, 101, 71, 68, 48, 98, 111, 115, 107, 127, 126, 52, 4, 11, 17, 13]"
Esc128,200,260,512.57,6.95,6,95,0.4273,0.4141,5,128,42,"[49, 91, 19, 92, 110, 95, 59, 45, 75, 82, 119, 72, 27, 88, 97, 79, 87, 106, 122, 76, 64, 38, 28, 32, 7, 99, 30, 44, 15, 9, 102, 3, 108, 74, 14, 22, 94, 23, 56, 84, 12, 70, 69, 73, 24, 29, 58, 63, 25, 35, 51, 21, 10, 86, 105, 103, 90, 123, 46, 104, 41, 96, 54, 42, 47, 53, 62, 31, 65, 50, 1, 93, 67, 26, 81, 66, 120, 39, 60, 117, 33, 61, 36, 100, 37, 2, 16, 18, 85, 124, 5, 121, 57, 40, 78, 8, 116, 80, 125, 77, 55, 0, 118, 83, 89, 113, 114, 112, 34, 20, 6, 109, 43, 101, 71, 68, 48, 98, 111, 115, 107, 127, 126, 52, 4, 11, 17, 13]"
Esc128,300,260,516.22,6.96,6,95,0.4273,0.4141,5,128,42,"[49, 91, 19, 92, 110, 95, 59, 45, 75, 82, 119, 72, 27, 88, 97, 79, 87, 106, 122, 76, 64, 38, 28, 32, 7, 99, 30, 44, 15, 9, 102, 3, 108, 74, 14, 22, 94, 23, 56, 84, 12, 70, 69, 73, 24, 29, 58, 63, 25, 35, 51, 21, 10, 86, 105, 103, 90, 123, 46, 104, 41, 96, 54, 42, 47, 53, 62, 31, 65, 50, 1, 93, 67, 26, 81, 66, 120, 39, 60, 117, 33, 61, 36, 100, 37, 2, 16, 18, 85, 124, 5, 121, 57, 40, 78, 8, 116, 80, 125, 77, 55, 0, 118, 83, 89, 113, 114, 112, 34, 20, 6, 109, 43, 101, 71, 68, 48, 98, 111, 115, 107, 127, 126, 52, 4, 11, 17, 13]"
Esc128,400,260,522.12,6.92,6,95,0.4273,0.4141,5,128,42,"[49, 91, 19, 92, 110, 95, 59, 45, 75, 82, 119, 72, 27, 88, 97, 79, 87, 106, 122, 76, 64, 38, 28, 32, 7, 99, 30, 44, 15, 9, 102, 3, 108, 74, 14, 22, 94, 23, 56, 84, 12, 70, 69, 73, 24, 29, 58, 63, 25, 35, 51, 21, 10, 86, 105, 103, 90, 123, 46, 104, 41, 96, 54, 42, 47, 53, 62, 31, 65, 50, 1, 93, 67, 26, 81, 66, 120, 39, 60, 117, 33, 61, 36, 100, 37, 2, 16, 18, 85, 124, 5, 121, 57, 40, 78, 8, 116, 80, 125, 77, 55, 0, 118, 83, 89, 113, 114, 112, 34, 20, 6, 109, 43, 101, 71, 68, 48, 98, 111, 115, 107, 127, 126, 52, 4, 11, 17, 13]"
Esc128,500,260,525.8,6.92,6,95,0.4273,0.4141,5,128,42,"[49, 91, 19, 92, 110, 95, 59, 45, 75, 82, 119, 72, 27, 88, 97, 79, 87, 106, 122, 76, 64, 38, 28, 32, 7, 99, 30, 44, 15, 9, 102, 3, 108, 74, 14, 22, 94, 23, 56, 84, 12, 70, 69, 73, 24, 29, 58, 63, 25, 35, 51, 21, 10, 86, 105, 103, 90, 123, 46, 104, 41, 96, 54, 42, 47, 53, 62, 31, 65, 50, 1, 93, 67, 26, 81, 66, 120, 39, 60, 117, 33, 61, 36, 100, 37, 2, 16, 18, 85, 124, 5, 121, 57, 40, 78, 8, 116, 80, 125, 77, 55, 0, 118, 83, 89, 113, 114, 112, 34, 20, 6, 109, 43, 101, 71, 68, 48, 98, 111, 115, 107, 127, 126, 52, 4, 11, 17, 13]"
Esc128,600,260,529.53,5.82,6,95,0.4273,0.4141,5,128,42,"[49, 91, 19, 92, 110, 95, 59, 45, 75, 82, 119, 72, 27, 88, 97, 79, 87, 106, 122, 76, 64, 38, 28, 32, 7, 99, 30, 44, 15, 9, 102, 3, 108, 74, 14, 22, 94, 23, 56, 84, 12, 70, 69, 73, 24, 29, 58, 63, 25, 35, 51, 21, 10, 86, 105, 103, 90, 123, 46, 104, 41, 96, 54, 42, 47, 53, 62, 31, 65, 50, 1, 93, 67, 26, 81, 66, 120, 39, 60, 117, 33, 61, 36, 100, 37, 2, 16, 18, 85, 124, 5, 121, 57, 40, 78, 8, 116, 80, 125, 77, 55, 0, 118, 83, 89, 113, 114, 112, 34, 20, 6, 109, 43, 101, 71, 68, 48, 98, 111, 115, 107, 127, 126, 52, 4, 11, 17, 13]"
Esc128,700,260,532.92,5.29,6,95,0.4273,0.4141,5,128,42,"[49, 91, 19, 92, 110, 95, 59, 45, 75, 82, 119, 72, 27, 88, 97, 79, 87, 106, 122, 76, 64, 38, 28, 32, 7, 99, 30, 44, 15, 9, 102, 3, 108, 74, 14, 22, 94, 23, 56, 84, 12, 70, 69, 73, 24, 29, 58, 63, 25, 35, 51, 21, 10, 86, 105, 103, 90, 123, 46, 104, 41, 96, 54, 42, 47, 53, 62, 31, 65, 50, 1, 93, 67, 26, 81, 66, 120, 39, 60, 117, 33, 61, 36, 100, 37, 2, 16, 18, 85, 124, 5, 121, 57, 40, 78, 8, 116, 80, 125, 77, 55, 0, 118, 83, 89, 113, 114, 112, 34, 20, 6, 109, 43, 101, 71, 68, 48, 98, 111, 115, 107, 127, 126, 52, 4, 11, 17, 13]"
Esc128,800,260,536.07,5.29,6,95,0.4273,0.4141,5,128,42,"[49, 91, 19, 92, 110, 95, 59, 45, 75, 82, 119, 72, 27, 88, 97, 79, 87, 106, 122, 76, 64, 38, 28, 32, 7, 99, 30, 44, 15, 9, 102, 3, 108, 74, 14, 22, 94, 23, 56, 84, 12, 70, 69, 73, 24, 29, 58, 63, 25, 35, 51, 21, 10, 86, 105, 103, 90, 123, 46, 104, 41, 96, 54, 42, 47, 53, 62, 31, 65, 50, 1, 93, 67, 26, 81, 66, 120, 39, 60, 117, 33, 61, 36, 100, 37, 2, 16, 18, 85, 124, 5, 121, 57, 40, 78, 8, 116, 80, 125, 77, 55, 0, 118, 83, 89, 113, 114, 112, 34, 20, 6, 109, 43, 101, 71, 68, 48, 98, 111, 115, 107, 127, 126, 52, 4, 11, 17, 13]"
Esc128,900,260,539.43,5.29,6,95,0.4273,0.4141,5,128,42,"[49, 91, 19, 92, 110, 95, 59, 45, 75, 82, 119, 72, 27, 88, 97, 79, 87, 106, 122, 76, 64, 38, 28, 32, 7, 99, 30, 44, 15, 9, 102, 3, 108, 74, 14, 22, 94, 23, 56, 84, 12, 70, 69, 73, 24, 29, 58, 63, 25, 35, 51, 21, 10, 86, 105, 103, 90, 123, 46, 104, 41, 96, 54, 42, 47, 53, 62, 31, 65, 50, 1, 93, 67, 26, 81, 66, 120, 39, 60, 117, 33, 61, 36, 100, 37, 2, 16, 18, 85, 124, 5, 121, 57, 40, 78, 8, 116, 80, 125, 77, 55, 0, 118, 83, 89, 113, 114, 112, 34, 20, 6, 109, 43, 101, 71, 68, 48, 98, 111, 115, 107, 127, 126, 52, 4, 11, 17, 13]"
Esc128,1000,238,542.54,5.3,6,95,0.4273,0.4141,5,128,42,"[68, 12, 69, 119, 85, 59, 87, 44, 22, 80, 61, 76, 31, 70, 103, 116, 113, 24, 51, 23, 49, 120, 124, 19, 30, 104, 11, 81, 56, 18, 105, 28, 122, 90, 86, 114, 0, 121, 126, 9, 65, 58, 89, 47, 6, 63, 95, 115, 64, 98, 57, 36, 21, 106, 111, 4, 20, 102, 97, 48, 42, 53, 67, 17, 127, 39, 108, 83, 96, 109, 1, 74, 38, 82, 50, 40, 34, 15, 3, 33, 72, 107, 93, 77, 43, 29, 94, 37, 16, 88, 91, 10, 41, 118, 25, 112, 54, 100, 101, 35, 110, 66, 123, 45, 46, 8, 75, 55, 84, 2, 78, 5, 62, 14, 99, 27, 7, 32, 13, 73, 60, 79, 92, 117, 125, 71, 26, 52]"
Esc128,1100,238,545.52,5.3,6,95,0.4273,0.4141,5,128,42,"[68, 12, 69, 119, 85, 59, 87, 44, 22, 80, 61, 76, 31, 70, 103, 116, 113, 24, 51, 23, 49, 120, 124, 19, 30, 104, 11, 81, 56, 18, 105, 28, 122, 90, 86, 114, 0, 121, 126, 9, 65, 58, 89, 47, 6, 63, 95, 115, 64, 98, 57, 36, 21, 106, 111, 4, 20, 102, 97, 48, 42, 53, 67, 17, 127, 39, 108, 83, 96, 109, 1, 74, 38, 82, 50, 40, 34, 15, 3, 33, 72, 107, 93, 77, 43, 29, 94, 37, 16, 88, 91, 10, 41, 118, 25, 112, 54, 100, 101, 35, 110, 66, 123, 45, 46, 8, 75, 55, 84, 2, 78, 5, 62, 14, 99, 27, 7, 32, 13, 73, 60, 79, 92, 117, 125, 71, 26, 52]"
Esc128,1200,238,549.22,5.3,6,95,0.4273,0.4141,5,128,42,"[68, 12, 69, 119, 85, 59, 87, 44, 22, 80, 61, 76, 31, 70, 103, 116, 113, 24, 51, 23, 49, 120, 124, 19, 30, 104, 11, 81, 56, 18, 105, 28, 122, 90, 86, 114, 0, 121, 126, 9, 65, 58, 89, 47, 6, 63, 95, 115, 64, 98, 57, 36, 21, 106, 111, 4, 20, 102, 97, 48, 42, 53, 67, 17, 127, 39, 108, 83, 96, 109, 1, 74, 38, 82, 50, 40, 34, 15, 3, 33, 72, 107, 93, 77, 43, 29, 94, 37, 16, 88, 91, 10, 41, 118, 25, 112, 54, 100, 101, 35, 110, 66, 123, 45, 46, 8, 75, 55, 84, 2, 78, 5, 62, 14, 99, 27, 7, 32, 13, 73, 60, 79, 92, 117, 125, 71, 26, 52]"
Esc128,1300,238,552.06,5.3,6,95,0.4273,0.4141,5,128,42,"[68, 12, 69, 119, 85, 59, 87, 44, 22, 80, 61, 76, 31, 70, 103, 116, 113, 24, 51, 23, 49, 120, 124, 19, 30, 104, 11, 81, 56, 18, 105, 28, 122, 90, 86, 114, 0, 121, 126, 9, 65, 58, 89, 47, 6, 63, 95, 115, 64, 98, 57, 36, 21, 106, 111, 4, 20, 102, 97, 48, 42, 53, 67, 17, 127, 39, 108, 83, 96, 109, 1, 74, 38, 82, 50, 40, 34, 15, 3, 33, 72, 107, 93, 77, 43, 29, 94, 37, 16, 88, 91, 10, 41, 118, 25, 112, 54, 100, 101, 35, 110, 66, 123, 45, 46, 8, 75, 55, 84, 2, 78, 5, 62, 14, 99, 27, 7, 32, 13, 73, 60, 79, 92, 117, 125, 71, 26, 52]"
Esc128,1400,238,554.61,5.3,6,95,0.4273,0.4141,5,128,42,"[68, 12, 69, 119, 85, 59, 87, 44, 22, 80, 61, 76, 31, 70, 103, 116, 113, 24, 51, 23, 49, 120, 124, 19, 30, 104, 11, 81, 56, 18, 105, 28, 122, 90, 86, 114, 0, 121, 126, 9, 65, 58, 89, 47, 6, 63, 95, 115, 64, 98, 57, 36, 21, 106, 111, 4, 20, 102, 97, 48, 42, 53, 67, 17, 127, 39, 108, 83, 96, 109, 1, 74, 38, 82, 50, 40, 34, 15, 3, 33, 72, 107, 93, 77, 43, 29, 94, 37, 16, 88, 91, 10, 41, 118, 25, 112, 54, 100, 101, 35, 110, 66, 123, 45, 46, 8, 75, 55, 84, 2, 78, 5, 62, 14, 99, 27, 7, 32, 13, 73, 60, 79, 92, 117, 125, 71, 26, 52]"
Esc128,1500,238,557.13,5.3,6,95,0.4273,0.4141,5,128,42,"[68, 12, 69, 119, 85, 59, 87, 44, 22, 80, 61, 76, 31, 70, 103, 116, 113, 24, 51, 23, 49, 120, 124, 19, 30, 104, 11, 81, 56, 18, 105, 28, 122, 90, 86, 114, 0, 121, 126, 9, 65, 58, 89, 47, 6, 63, 95, 115, 64, 98, 57, 36, 21, 106, 111, 4, 20, 102, 97, 48, 42, 53, 67, 17, 127, 39, 108, 83, 96, 109, 1, 74, 38, 82, 50, 40, 34, 15, 3, 33, 72, 107, 93, 77, 43, 29, 94, 37, 16, 88, 91, 10, 41, 118, 25, 112, 54, 100, 101, 35, 110, 66, 123, 45, 46, 8, 75, 55, 84, 2, 78, 5, 62, 14, 99, 27, 7, 32, 13, 73, 60, 79, 92, 117, 125, 71, 26, 52]"
Esc128,1600,238,559.63,5.3,6,95,0.4273,0.4141,5,128,42,"[68, 12, 69, 119, 85, 59, 87, 44, 22, 80, 61, 76, 31, 70, 103, 116, 113, 24, 51, 23, 49, 120, 124, 19, 30, 104, 11, 81, 56, 18, 105, 28, 122, 90, 86, 114, 0, 121, 126, 9, 65, 58, 89, 47, 6, 63, 95, 115, 64, 98, 57, 36, 21, 106, 111, 4, 20, 102, 97, 48, 42, 53, 67, 17, 127, 39, 108, 83, 96, 109, 1, 74, 38, 82, 50, 40, 34, 15, 3, 33, 72, 107, 93, 77, 43, 29, 94, 37, 16, 88, 91, 10, 41, 118, 25, 112, 54, 100, 101, 35, 110, 66, 123, 45, 46, 8, 75, 55, 84, 2, 78, 5, 62, 14, 99, 27, 7, 32, 13, 73, 60, 79, 92, 117, 125, 71, 26, 52]"
Esc128,1700,238,562.26,5.3,6,95,0.4273,0.4141,5,128,42,"[68, 12, 69, 119, 85, 59, 87, 44, 22, 80, 61, 76, 31, 70, 103, 116, 113, 24, 51, 23, 49, 120, 124, 19, 30, 104, 11, 81, 56, 18, 105, 28, 122, 90, 86, 114, 0, 121, 126, 9, 65, 58, 89, 47, 6, 63, 95, 115, 64, 98, 57, 36, 21, 106, 111, 4, 20, 102, 97, 48, 42, 53, 67, 17, 127, 39, 108, 83, 96, 109, 1, 74, 38, 82, 50, 40, 34, 15, 3, 33, 72, 107, 93, 77, 43, 29, 94, 37, 16, 88, 91, 10, 41, 118, 25, 112, 54, 100, 101, 35, 110, 66, 123, 45, 46, 8, 75, 55, 84, 2, 78, 5, 62, 14, 99, 27, 7, 32, 13, 73, 60, 79, 92, 117, 125, 71, 26, 52]"
Esc128,1800,238,564.76,5.3,6,95,0.4273,0.4141,5,128,42,"[68, 12, 69, 119, 85, 59, 87, 44, 22, 80, 61, 76, 31, 70, 103, 116, 113, 24, 51, 23, 49, 120, 124, 19, 30, 104, 11, 81, 56, 18, 105, 28, 122, 90, 86, 114, 0, 121, 126, 9, 65, 58, 89, 47, 6, 63, 95, 115, 64, 98, 57, 36, 21, 106, 111, 4, 20, 102, 97, 48, 42, 53, 67, 17, 127, 39, 108, 83, 96, 109, 1, 74, 38, 82, 50, 40, 34, 15, 3, 33, 72, 107, 93, 77, 43, 29, 94, 37, 16, 88, 91, 10, 41, 118, 25, 112, 54, 100, 101, 35, 110, 66, 123, 45, 46, 8, 75, 55, 84, 2, 78, 5, 62, 14, 99, 27, 7, 32, 13, 73, 60, 79, 92, 117, 125, 71, 26, 52]"
Esc128,1900,238,567.4,5.3,6,95,0.4273,0.4141,5,128,42,"[68, 12, 69, 119, 85, 59, 87, 44, 22, 80, 61, 76, 31, 70, 103, 116, 113, 24, 51, 23, 49, 120, 124, 19, 30, 104, 11, 81, 56, 18, 105, 28, 122, 90, 86, 114, 0, 121, 126, 9, 65, 58, 89, 47, 6, 63, 95, 115, 64, 98, 57, 36, 21, 106, 111, 4, 20, 102, 97, 48, 42, 53, 67, 17, 127, 39, 108, 83, 96, 109, 1, 74, 38, 82, 50, 40, 34, 15, 3, 33, 72, 107, 93, 77, 43, 29, 94, 37, 16, 88, 91, 10, 41, 118, 25, 112, 54, 100, 101, 35, 110, 66, 123, 45, 46, 8, 75, 55, 84, 2, 78, 5, 62, 14, 99, 27, 7, 32, 13, 73, 60, 79, 92, 117, 125, 71, 26, 52]"
Esc128,2000,238,571.03,5.3,6,95,0.4273,0.4141,5,128,42,"[68, 12, 69, 119, 85, 59, 87, 44, 22, 80, 61, 76, 31, 70, 103, 116, 113, 24, 51, 23, 49, 120, 124, 19, 30, 104, 11, 81, 56, 18, 105, 28, 122, 90, 86, 114, 0, 121, 126, 9, 65, 58, 89, 47, 6, 63, 95, 115, 64, 98, 57, 36, 21, 106, 111, 4, 20, 102, 97, 48, 42, 53, 67, 17, 127, 39, 108, 83, 96, 109, 1, 74, 38, 82, 50, 40, 34, 15, 3, 33, 72, 107, 93, 77, 43, 29, 94, 37, 16, 88, 91, 10, 41, 118, 25, 112, 54, 100, 101, 35, 110, 66, 123, 45, 46, 8, 75, 55, 84, 2, 78, 5, 62, 14, 99, 27, 7, 32, 13, 73, 60, 79, 92, 117, 125, 71, 26, 52]"
Esc128,2100,238,573.75,5.3,6,95,0.4273,0.4141,5,128,42,"[68, 12, 69, 119, 85, 59, 87, 44, 22, 80, 61, 76, 31, 70, 103, 116, 113, 24, 51, 23, 49, 120, 124, 19, 30, 104, 11, 81, 56, 18, 105, 28, 122, 90, 86, 114, 0, 121, 126, 9, 65, 58, 89, 47, 6, 63, 95, 115, 64, 98, 57, 36, 21, 106, 111, 4, 20, 102, 97, 48, 42, 53, 67, 17, 127, 39, 108, 83, 96, 109, 1, 74, 38, 82, 50, 40, 34, 15, 3, 33, 72, 107, 93, 77, 43, 29, 94, 37, 16, 88, 91, 10, 41, 118, 25, 112, 54, 100, 101, 35, 110, 66, 123, 45, 46, 8, 75, 55, 84, 2, 78, 5, 62, 14, 99, 27, 7, 32, 13, 73, 60, 79, 92, 117, 125, 71, 26, 52]"
Esc128,2200,238,576.24,5.3,6,95,0.4273,0.4141,5,128,42,"[68, 12, 69, 119, 85, 59, 87, 44, 22, 80, 61, 76, 31, 70, 103, 116, 113, 24, 51, 23, 49, 120, 124, 19, 30, 104, 11, 81, 56, 18, 105, 28, 122, 90, 86, 114, 0, 121, 126, 9, 65, 58, 89, 47, 6, 63, 95, 115, 64, 98, 57, 36, 21, 106, 111, 4, 20, 102, 97, 48, 42, 53, 67, 17, 127, 39, 108, 83, 96, 109, 1, 74, 38, 82, 50, 40, 34, 15, 3, 33, 72, 107, 93, 77, 43, 29, 94, 37, 16, 88, 91, 10, 41, 118, 25, 112, 54, 100, 101, 35, 110, 66, 123, 45, 46, 8, 75, 55, 84, 2, 78, 5, 62, 14, 99, 27, 7, 32, 13, 73, 60, 79, 92, 117, 125, 71, 26, 52]"
Esc128,2300,238,578.58,6.51,6,95,0.4273,0.4141,5,128,42,"[68, 12, 69, 119, 85, 59, 87, 44, 22, 80, 61, 76, 31, 70, 103, 116, 113, 24, 51, 23, 49, 120, 124, 19, 30, 104, 11, 81, 56, 18, 105, 28, 122, 90, 86, 114, 0, 121, 126, 9, 65, 58, 89, 47, 6, 63, 95, 115, 64, 98, 57, 36, 21, 106, 111, 4, 20, 102, 97, 48, 42, 53, 67, 17, 127, 39, 108, 83, 96, 109, 1, 74, 38, 82, 50, 40, 34, 15, 3, 33, 72, 107, 93, 77, 43, 29, 94, 37, 16, 88, 91, 10, 41, 118, 25, 112, 54, 100, 101, 35, 110, 66, 123, 45, 46, 8, 75, 55, 84, 2, 78, 5, 62, 14, 99, 27, 7, 32, 13, 73, 60, 79, 92, 117, 125, 71, 26, 52]"
Esc128,2400,238,580.97,6.51,6,95,0.4273,0.4141,5,128,42,"[68, 12, 69, 119, 85, 59, 87, 44, 22, 80, 61, 76, 31, 70, 103, 116, 113, 24, 51, 23, 49, 120, 124, 19, 30, 104, 11, 81, 56, 18, 105, 28, 122, 90, 86, 114, 0, 121, 126, 9, 65, 58, 89, 47, 6, 63, 95, 115, 64, 98, 57, 36, 21, 106, 111, 4, 20, 102, 97, 48, 42, 53, 67, 17, 127, 39, 108, 83, 96, 109, 1, 74, 38, 82, 50, 40, 34, 15, 3, 33, 72, 107, 93, 77, 43, 29, 94, 37, 16, 88, 91, 10, 41, 118, 25, 112, 54, 100, 101, 35, 110, 66, 123, 45, 46, 8, 75, 55, 84, 2, 78, 5, 62, 14, 99, 27, 7, 32, 13, 73, 60, 79, 92, 117, 125, 71, 26, 52]"
Esc128,2500,238,583.47,6.51,6,95,0.4273,0.4141,5,128,42,"[68, 12, 69, 119, 85, 59, 87, 44, 22, 80, 61, 76, 31, 70, 103, 116, 113, 24, 51, 23, 49, 120, 124, 19, 30, 104, 11, 81, 56, 18, 105, 28, 122, 90, 86, 114, 0, 121, 126, 9, 65, 58, 89, 47, 6, 63, 95, 115, 64, 98, 57, 36, 21, 106, 111, 4, 20, 102, 97, 48, 42, 53, 67, 17, 127, 39, 108, 83, 96, 109, 1, 74, 38, 82, 50, 40, 34, 15, 3, 33, 72, 107, 93, 77, 43, 29, 94, 37, 16, 88, 91, 10, 41, 118, 25, 112, 54, 100, 101, 35, 110, 66, 123, 45, 46, 8, 75, 55, 84, 2, 78, 5, 62, 14, 99, 27, 7, 32, 13, 73, 60, 79, 92, 117, 125, 71, 26, 52]"
Esc128,2600,238,585.94,6.52,6,95,0.4273,0.4141,5,128,42,"[68, 12, 69, 119, 85, 59, 87, 44, 22, 80, 61, 76, 31, 70, 103, 116, 113, 24, 51, 23, 49, 120, 124, 19, 30, 104, 11, 81, 56, 18, 105, 28, 122, 90, 86, 114, 0, 121, 126, 9, 65, 58, 89, 47, 6, 63, 95, 115, 64, 98, 57, 36, 21, 106, 111, 4, 20, 102, 97, 48, 42, 53, 67, 17, 127, 39, 108, 83, 96, 109, 1, 74, 38, 82, 50, 40, 34, 15, 3, 33, 72, 107, 93, 77, 43, 29, 94, 37, 16, 88, 91, 10, 41, 118, 25, 112, 54, 100, 101, 35, 110, 66, 123, 45, 46, 8, 75, 55, 84, 2, 78, 5, 62, 14, 99, 27, 7, 32, 13, 73, 60, 79, 92, 117, 125, 71, 26, 52]"
Esc128,2700,238,588.39,6.52,6,95,0.4273,0.4141,5,128,42,"[68, 12, 69, 119, 85, 59, 87, 44, 22, 80, 61, 76, 31, 70, 103, 116, 113, 24, 51, 23, 49, 120, 124, 19, 30, 104, 11, 81, 56, 18, 105, 28, 122, 90, 86, 114, 0, 121, 126, 9, 65, 58, 89, 47, 6, 63, 95, 115, 64, 98, 57, 36, 21, 106, 111, 4, 20, 102, 97, 48, 42, 53, 67, 17, 127, 39, 108, 83, 96, 109, 1, 74, 38, 82, 50, 40, 34, 15, 3, 33, 72, 107, 93, 77, 43, 29, 94, 37, 16, 88, 91, 10, 41, 118, 25, 112, 54, 100, 101, 35, 110, 66, 123, 45, 46, 8, 75, 55, 84, 2, 78, 5, 62, 14, 99, 27, 7, 32, 13, 73, 60, 79, 92, 117, 125, 71, 26, 52]"
Esc128,2800,238,590.92,6.52,6,95,0.4273,0.4141,5,128,42,"[68, 12, 69, 119, 85, 59, 87, 44, 22, 80, 61, 76, 31, 70, 103, 116, 113, 24, 51, 23, 49, 120, 124, 19, 30, 104, 11, 81, 56, 18, 105, 28, 122, 90, 86, 114, 0, 121, 126, 9, 65, 58, 89, 47, 6, 63, 95, 115, 64, 98, 57, 36, 21, 106, 111, 4, 20, 102, 97, 48, 42, 53, 67, 17, 127, 39, 108, 83, 96, 109, 1, 74, 38, 82, 50, 40, 34, 15, 3, 33, 72, 107, 93, 77, 43, 29, 94, 37, 16, 88, 91, 10, 41, 118, 25, 112, 54, 100, 101, 35, 110, 66, 123, 45, 46, 8, 75, 55, 84, 2, 78, 5, 62, 14, 99, 27, 7, 32, 13, 73, 60, 79, 92, 117, 125, 71, 26, 52]"
Esc128,2900,238,593.67,6.53,6,95,0.4273,0.4141,5,128,42,"[68, 12, 69, 119, 85, 59, 87, 44, 22, 80, 61, 76, 31, 70, 103, 116, 113, 24, 51, 23, 49, 120, 124, 19, 30, 104, 11, 81, 56, 18, 105, 28, 122, 90, 86, 114, 0, 121, 126, 9, 65, 58, 89, 47, 6, 63, 95, 115, 64, 98, 57, 36, 21, 106, 111, 4, 20, 102, 97, 48, 42, 53, 67, 17, 127, 39, 108, 83, 96, 109, 1, 74, 38, 82, 50, 40, 34, 15, 3, 33, 72, 107, 93, 77, 43, 29, 94, 37, 16, 88, 91, 10, 41, 118, 25, 112, 54, 100, 101, 35, 110, 66, 123, 45, 46, 8, 75, 55, 84, 2, 78, 5, 62, 14, 99, 27, 7, 32, 13, 73, 60, 79, 92, 117, 125, 71, 26, 52]"
Esc128,3000,238,596.65,6.17,6,95,0.4273,0.4141,5,128,42,"[68, 12, 69, 119, 85, 59, 87, 44, 22, 80, 61, 76, 31, 70, 103, 116, 113, 24, 51, 23, 49, 120, 124, 19, 30, 104, 11, 81, 56, 18, 105, 28, 122, 90, 86, 114, 0, 121, 126, 9, 65, 58, 89, 47, 6, 63, 95, 115, 64, 98, 57, 36, 21, 106, 111, 4, 20, 102, 97, 48, 42, 53, 67, 17, 127, 39, 108, 83, 96, 109, 1, 74, 38, 82, 50, 40, 34, 15, 3, 33, 72, 107, 93, 77, 43, 29, 94, 37, 16, 88, 91, 10, 41, 118, 25, 112, 54, 100, 101, 35, 110, 66, 123, 45, 46, 8, 75, 55, 84, 2, 78, 5, 62, 14, 99, 27, 7, 32, 13, 73, 60, 79, 92, 117, 125, 71, 26, 52]"
Esc128,3100,238,599.2,6.17,6,95,0.4273,0.4141,5,128,42,"[68, 12, 69, 119, 85, 59, 87, 44, 22, 80, 61, 76, 31, 70, 103, 116, 113, 24, 51, 23, 49, 120, 124, 19, 30, 104, 11, 81, 56, 18, 105, 28, 122, 90, 86, 114, 0, 121, 126, 9, 65, 58, 89, 47, 6, 63, 95, 115, 64, 98, 57, 36, 21, 106, 111, 4, 20, 102, 97, 48, 42, 53, 67, 17, 127, 39, 108, 83, 96, 109, 1, 74, 38, 82, 50, 40, 34, 15, 3, 33, 72, 107, 93, 77, 43, 29, 94, 37, 16, 88, 91, 10, 41, 118, 25, 112, 54, 100, 101, 35, 110, 66, 123, 45, 46, 8, 75, 55, 84, 2, 78, 5, 62, 14, 99, 27, 7, 32, 13, 73, 60, 79, 92, 117, 125, 71, 26, 52]"
